Copyright 1986-2019 Xilinx, Inc. All Rights Reserved.
--------------------------------------------------------------------------------------------------------------------------------------------------------------------------------------------
| Tool Version : Vivado v.2019.2 (win64) Build 2708876 Wed Nov  6 21:40:23 MST 2019
| Date         : Thu May 15 21:59:18 2025
| Host         : LAPTOP-2G409SCH running 64-bit major release  (build 9200)
| Command      : report_timing_summary -max_paths 10 -file soc_top_timing_summary_routed.rpt -pb soc_top_timing_summary_routed.pb -rpx soc_top_timing_summary_routed.rpx -warn_on_violation
| Design       : soc_top
| Device       : 7a200t-fbg676
| Speed File   : -1  PRODUCTION 1.23 2018-06-13
--------------------------------------------------------------------------------------------------------------------------------------------------------------------------------------------

Timing Summary Report

------------------------------------------------------------------------------------------------
| Timer Settings
| --------------
------------------------------------------------------------------------------------------------

  Enable Multi Corner Analysis               :  Yes
  Enable Pessimism Removal                   :  Yes
  Pessimism Removal Resolution               :  Nearest Common Node
  Enable Input Delay Default Clock           :  No
  Enable Preset / Clear Arcs                 :  No
  Disable Flight Delays                      :  No
  Ignore I/O Paths                           :  No
  Timing Early Launch at Borrowing Latches   :  No
  Borrow Time for Max Delay Exceptions       :  Yes
  Merge Timing Exceptions                    :  Yes

  Corner  Analyze    Analyze    
  Name    Max Paths  Min Paths  
  ------  ---------  ---------  
  Slow    Yes        Yes        
  Fast    Yes        Yes        



check_timing report

Table of Contents
-----------------
1. checking no_clock
2. checking constant_clock
3. checking pulse_width_clock
4. checking unconstrained_internal_endpoints
5. checking no_input_delay
6. checking no_output_delay
7. checking multiple_clock
8. checking generated_clocks
9. checking loops
10. checking partial_input_delay
11. checking partial_output_delay
12. checking latch_loops

1. checking no_clock
--------------------
 There are 32 register/latch pins with no clock driven by root clock pin: u_axi_ram/u_axi_sram_sp/FSM_sequential_state_q_reg[0]/Q (HIGH)

 There are 32 register/latch pins with no clock driven by root clock pin: u_axi_ram/u_axi_sram_sp/FSM_sequential_state_q_reg[1]/Q (HIGH)

 There are 32 register/latch pins with no clock driven by root clock pin: u_axi_ram/u_axi_sram_sp/FSM_sequential_state_q_reg[2]/Q (HIGH)


2. checking constant_clock
--------------------------
 There are 0 register/latch pins with constant_clock.


3. checking pulse_width_clock
-----------------------------
 There are 0 register/latch pins which need pulse_width check


4. checking unconstrained_internal_endpoints
--------------------------------------------
 There are 32 pins that are not constrained for maximum delay. (HIGH)

 There are 0 pins that are not constrained for maximum delay due to constant clock.


5. checking no_input_delay
--------------------------
 There are 34 input ports with no input delay specified. (HIGH)

 There are 0 input ports with no input delay but user has a false path constraint.


6. checking no_output_delay
---------------------------
 There are 34 ports with no output delay specified. (HIGH)

 There are 0 ports with no output delay but user has a false path constraint

 There are 0 ports with no output delay but with a timing clock defined on it or propagating through it


7. checking multiple_clock
--------------------------
 There are 0 register/latch pins with multiple clocks.


8. checking generated_clocks
----------------------------
 There are 0 generated clocks that are not connected to a clock source.


9. checking loops
-----------------
 There are 0 combinational loops in the design.


10. checking partial_input_delay
--------------------------------
 There are 0 input ports with partial input delay specified.


11. checking partial_output_delay
---------------------------------
 There are 0 ports with partial output delay specified.


12. checking latch_loops
------------------------
 There are 0 combinational latch loops in the design through latch input



------------------------------------------------------------------------------------------------
| Design Timing Summary
| ---------------------
------------------------------------------------------------------------------------------------

    WNS(ns)      TNS(ns)  TNS Failing Endpoints  TNS Total Endpoints      WHS(ns)      THS(ns)  THS Failing Endpoints  THS Total Endpoints     WPWS(ns)     TPWS(ns)  TPWS Failing Endpoints  TPWS Total Endpoints  
    -------      -------  ---------------------  -------------------      -------      -------  ---------------------  -------------------     --------     --------  ----------------------  --------------------  
      0.149        0.000                      0                20375        0.024        0.000                      0                20375        7.000        0.000                       0                  7609  


All user specified timing constraints are met.


------------------------------------------------------------------------------------------------
| Clock Summary
| -------------
------------------------------------------------------------------------------------------------

Clock               Waveform(ns)       Period(ns)      Frequency(MHz)
-----               ------------       ----------      --------------
clk                 {0.000 10.000}     20.000          50.000          
  clkfbout_clk_pll  {0.000 10.000}     20.000          50.000          
  cpu_clk           {0.000 15.161}     30.323          32.979          
  sys_clk           {0.000 10.000}     20.000          50.000          


------------------------------------------------------------------------------------------------
| Intra Clock Table
| -----------------
------------------------------------------------------------------------------------------------

Clock                   WNS(ns)      TNS(ns)  TNS Failing Endpoints  TNS Total Endpoints      WHS(ns)      THS(ns)  THS Failing Endpoints  THS Total Endpoints     WPWS(ns)     TPWS(ns)  TPWS Failing Endpoints  TPWS Total Endpoints  
-----                   -------      -------  ---------------------  -------------------      -------      -------  ---------------------  -------------------     --------     --------  ----------------------  --------------------  
clk                                                                                                                                                                   7.000        0.000                       0                     1  
  clkfbout_clk_pll                                                                                                                                                   17.845        0.000                       0                     3  
  cpu_clk                 1.546        0.000                      0                17209        0.049        0.000                      0                17209       13.911        0.000                       0                  6482  
  sys_clk                 0.149        0.000                      0                 2878        0.024        0.000                      0                 2878        8.750        0.000                       0                  1123  


------------------------------------------------------------------------------------------------
| Inter Clock Table
| -----------------
------------------------------------------------------------------------------------------------

From Clock    To Clock          WNS(ns)      TNS(ns)  TNS Failing Endpoints  TNS Total Endpoints      WHS(ns)      THS(ns)  THS Failing Endpoints  THS Total Endpoints  
----------    --------          -------      -------  ---------------------  -------------------      -------      -------  ---------------------  -------------------  


------------------------------------------------------------------------------------------------
| Other Path Groups Table
| -----------------------
------------------------------------------------------------------------------------------------

Path Group         From Clock         To Clock               WNS(ns)      TNS(ns)  TNS Failing Endpoints  TNS Total Endpoints      WHS(ns)      THS(ns)  THS Failing Endpoints  THS Total Endpoints  
----------         ----------         --------               -------      -------  ---------------------  -------------------      -------      -------  ---------------------  -------------------  
**async_default**  cpu_clk            cpu_clk                 26.326        0.000                      0                   67        0.766        0.000                      0                   67  
**async_default**  sys_clk            sys_clk                 10.809        0.000                      0                  221        0.816        0.000                      0                  221  


------------------------------------------------------------------------------------------------
| Timing Details
| --------------
------------------------------------------------------------------------------------------------


---------------------------------------------------------------------------------------------------
From Clock:  clk
  To Clock:  clk

Setup :           NA  Failing Endpoints,  Worst Slack           NA  ,  Total Violation           NA
Hold  :           NA  Failing Endpoints,  Worst Slack           NA  ,  Total Violation           NA
PW    :            0  Failing Endpoints,  Worst Slack        7.000ns,  Total Violation        0.000ns
---------------------------------------------------------------------------------------------------


Pulse Width Checks
--------------------------------------------------------------------------------------
Clock Name:         clk
Waveform(ns):       { 0.000 10.000 }
Period(ns):         20.000
Sources:            { clk }

Check Type        Corner  Lib Pin           Reference Pin  Required(ns)  Actual(ns)  Slack(ns)  Location        Pin
Min Period        n/a     PLLE2_ADV/CLKIN1  n/a            1.249         20.000      18.751     PLLE2_ADV_X0Y3  pll_clk.u_clk_pll/inst/plle2_adv_inst/CLKIN1
Max Period        n/a     PLLE2_ADV/CLKIN1  n/a            52.633        20.000      32.633     PLLE2_ADV_X0Y3  pll_clk.u_clk_pll/inst/plle2_adv_inst/CLKIN1
Low Pulse Width   Slow    PLLE2_ADV/CLKIN1  n/a            3.000         10.000      7.000      PLLE2_ADV_X0Y3  pll_clk.u_clk_pll/inst/plle2_adv_inst/CLKIN1
Low Pulse Width   Fast    PLLE2_ADV/CLKIN1  n/a            3.000         10.000      7.000      PLLE2_ADV_X0Y3  pll_clk.u_clk_pll/inst/plle2_adv_inst/CLKIN1
High Pulse Width  Fast    PLLE2_ADV/CLKIN1  n/a            3.000         10.000      7.000      PLLE2_ADV_X0Y3  pll_clk.u_clk_pll/inst/plle2_adv_inst/CLKIN1
High Pulse Width  Slow    PLLE2_ADV/CLKIN1  n/a            3.000         10.000      7.000      PLLE2_ADV_X0Y3  pll_clk.u_clk_pll/inst/plle2_adv_inst/CLKIN1



---------------------------------------------------------------------------------------------------
From Clock:  clkfbout_clk_pll
  To Clock:  clkfbout_clk_pll

Setup :           NA  Failing Endpoints,  Worst Slack           NA  ,  Total Violation           NA
Hold  :           NA  Failing Endpoints,  Worst Slack           NA  ,  Total Violation           NA
PW    :            0  Failing Endpoints,  Worst Slack       17.845ns,  Total Violation        0.000ns
---------------------------------------------------------------------------------------------------


Pulse Width Checks
--------------------------------------------------------------------------------------
Clock Name:         clkfbout_clk_pll
Waveform(ns):       { 0.000 10.000 }
Period(ns):         20.000
Sources:            { pll_clk.u_clk_pll/inst/plle2_adv_inst/CLKFBOUT }

Check Type  Corner  Lib Pin             Reference Pin  Required(ns)  Actual(ns)  Slack(ns)  Location        Pin
Min Period  n/a     BUFG/I              n/a            2.155         20.000      17.845     BUFGCTRL_X0Y18  pll_clk.u_clk_pll/inst/clkf_buf/I
Min Period  n/a     PLLE2_ADV/CLKFBOUT  n/a            1.249         20.000      18.751     PLLE2_ADV_X0Y3  pll_clk.u_clk_pll/inst/plle2_adv_inst/CLKFBOUT
Min Period  n/a     PLLE2_ADV/CLKFBIN   n/a            1.249         20.000      18.751     PLLE2_ADV_X0Y3  pll_clk.u_clk_pll/inst/plle2_adv_inst/CLKFBIN
Max Period  n/a     PLLE2_ADV/CLKFBIN   n/a            52.633        20.000      32.633     PLLE2_ADV_X0Y3  pll_clk.u_clk_pll/inst/plle2_adv_inst/CLKFBIN
Max Period  n/a     PLLE2_ADV/CLKFBOUT  n/a            160.000       20.000      140.000    PLLE2_ADV_X0Y3  pll_clk.u_clk_pll/inst/plle2_adv_inst/CLKFBOUT



---------------------------------------------------------------------------------------------------
From Clock:  cpu_clk
  To Clock:  cpu_clk

Setup :            0  Failing Endpoints,  Worst Slack        1.546ns,  Total Violation        0.000ns
Hold  :            0  Failing Endpoints,  Worst Slack        0.049ns,  Total Violation        0.000ns
PW    :            0  Failing Endpoints,  Worst Slack       13.911ns,  Total Violation        0.000ns
---------------------------------------------------------------------------------------------------


Max Delay Paths
--------------------------------------------------------------------------------------
Slack (MET) :             1.546ns  (required time - arrival time)
  Source:                 u_cpu/addr_trans/data_vaddr_buffer_reg[15]/C
                            (rising edge-triggered cell FDRE clocked by cpu_clk  {rise@0.000ns fall@15.161ns period=30.323ns})
  Destination:            u_cpu/btb/btb_counter_reg[28][0]/D
                            (rising edge-triggered cell FDRE clocked by cpu_clk  {rise@0.000ns fall@15.161ns period=30.323ns})
  Path Group:             cpu_clk
  Path Type:              Setup (Max at Slow Process Corner)
  Requirement:            30.323ns  (cpu_clk rise@30.323ns - cpu_clk rise@0.000ns)
  Data Path Delay:        28.450ns  (logic 6.536ns (22.974%)  route 21.914ns (77.026%))
  Logic Levels:           33  (CARRY4=4 LUT2=1 LUT3=2 LUT4=2 LUT5=6 LUT6=16 MUXF7=1 MUXF8=1)
  Clock Path Skew:        -0.284ns (DCD - SCD + CPR)
    Destination Clock Delay (DCD):    -2.022ns = ( 28.300 - 30.323 ) 
    Source Clock Delay      (SCD):    -2.237ns
    Clock Pessimism Removal (CPR):    -0.498ns
  Clock Uncertainty:      0.072ns  ((TSJ^2 + DJ^2)^1/2) / 2 + PE
    Total System Jitter     (TSJ):    0.071ns
    Discrete Jitter          (DJ):    0.125ns
    Phase Error              (PE):    0.000ns

    Location             Delay type                Incr(ns)  Path(ns)    Netlist Resource(s)
  -------------------------------------------------------------------    -------------------
                         (clock cpu_clk rise edge)    0.000     0.000 r  
    K21                                               0.000     0.000 r  clk (IN)
                         net (fo=0)                   0.000     0.000    pll_clk.u_clk_pll/inst/clk_in1
    K21                  IBUF (Prop_ibuf_I_O)         1.463     1.463 r  pll_clk.u_clk_pll/inst/clkin1_ibufg/O
                         net (fo=1, routed)           1.253     2.716    pll_clk.u_clk_pll/inst/clk_in1_clk_pll
    PLLE2_ADV_X0Y3       PLLE2_ADV (Prop_plle2_adv_CLKIN1_CLKOUT0)
                                                     -8.991    -6.275 r  pll_clk.u_clk_pll/inst/plle2_adv_inst/CLKOUT0
                         net (fo=1, routed)           1.837    -4.438    pll_clk.u_clk_pll/inst/cpu_clk_clk_pll
    BUFGCTRL_X0Y16       BUFG (Prop_bufg_I_O)         0.096    -4.342 r  pll_clk.u_clk_pll/inst/clkout1_buf/O
                         net (fo=6480, routed)        2.105    -2.237    u_cpu/addr_trans/cpu_clk
    SLICE_X32Y27         FDRE                                         r  u_cpu/addr_trans/data_vaddr_buffer_reg[15]/C
  -------------------------------------------------------------------    -------------------
    SLICE_X32Y27         FDRE (Prop_fdre_C_Q)         0.456    -1.781 r  u_cpu/addr_trans/data_vaddr_buffer_reg[15]/Q
                         net (fo=33, routed)          1.714    -0.066    u_cpu/addr_trans/tlb_entry/data_vaddr_buffer[3]
    SLICE_X43Y34         LUT6 (Prop_lut6_I3_O)        0.124     0.058 r  u_cpu/addr_trans/tlb_entry/ms_to_ws_bus_r[175]_i_235/O
                         net (fo=1, routed)           0.000     0.058    u_cpu/addr_trans/tlb_entry/ms_to_ws_bus_r[175]_i_235_n_0
    SLICE_X43Y34         CARRY4 (Prop_carry4_S[0]_CO[3])
                                                      0.532     0.590 r  u_cpu/addr_trans/tlb_entry/ms_to_ws_bus_r_reg[175]_i_136/CO[3]
                         net (fo=1, routed)           0.000     0.590    u_cpu/addr_trans/tlb_entry/ms_to_ws_bus_r_reg[175]_i_136_n_0
    SLICE_X43Y35         CARRY4 (Prop_carry4_CI_CO[2])
                                                      0.228     0.818 r  u_cpu/addr_trans/tlb_entry/ms_to_ws_bus_r_reg[175]_i_40/CO[2]
                         net (fo=1, routed)           1.098     1.915    u_cpu/addr_trans/tlb_entry/ms_to_ws_bus_r_reg[175]_i_40_n_1
    SLICE_X41Y39         LUT6 (Prop_lut6_I1_O)        0.313     2.228 r  u_cpu/addr_trans/tlb_entry/ms_to_ws_bus_r[175]_i_10/O
                         net (fo=4, routed)           1.142     3.370    u_cpu/addr_trans/tlb_entry/match1[23]
    SLICE_X25Y39         LUT5 (Prop_lut5_I3_O)        0.150     3.520 r  u_cpu/addr_trans/tlb_entry/ms_to_ws_bus_r[175]_i_2/O
                         net (fo=2, routed)           1.026     4.545    u_cpu/addr_trans/tlb_entry/ms_to_ws_bus_r[175]_i_2_n_0
    SLICE_X17Y40         LUT6 (Prop_lut6_I0_O)        0.326     4.871 r  u_cpu/addr_trans/tlb_entry/ms_to_ws_bus_r[173]_i_1/O
                         net (fo=89, routed)          0.825     5.696    u_cpu/addr_trans/tlb_entry/invalid_tlb_entry[17].tlb_e_reg[17]_1[5]
    SLICE_X10Y42         MUXF7 (Prop_muxf7_S_O)       0.314     6.010 f  u_cpu/addr_trans/tlb_entry/ms_to_ws_bus_r_reg[239]_i_67/O
                         net (fo=1, routed)           0.000     6.010    u_cpu/addr_trans/tlb_entry/ms_to_ws_bus_r_reg[239]_i_67_n_0
    SLICE_X10Y42         MUXF8 (Prop_muxf8_I0_O)      0.098     6.108 f  u_cpu/addr_trans/tlb_entry/ms_to_ws_bus_r_reg[239]_i_46/O
                         net (fo=1, routed)           0.851     6.959    u_cpu/addr_trans/tlb_entry/ms_to_ws_bus_r_reg[239]_i_46_n_0
    SLICE_X11Y34         LUT5 (Prop_lut5_I1_O)        0.319     7.278 f  u_cpu/addr_trans/tlb_entry/ms_to_ws_bus_r[239]_i_20/O
                         net (fo=1, routed)           0.797     8.075    u_cpu/addr_trans/tlb_entry/ms_to_ws_bus_r[239]_i_20_n_0
    SLICE_X11Y33         LUT6 (Prop_lut6_I5_O)        0.124     8.199 f  u_cpu/addr_trans/tlb_entry/ms_to_ws_bus_r[239]_i_7/O
                         net (fo=1, routed)           0.296     8.495    u_cpu/addr_trans/tlb_entry/ms_to_ws_bus_r[239]_i_7_n_0
    SLICE_X11Y31         LUT6 (Prop_lut6_I5_O)        0.124     8.619 r  u_cpu/addr_trans/tlb_entry/ms_to_ws_bus_r[239]_i_2/O
                         net (fo=10, routed)          0.812     9.431    u_cpu/addr_trans/tlb_entry/ms_to_ws_bus_r[239]_i_2_n_0
    SLICE_X11Y25         LUT6 (Prop_lut6_I3_O)        0.124     9.555 r  u_cpu/addr_trans/tlb_entry/ms_to_ws_bus_r[235]_i_1/O
                         net (fo=6, routed)           0.918    10.474    u_cpu/addr_trans/tlb_entry/data_vaddr_buffer_reg[17]
    SLICE_X8Y35          LUT6 (Prop_lut6_I5_O)        0.124    10.598 r  u_cpu/addr_trans/tlb_entry/miss_buffer_replace_way[0]_i_10/O
                         net (fo=1, routed)           0.000    10.598    u_cpu/addr_trans/tlb_entry/miss_buffer_replace_way[0]_i_10_n_0
    SLICE_X8Y35          CARRY4 (Prop_carry4_S[1]_CO[3])
                                                      0.533    11.131 r  u_cpu/addr_trans/tlb_entry/miss_buffer_replace_way_reg[0]_i_4/CO[3]
                         net (fo=1, routed)           0.000    11.131    u_cpu/addr_trans/tlb_entry/miss_buffer_replace_way_reg[0]_i_4_n_0
    SLICE_X8Y36          CARRY4 (Prop_carry4_CI_CO[2])
                                                      0.229    11.360 f  u_cpu/addr_trans/tlb_entry/miss_buffer_replace_way_reg[0]_i_2/CO[2]
                         net (fo=5, routed)           0.998    12.358    u_cpu/dcache/tagv_ram_way[0].u/CO[0]
    SLICE_X14Y36         LUT6 (Prop_lut6_I0_O)        0.310    12.668 f  u_cpu/dcache/tagv_ram_way[0].u/write_buffer_way[1]_i_5/O
                         net (fo=4, routed)           0.723    13.391    u_cpu/mem_stage/p_22_in
    SLICE_X14Y26         LUT3 (Prop_lut3_I2_O)        0.124    13.515 f  u_cpu/mem_stage/main_state[0]_i_3/O
                         net (fo=3, routed)           0.925    14.439    u_cpu/dcache/main_state_reg[0]_2
    SLICE_X30Y25         LUT6 (Prop_lut6_I3_O)        0.124    14.563 f  u_cpu/dcache/es_to_ms_bus_r[214]_i_9/O
                         net (fo=3, routed)           0.654    15.217    u_cpu/mem_stage/data_data_ok
    SLICE_X28Y22         LUT6 (Prop_lut6_I2_O)        0.124    15.341 f  u_cpu/mem_stage/es_to_ms_bus_r[214]_i_4/O
                         net (fo=7, routed)           0.210    15.551    u_cpu/wb_stage/s1_asid_r_reg[0]
    SLICE_X28Y22         LUT6 (Prop_lut6_I1_O)        0.124    15.675 f  u_cpu/wb_stage/es_to_ms_bus_r[175]_i_2/O
                         net (fo=5, routed)           0.574    16.248    u_cpu/exe_stage/p_13_in
    SLICE_X28Y24         LUT5 (Prop_lut5_I0_O)        0.124    16.372 f  u_cpu/exe_stage/request_buffer_dcacop_i_1/O
                         net (fo=6, routed)           0.804    17.176    u_cpu/exe_stage/dcacop_op_en
    SLICE_X13Y24         LUT5 (Prop_lut5_I0_O)        0.124    17.300 f  u_cpu/exe_stage/s1_asid_r[9]_i_12/O
                         net (fo=1, routed)           0.433    17.733    u_cpu/exe_stage/dcache/main_lookup2lookup3
    SLICE_X13Y24         LUT5 (Prop_lut5_I2_O)        0.124    17.857 r  u_cpu/exe_stage/s1_asid_r[9]_i_7/O
                         net (fo=2, routed)           0.511    18.369    u_cpu/dcache/tagv_ram_way[1].u/p_23_in
    SLICE_X20Y24         LUT5 (Prop_lut5_I4_O)        0.124    18.493 r  u_cpu/dcache/tagv_ram_way[1].u/s1_asid_r[9]_i_2/O
                         net (fo=11, routed)          0.728    19.220    u_cpu/exe_stage/data_addr_ok
    SLICE_X26Y25         LUT6 (Prop_lut6_I3_O)        0.124    19.344 r  u_cpu/exe_stage/ds_to_es_bus_r[235]_i_8/O
                         net (fo=1, routed)           0.617    19.961    u_cpu/exe_stage/ds_to_es_bus_r[235]_i_8_n_0
    SLICE_X32Y24         LUT6 (Prop_lut6_I3_O)        0.124    20.085 r  u_cpu/exe_stage/ds_to_es_bus_r[235]_i_3/O
                         net (fo=7, routed)           0.318    20.403    u_cpu/id_stage/es_allowin
    SLICE_X35Y24         LUT4 (Prop_lut4_I3_O)        0.124    20.527 r  u_cpu/id_stage/btb_add_entry_r_i_3/O
                         net (fo=18, routed)          0.572    21.100    u_cpu/id_stage/btb_operate_en
    SLICE_X32Y24         LUT2 (Prop_lut2_I1_O)        0.124    21.224 f  u_cpu/id_stage/btb_target_reg_0_31_0_1_i_14/O
                         net (fo=31, routed)          0.879    22.102    u_cpu/id_stage/btb_target_reg_0_31_0_1_i_14_n_0
    SLICE_X32Y23         LUT6 (Prop_lut6_I0_O)        0.124    22.226 r  u_cpu/id_stage/btb_counter[29][1]_i_7/O
                         net (fo=1, routed)           1.049    23.276    u_cpu/id_stage/btb_counter[29][1]_i_7_n_0
    SLICE_X31Y43         LUT4 (Prop_lut4_I1_O)        0.124    23.400 r  u_cpu/id_stage/btb_counter[29][1]_i_5/O
                         net (fo=49, routed)          1.382    24.781    u_cpu/id_stage/btb_counter[29][1]_i_5_n_0
    SLICE_X30Y63         LUT6 (Prop_lut6_I0_O)        0.124    24.905 r  u_cpu/id_stage/btb_counter[28][1]_i_8/O
                         net (fo=2, routed)           0.568    25.473    u_cpu/btb/btb_counter_reg[28][1]_0
    SLICE_X30Y65         LUT3 (Prop_lut3_I1_O)        0.124    25.597 r  u_cpu/btb/btb_counter[28][0]_i_2/O
                         net (fo=1, routed)           0.493    26.090    u_cpu/btb/btb_counter[28][0]_i_2_n_0
    SLICE_X30Y65         LUT6 (Prop_lut6_I0_O)        0.124    26.214 r  u_cpu/btb/btb_counter[28][0]_i_1/O
                         net (fo=1, routed)           0.000    26.214    u_cpu/btb/btb_counter[28][0]_i_1_n_0
    SLICE_X30Y65         FDRE                                         r  u_cpu/btb/btb_counter_reg[28][0]/D
  -------------------------------------------------------------------    -------------------

                         (clock cpu_clk rise edge)   30.323    30.323 r  
    K21                                               0.000    30.323 r  clk (IN)
                         net (fo=0)                   0.000    30.323    pll_clk.u_clk_pll/inst/clk_in1
    K21                  IBUF (Prop_ibuf_I_O)         1.393    31.715 r  pll_clk.u_clk_pll/inst/clkin1_ibufg/O
                         net (fo=1, routed)           1.181    32.896    pll_clk.u_clk_pll/inst/clk_in1_clk_pll
    PLLE2_ADV_X0Y3       PLLE2_ADV (Prop_plle2_adv_CLKIN1_CLKOUT0)
                                                     -8.248    24.648 r  pll_clk.u_clk_pll/inst/plle2_adv_inst/CLKOUT0
                         net (fo=1, routed)           1.755    26.403    pll_clk.u_clk_pll/inst/cpu_clk_clk_pll
    BUFGCTRL_X0Y16       BUFG (Prop_bufg_I_O)         0.091    26.494 r  pll_clk.u_clk_pll/inst/clkout1_buf/O
                         net (fo=6480, routed)        1.806    28.300    u_cpu/btb/cpu_clk
    SLICE_X30Y65         FDRE                                         r  u_cpu/btb/btb_counter_reg[28][0]/C
                         clock pessimism             -0.498    27.802    
                         clock uncertainty           -0.072    27.730    
    SLICE_X30Y65         FDRE (Setup_fdre_C_D)        0.029    27.759    u_cpu/btb/btb_counter_reg[28][0]
  -------------------------------------------------------------------
                         required time                         27.759    
                         arrival time                         -26.214    
  -------------------------------------------------------------------
                         slack                                  1.546    

Slack (MET) :             1.560ns  (required time - arrival time)
  Source:                 u_cpu/addr_trans/data_vaddr_buffer_reg[15]/C
                            (rising edge-triggered cell FDRE clocked by cpu_clk  {rise@0.000ns fall@15.161ns period=30.323ns})
  Destination:            u_cpu/btb/btb_counter_reg[4][1]/D
                            (rising edge-triggered cell FDRE clocked by cpu_clk  {rise@0.000ns fall@15.161ns period=30.323ns})
  Path Group:             cpu_clk
  Path Type:              Setup (Max at Slow Process Corner)
  Requirement:            30.323ns  (cpu_clk rise@30.323ns - cpu_clk rise@0.000ns)
  Data Path Delay:        28.435ns  (logic 6.536ns (22.986%)  route 21.899ns (77.014%))
  Logic Levels:           33  (CARRY4=4 LUT2=1 LUT3=2 LUT4=2 LUT5=6 LUT6=16 MUXF7=1 MUXF8=1)
  Clock Path Skew:        -0.285ns (DCD - SCD + CPR)
    Destination Clock Delay (DCD):    -2.023ns = ( 28.299 - 30.323 ) 
    Source Clock Delay      (SCD):    -2.237ns
    Clock Pessimism Removal (CPR):    -0.498ns
  Clock Uncertainty:      0.072ns  ((TSJ^2 + DJ^2)^1/2) / 2 + PE
    Total System Jitter     (TSJ):    0.071ns
    Discrete Jitter          (DJ):    0.125ns
    Phase Error              (PE):    0.000ns

    Location             Delay type                Incr(ns)  Path(ns)    Netlist Resource(s)
  -------------------------------------------------------------------    -------------------
                         (clock cpu_clk rise edge)    0.000     0.000 r  
    K21                                               0.000     0.000 r  clk (IN)
                         net (fo=0)                   0.000     0.000    pll_clk.u_clk_pll/inst/clk_in1
    K21                  IBUF (Prop_ibuf_I_O)         1.463     1.463 r  pll_clk.u_clk_pll/inst/clkin1_ibufg/O
                         net (fo=1, routed)           1.253     2.716    pll_clk.u_clk_pll/inst/clk_in1_clk_pll
    PLLE2_ADV_X0Y3       PLLE2_ADV (Prop_plle2_adv_CLKIN1_CLKOUT0)
                                                     -8.991    -6.275 r  pll_clk.u_clk_pll/inst/plle2_adv_inst/CLKOUT0
                         net (fo=1, routed)           1.837    -4.438    pll_clk.u_clk_pll/inst/cpu_clk_clk_pll
    BUFGCTRL_X0Y16       BUFG (Prop_bufg_I_O)         0.096    -4.342 r  pll_clk.u_clk_pll/inst/clkout1_buf/O
                         net (fo=6480, routed)        2.105    -2.237    u_cpu/addr_trans/cpu_clk
    SLICE_X32Y27         FDRE                                         r  u_cpu/addr_trans/data_vaddr_buffer_reg[15]/C
  -------------------------------------------------------------------    -------------------
    SLICE_X32Y27         FDRE (Prop_fdre_C_Q)         0.456    -1.781 r  u_cpu/addr_trans/data_vaddr_buffer_reg[15]/Q
                         net (fo=33, routed)          1.714    -0.066    u_cpu/addr_trans/tlb_entry/data_vaddr_buffer[3]
    SLICE_X43Y34         LUT6 (Prop_lut6_I3_O)        0.124     0.058 r  u_cpu/addr_trans/tlb_entry/ms_to_ws_bus_r[175]_i_235/O
                         net (fo=1, routed)           0.000     0.058    u_cpu/addr_trans/tlb_entry/ms_to_ws_bus_r[175]_i_235_n_0
    SLICE_X43Y34         CARRY4 (Prop_carry4_S[0]_CO[3])
                                                      0.532     0.590 r  u_cpu/addr_trans/tlb_entry/ms_to_ws_bus_r_reg[175]_i_136/CO[3]
                         net (fo=1, routed)           0.000     0.590    u_cpu/addr_trans/tlb_entry/ms_to_ws_bus_r_reg[175]_i_136_n_0
    SLICE_X43Y35         CARRY4 (Prop_carry4_CI_CO[2])
                                                      0.228     0.818 r  u_cpu/addr_trans/tlb_entry/ms_to_ws_bus_r_reg[175]_i_40/CO[2]
                         net (fo=1, routed)           1.098     1.915    u_cpu/addr_trans/tlb_entry/ms_to_ws_bus_r_reg[175]_i_40_n_1
    SLICE_X41Y39         LUT6 (Prop_lut6_I1_O)        0.313     2.228 r  u_cpu/addr_trans/tlb_entry/ms_to_ws_bus_r[175]_i_10/O
                         net (fo=4, routed)           1.142     3.370    u_cpu/addr_trans/tlb_entry/match1[23]
    SLICE_X25Y39         LUT5 (Prop_lut5_I3_O)        0.150     3.520 r  u_cpu/addr_trans/tlb_entry/ms_to_ws_bus_r[175]_i_2/O
                         net (fo=2, routed)           1.026     4.545    u_cpu/addr_trans/tlb_entry/ms_to_ws_bus_r[175]_i_2_n_0
    SLICE_X17Y40         LUT6 (Prop_lut6_I0_O)        0.326     4.871 r  u_cpu/addr_trans/tlb_entry/ms_to_ws_bus_r[173]_i_1/O
                         net (fo=89, routed)          0.825     5.696    u_cpu/addr_trans/tlb_entry/invalid_tlb_entry[17].tlb_e_reg[17]_1[5]
    SLICE_X10Y42         MUXF7 (Prop_muxf7_S_O)       0.314     6.010 f  u_cpu/addr_trans/tlb_entry/ms_to_ws_bus_r_reg[239]_i_67/O
                         net (fo=1, routed)           0.000     6.010    u_cpu/addr_trans/tlb_entry/ms_to_ws_bus_r_reg[239]_i_67_n_0
    SLICE_X10Y42         MUXF8 (Prop_muxf8_I0_O)      0.098     6.108 f  u_cpu/addr_trans/tlb_entry/ms_to_ws_bus_r_reg[239]_i_46/O
                         net (fo=1, routed)           0.851     6.959    u_cpu/addr_trans/tlb_entry/ms_to_ws_bus_r_reg[239]_i_46_n_0
    SLICE_X11Y34         LUT5 (Prop_lut5_I1_O)        0.319     7.278 f  u_cpu/addr_trans/tlb_entry/ms_to_ws_bus_r[239]_i_20/O
                         net (fo=1, routed)           0.797     8.075    u_cpu/addr_trans/tlb_entry/ms_to_ws_bus_r[239]_i_20_n_0
    SLICE_X11Y33         LUT6 (Prop_lut6_I5_O)        0.124     8.199 f  u_cpu/addr_trans/tlb_entry/ms_to_ws_bus_r[239]_i_7/O
                         net (fo=1, routed)           0.296     8.495    u_cpu/addr_trans/tlb_entry/ms_to_ws_bus_r[239]_i_7_n_0
    SLICE_X11Y31         LUT6 (Prop_lut6_I5_O)        0.124     8.619 r  u_cpu/addr_trans/tlb_entry/ms_to_ws_bus_r[239]_i_2/O
                         net (fo=10, routed)          0.812     9.431    u_cpu/addr_trans/tlb_entry/ms_to_ws_bus_r[239]_i_2_n_0
    SLICE_X11Y25         LUT6 (Prop_lut6_I3_O)        0.124     9.555 r  u_cpu/addr_trans/tlb_entry/ms_to_ws_bus_r[235]_i_1/O
                         net (fo=6, routed)           0.918    10.474    u_cpu/addr_trans/tlb_entry/data_vaddr_buffer_reg[17]
    SLICE_X8Y35          LUT6 (Prop_lut6_I5_O)        0.124    10.598 r  u_cpu/addr_trans/tlb_entry/miss_buffer_replace_way[0]_i_10/O
                         net (fo=1, routed)           0.000    10.598    u_cpu/addr_trans/tlb_entry/miss_buffer_replace_way[0]_i_10_n_0
    SLICE_X8Y35          CARRY4 (Prop_carry4_S[1]_CO[3])
                                                      0.533    11.131 r  u_cpu/addr_trans/tlb_entry/miss_buffer_replace_way_reg[0]_i_4/CO[3]
                         net (fo=1, routed)           0.000    11.131    u_cpu/addr_trans/tlb_entry/miss_buffer_replace_way_reg[0]_i_4_n_0
    SLICE_X8Y36          CARRY4 (Prop_carry4_CI_CO[2])
                                                      0.229    11.360 f  u_cpu/addr_trans/tlb_entry/miss_buffer_replace_way_reg[0]_i_2/CO[2]
                         net (fo=5, routed)           0.998    12.358    u_cpu/dcache/tagv_ram_way[0].u/CO[0]
    SLICE_X14Y36         LUT6 (Prop_lut6_I0_O)        0.310    12.668 f  u_cpu/dcache/tagv_ram_way[0].u/write_buffer_way[1]_i_5/O
                         net (fo=4, routed)           0.723    13.391    u_cpu/mem_stage/p_22_in
    SLICE_X14Y26         LUT3 (Prop_lut3_I2_O)        0.124    13.515 f  u_cpu/mem_stage/main_state[0]_i_3/O
                         net (fo=3, routed)           0.925    14.439    u_cpu/dcache/main_state_reg[0]_2
    SLICE_X30Y25         LUT6 (Prop_lut6_I3_O)        0.124    14.563 f  u_cpu/dcache/es_to_ms_bus_r[214]_i_9/O
                         net (fo=3, routed)           0.654    15.217    u_cpu/mem_stage/data_data_ok
    SLICE_X28Y22         LUT6 (Prop_lut6_I2_O)        0.124    15.341 f  u_cpu/mem_stage/es_to_ms_bus_r[214]_i_4/O
                         net (fo=7, routed)           0.210    15.551    u_cpu/wb_stage/s1_asid_r_reg[0]
    SLICE_X28Y22         LUT6 (Prop_lut6_I1_O)        0.124    15.675 f  u_cpu/wb_stage/es_to_ms_bus_r[175]_i_2/O
                         net (fo=5, routed)           0.574    16.248    u_cpu/exe_stage/p_13_in
    SLICE_X28Y24         LUT5 (Prop_lut5_I0_O)        0.124    16.372 f  u_cpu/exe_stage/request_buffer_dcacop_i_1/O
                         net (fo=6, routed)           0.804    17.176    u_cpu/exe_stage/dcacop_op_en
    SLICE_X13Y24         LUT5 (Prop_lut5_I0_O)        0.124    17.300 f  u_cpu/exe_stage/s1_asid_r[9]_i_12/O
                         net (fo=1, routed)           0.433    17.733    u_cpu/exe_stage/dcache/main_lookup2lookup3
    SLICE_X13Y24         LUT5 (Prop_lut5_I2_O)        0.124    17.857 r  u_cpu/exe_stage/s1_asid_r[9]_i_7/O
                         net (fo=2, routed)           0.511    18.369    u_cpu/dcache/tagv_ram_way[1].u/p_23_in
    SLICE_X20Y24         LUT5 (Prop_lut5_I4_O)        0.124    18.493 r  u_cpu/dcache/tagv_ram_way[1].u/s1_asid_r[9]_i_2/O
                         net (fo=11, routed)          0.728    19.220    u_cpu/exe_stage/data_addr_ok
    SLICE_X26Y25         LUT6 (Prop_lut6_I3_O)        0.124    19.344 r  u_cpu/exe_stage/ds_to_es_bus_r[235]_i_8/O
                         net (fo=1, routed)           0.617    19.961    u_cpu/exe_stage/ds_to_es_bus_r[235]_i_8_n_0
    SLICE_X32Y24         LUT6 (Prop_lut6_I3_O)        0.124    20.085 r  u_cpu/exe_stage/ds_to_es_bus_r[235]_i_3/O
                         net (fo=7, routed)           0.318    20.403    u_cpu/id_stage/es_allowin
    SLICE_X35Y24         LUT4 (Prop_lut4_I3_O)        0.124    20.527 r  u_cpu/id_stage/btb_add_entry_r_i_3/O
                         net (fo=18, routed)          0.572    21.100    u_cpu/id_stage/btb_operate_en
    SLICE_X32Y24         LUT2 (Prop_lut2_I1_O)        0.124    21.224 f  u_cpu/id_stage/btb_target_reg_0_31_0_1_i_14/O
                         net (fo=31, routed)          0.879    22.102    u_cpu/id_stage/btb_target_reg_0_31_0_1_i_14_n_0
    SLICE_X32Y23         LUT6 (Prop_lut6_I0_O)        0.124    22.226 r  u_cpu/id_stage/btb_counter[29][1]_i_7/O
                         net (fo=1, routed)           1.049    23.276    u_cpu/id_stage/btb_counter[29][1]_i_7_n_0
    SLICE_X31Y43         LUT4 (Prop_lut4_I1_O)        0.124    23.400 r  u_cpu/id_stage/btb_counter[29][1]_i_5/O
                         net (fo=49, routed)          0.754    24.154    u_cpu/id_stage/btb_counter[29][1]_i_5_n_0
    SLICE_X30Y49         LUT6 (Prop_lut6_I0_O)        0.124    24.278 r  u_cpu/id_stage/btb_counter[4][1]_i_4/O
                         net (fo=2, routed)           1.039    25.317    u_cpu/btb/btb_counter_reg[4][1]_0
    SLICE_X30Y66         LUT3 (Prop_lut3_I1_O)        0.124    25.441 r  u_cpu/btb/btb_counter[4][1]_i_2/O
                         net (fo=1, routed)           0.633    26.075    u_cpu/btb/btb_counter[4][1]_i_2_n_0
    SLICE_X30Y66         LUT6 (Prop_lut6_I0_O)        0.124    26.199 r  u_cpu/btb/btb_counter[4][1]_i_1/O
                         net (fo=1, routed)           0.000    26.199    u_cpu/btb/btb_counter[4][1]_i_1_n_0
    SLICE_X30Y66         FDRE                                         r  u_cpu/btb/btb_counter_reg[4][1]/D
  -------------------------------------------------------------------    -------------------

                         (clock cpu_clk rise edge)   30.323    30.323 r  
    K21                                               0.000    30.323 r  clk (IN)
                         net (fo=0)                   0.000    30.323    pll_clk.u_clk_pll/inst/clk_in1
    K21                  IBUF (Prop_ibuf_I_O)         1.393    31.715 r  pll_clk.u_clk_pll/inst/clkin1_ibufg/O
                         net (fo=1, routed)           1.181    32.896    pll_clk.u_clk_pll/inst/clk_in1_clk_pll
    PLLE2_ADV_X0Y3       PLLE2_ADV (Prop_plle2_adv_CLKIN1_CLKOUT0)
                                                     -8.248    24.648 r  pll_clk.u_clk_pll/inst/plle2_adv_inst/CLKOUT0
                         net (fo=1, routed)           1.755    26.403    pll_clk.u_clk_pll/inst/cpu_clk_clk_pll
    BUFGCTRL_X0Y16       BUFG (Prop_bufg_I_O)         0.091    26.494 r  pll_clk.u_clk_pll/inst/clkout1_buf/O
                         net (fo=6480, routed)        1.805    28.299    u_cpu/btb/cpu_clk
    SLICE_X30Y66         FDRE                                         r  u_cpu/btb/btb_counter_reg[4][1]/C
                         clock pessimism             -0.498    27.801    
                         clock uncertainty           -0.072    27.729    
    SLICE_X30Y66         FDRE (Setup_fdre_C_D)        0.029    27.758    u_cpu/btb/btb_counter_reg[4][1]
  -------------------------------------------------------------------
                         required time                         27.758    
                         arrival time                         -26.199    
  -------------------------------------------------------------------
                         slack                                  1.560    

Slack (MET) :             1.643ns  (required time - arrival time)
  Source:                 u_cpu/addr_trans/data_vaddr_buffer_reg[15]/C
                            (rising edge-triggered cell FDRE clocked by cpu_clk  {rise@0.000ns fall@15.161ns period=30.323ns})
  Destination:            u_cpu/btb/btb_counter_reg[8][1]/D
                            (rising edge-triggered cell FDRE clocked by cpu_clk  {rise@0.000ns fall@15.161ns period=30.323ns})
  Path Group:             cpu_clk
  Path Type:              Setup (Max at Slow Process Corner)
  Requirement:            30.323ns  (cpu_clk rise@30.323ns - cpu_clk rise@0.000ns)
  Data Path Delay:        28.354ns  (logic 6.536ns (23.051%)  route 21.818ns (76.949%))
  Logic Levels:           33  (CARRY4=4 LUT2=1 LUT3=2 LUT4=2 LUT5=6 LUT6=16 MUXF7=1 MUXF8=1)
  Clock Path Skew:        -0.283ns (DCD - SCD + CPR)
    Destination Clock Delay (DCD):    -2.021ns = ( 28.301 - 30.323 ) 
    Source Clock Delay      (SCD):    -2.237ns
    Clock Pessimism Removal (CPR):    -0.498ns
  Clock Uncertainty:      0.072ns  ((TSJ^2 + DJ^2)^1/2) / 2 + PE
    Total System Jitter     (TSJ):    0.071ns
    Discrete Jitter          (DJ):    0.125ns
    Phase Error              (PE):    0.000ns

    Location             Delay type                Incr(ns)  Path(ns)    Netlist Resource(s)
  -------------------------------------------------------------------    -------------------
                         (clock cpu_clk rise edge)    0.000     0.000 r  
    K21                                               0.000     0.000 r  clk (IN)
                         net (fo=0)                   0.000     0.000    pll_clk.u_clk_pll/inst/clk_in1
    K21                  IBUF (Prop_ibuf_I_O)         1.463     1.463 r  pll_clk.u_clk_pll/inst/clkin1_ibufg/O
                         net (fo=1, routed)           1.253     2.716    pll_clk.u_clk_pll/inst/clk_in1_clk_pll
    PLLE2_ADV_X0Y3       PLLE2_ADV (Prop_plle2_adv_CLKIN1_CLKOUT0)
                                                     -8.991    -6.275 r  pll_clk.u_clk_pll/inst/plle2_adv_inst/CLKOUT0
                         net (fo=1, routed)           1.837    -4.438    pll_clk.u_clk_pll/inst/cpu_clk_clk_pll
    BUFGCTRL_X0Y16       BUFG (Prop_bufg_I_O)         0.096    -4.342 r  pll_clk.u_clk_pll/inst/clkout1_buf/O
                         net (fo=6480, routed)        2.105    -2.237    u_cpu/addr_trans/cpu_clk
    SLICE_X32Y27         FDRE                                         r  u_cpu/addr_trans/data_vaddr_buffer_reg[15]/C
  -------------------------------------------------------------------    -------------------
    SLICE_X32Y27         FDRE (Prop_fdre_C_Q)         0.456    -1.781 r  u_cpu/addr_trans/data_vaddr_buffer_reg[15]/Q
                         net (fo=33, routed)          1.714    -0.066    u_cpu/addr_trans/tlb_entry/data_vaddr_buffer[3]
    SLICE_X43Y34         LUT6 (Prop_lut6_I3_O)        0.124     0.058 r  u_cpu/addr_trans/tlb_entry/ms_to_ws_bus_r[175]_i_235/O
                         net (fo=1, routed)           0.000     0.058    u_cpu/addr_trans/tlb_entry/ms_to_ws_bus_r[175]_i_235_n_0
    SLICE_X43Y34         CARRY4 (Prop_carry4_S[0]_CO[3])
                                                      0.532     0.590 r  u_cpu/addr_trans/tlb_entry/ms_to_ws_bus_r_reg[175]_i_136/CO[3]
                         net (fo=1, routed)           0.000     0.590    u_cpu/addr_trans/tlb_entry/ms_to_ws_bus_r_reg[175]_i_136_n_0
    SLICE_X43Y35         CARRY4 (Prop_carry4_CI_CO[2])
                                                      0.228     0.818 r  u_cpu/addr_trans/tlb_entry/ms_to_ws_bus_r_reg[175]_i_40/CO[2]
                         net (fo=1, routed)           1.098     1.915    u_cpu/addr_trans/tlb_entry/ms_to_ws_bus_r_reg[175]_i_40_n_1
    SLICE_X41Y39         LUT6 (Prop_lut6_I1_O)        0.313     2.228 r  u_cpu/addr_trans/tlb_entry/ms_to_ws_bus_r[175]_i_10/O
                         net (fo=4, routed)           1.142     3.370    u_cpu/addr_trans/tlb_entry/match1[23]
    SLICE_X25Y39         LUT5 (Prop_lut5_I3_O)        0.150     3.520 r  u_cpu/addr_trans/tlb_entry/ms_to_ws_bus_r[175]_i_2/O
                         net (fo=2, routed)           1.026     4.545    u_cpu/addr_trans/tlb_entry/ms_to_ws_bus_r[175]_i_2_n_0
    SLICE_X17Y40         LUT6 (Prop_lut6_I0_O)        0.326     4.871 r  u_cpu/addr_trans/tlb_entry/ms_to_ws_bus_r[173]_i_1/O
                         net (fo=89, routed)          0.825     5.696    u_cpu/addr_trans/tlb_entry/invalid_tlb_entry[17].tlb_e_reg[17]_1[5]
    SLICE_X10Y42         MUXF7 (Prop_muxf7_S_O)       0.314     6.010 f  u_cpu/addr_trans/tlb_entry/ms_to_ws_bus_r_reg[239]_i_67/O
                         net (fo=1, routed)           0.000     6.010    u_cpu/addr_trans/tlb_entry/ms_to_ws_bus_r_reg[239]_i_67_n_0
    SLICE_X10Y42         MUXF8 (Prop_muxf8_I0_O)      0.098     6.108 f  u_cpu/addr_trans/tlb_entry/ms_to_ws_bus_r_reg[239]_i_46/O
                         net (fo=1, routed)           0.851     6.959    u_cpu/addr_trans/tlb_entry/ms_to_ws_bus_r_reg[239]_i_46_n_0
    SLICE_X11Y34         LUT5 (Prop_lut5_I1_O)        0.319     7.278 f  u_cpu/addr_trans/tlb_entry/ms_to_ws_bus_r[239]_i_20/O
                         net (fo=1, routed)           0.797     8.075    u_cpu/addr_trans/tlb_entry/ms_to_ws_bus_r[239]_i_20_n_0
    SLICE_X11Y33         LUT6 (Prop_lut6_I5_O)        0.124     8.199 f  u_cpu/addr_trans/tlb_entry/ms_to_ws_bus_r[239]_i_7/O
                         net (fo=1, routed)           0.296     8.495    u_cpu/addr_trans/tlb_entry/ms_to_ws_bus_r[239]_i_7_n_0
    SLICE_X11Y31         LUT6 (Prop_lut6_I5_O)        0.124     8.619 r  u_cpu/addr_trans/tlb_entry/ms_to_ws_bus_r[239]_i_2/O
                         net (fo=10, routed)          0.812     9.431    u_cpu/addr_trans/tlb_entry/ms_to_ws_bus_r[239]_i_2_n_0
    SLICE_X11Y25         LUT6 (Prop_lut6_I3_O)        0.124     9.555 r  u_cpu/addr_trans/tlb_entry/ms_to_ws_bus_r[235]_i_1/O
                         net (fo=6, routed)           0.918    10.474    u_cpu/addr_trans/tlb_entry/data_vaddr_buffer_reg[17]
    SLICE_X8Y35          LUT6 (Prop_lut6_I5_O)        0.124    10.598 r  u_cpu/addr_trans/tlb_entry/miss_buffer_replace_way[0]_i_10/O
                         net (fo=1, routed)           0.000    10.598    u_cpu/addr_trans/tlb_entry/miss_buffer_replace_way[0]_i_10_n_0
    SLICE_X8Y35          CARRY4 (Prop_carry4_S[1]_CO[3])
                                                      0.533    11.131 r  u_cpu/addr_trans/tlb_entry/miss_buffer_replace_way_reg[0]_i_4/CO[3]
                         net (fo=1, routed)           0.000    11.131    u_cpu/addr_trans/tlb_entry/miss_buffer_replace_way_reg[0]_i_4_n_0
    SLICE_X8Y36          CARRY4 (Prop_carry4_CI_CO[2])
                                                      0.229    11.360 f  u_cpu/addr_trans/tlb_entry/miss_buffer_replace_way_reg[0]_i_2/CO[2]
                         net (fo=5, routed)           0.998    12.358    u_cpu/dcache/tagv_ram_way[0].u/CO[0]
    SLICE_X14Y36         LUT6 (Prop_lut6_I0_O)        0.310    12.668 f  u_cpu/dcache/tagv_ram_way[0].u/write_buffer_way[1]_i_5/O
                         net (fo=4, routed)           0.723    13.391    u_cpu/mem_stage/p_22_in
    SLICE_X14Y26         LUT3 (Prop_lut3_I2_O)        0.124    13.515 f  u_cpu/mem_stage/main_state[0]_i_3/O
                         net (fo=3, routed)           0.925    14.439    u_cpu/dcache/main_state_reg[0]_2
    SLICE_X30Y25         LUT6 (Prop_lut6_I3_O)        0.124    14.563 f  u_cpu/dcache/es_to_ms_bus_r[214]_i_9/O
                         net (fo=3, routed)           0.654    15.217    u_cpu/mem_stage/data_data_ok
    SLICE_X28Y22         LUT6 (Prop_lut6_I2_O)        0.124    15.341 f  u_cpu/mem_stage/es_to_ms_bus_r[214]_i_4/O
                         net (fo=7, routed)           0.210    15.551    u_cpu/wb_stage/s1_asid_r_reg[0]
    SLICE_X28Y22         LUT6 (Prop_lut6_I1_O)        0.124    15.675 f  u_cpu/wb_stage/es_to_ms_bus_r[175]_i_2/O
                         net (fo=5, routed)           0.574    16.248    u_cpu/exe_stage/p_13_in
    SLICE_X28Y24         LUT5 (Prop_lut5_I0_O)        0.124    16.372 f  u_cpu/exe_stage/request_buffer_dcacop_i_1/O
                         net (fo=6, routed)           0.804    17.176    u_cpu/exe_stage/dcacop_op_en
    SLICE_X13Y24         LUT5 (Prop_lut5_I0_O)        0.124    17.300 f  u_cpu/exe_stage/s1_asid_r[9]_i_12/O
                         net (fo=1, routed)           0.433    17.733    u_cpu/exe_stage/dcache/main_lookup2lookup3
    SLICE_X13Y24         LUT5 (Prop_lut5_I2_O)        0.124    17.857 r  u_cpu/exe_stage/s1_asid_r[9]_i_7/O
                         net (fo=2, routed)           0.511    18.369    u_cpu/dcache/tagv_ram_way[1].u/p_23_in
    SLICE_X20Y24         LUT5 (Prop_lut5_I4_O)        0.124    18.493 r  u_cpu/dcache/tagv_ram_way[1].u/s1_asid_r[9]_i_2/O
                         net (fo=11, routed)          0.728    19.220    u_cpu/exe_stage/data_addr_ok
    SLICE_X26Y25         LUT6 (Prop_lut6_I3_O)        0.124    19.344 r  u_cpu/exe_stage/ds_to_es_bus_r[235]_i_8/O
                         net (fo=1, routed)           0.617    19.961    u_cpu/exe_stage/ds_to_es_bus_r[235]_i_8_n_0
    SLICE_X32Y24         LUT6 (Prop_lut6_I3_O)        0.124    20.085 r  u_cpu/exe_stage/ds_to_es_bus_r[235]_i_3/O
                         net (fo=7, routed)           0.318    20.403    u_cpu/id_stage/es_allowin
    SLICE_X35Y24         LUT4 (Prop_lut4_I3_O)        0.124    20.527 r  u_cpu/id_stage/btb_add_entry_r_i_3/O
                         net (fo=18, routed)          0.572    21.100    u_cpu/id_stage/btb_operate_en
    SLICE_X32Y24         LUT2 (Prop_lut2_I1_O)        0.124    21.224 f  u_cpu/id_stage/btb_target_reg_0_31_0_1_i_14/O
                         net (fo=31, routed)          0.879    22.102    u_cpu/id_stage/btb_target_reg_0_31_0_1_i_14_n_0
    SLICE_X32Y23         LUT6 (Prop_lut6_I0_O)        0.124    22.226 r  u_cpu/id_stage/btb_counter[29][1]_i_7/O
                         net (fo=1, routed)           1.049    23.276    u_cpu/id_stage/btb_counter[29][1]_i_7_n_0
    SLICE_X31Y43         LUT4 (Prop_lut4_I1_O)        0.124    23.400 r  u_cpu/id_stage/btb_counter[29][1]_i_5/O
                         net (fo=49, routed)          0.904    24.304    u_cpu/id_stage/btb_counter[29][1]_i_5_n_0
    SLICE_X31Y51         LUT6 (Prop_lut6_I0_O)        0.124    24.428 r  u_cpu/id_stage/btb_counter[8][1]_i_4/O
                         net (fo=2, routed)           0.867    25.295    u_cpu/btb/btb_counter_reg[8][1]_0
    SLICE_X31Y64         LUT3 (Prop_lut3_I1_O)        0.124    25.419 r  u_cpu/btb/btb_counter[8][1]_i_2/O
                         net (fo=1, routed)           0.575    25.994    u_cpu/btb/btb_counter[8][1]_i_2_n_0
    SLICE_X31Y64         LUT6 (Prop_lut6_I0_O)        0.124    26.118 r  u_cpu/btb/btb_counter[8][1]_i_1/O
                         net (fo=1, routed)           0.000    26.118    u_cpu/btb/btb_counter[8][1]_i_1_n_0
    SLICE_X31Y64         FDRE                                         r  u_cpu/btb/btb_counter_reg[8][1]/D
  -------------------------------------------------------------------    -------------------

                         (clock cpu_clk rise edge)   30.323    30.323 r  
    K21                                               0.000    30.323 r  clk (IN)
                         net (fo=0)                   0.000    30.323    pll_clk.u_clk_pll/inst/clk_in1
    K21                  IBUF (Prop_ibuf_I_O)         1.393    31.715 r  pll_clk.u_clk_pll/inst/clkin1_ibufg/O
                         net (fo=1, routed)           1.181    32.896    pll_clk.u_clk_pll/inst/clk_in1_clk_pll
    PLLE2_ADV_X0Y3       PLLE2_ADV (Prop_plle2_adv_CLKIN1_CLKOUT0)
                                                     -8.248    24.648 r  pll_clk.u_clk_pll/inst/plle2_adv_inst/CLKOUT0
                         net (fo=1, routed)           1.755    26.403    pll_clk.u_clk_pll/inst/cpu_clk_clk_pll
    BUFGCTRL_X0Y16       BUFG (Prop_bufg_I_O)         0.091    26.494 r  pll_clk.u_clk_pll/inst/clkout1_buf/O
                         net (fo=6480, routed)        1.807    28.301    u_cpu/btb/cpu_clk
    SLICE_X31Y64         FDRE                                         r  u_cpu/btb/btb_counter_reg[8][1]/C
                         clock pessimism             -0.498    27.803    
                         clock uncertainty           -0.072    27.731    
    SLICE_X31Y64         FDRE (Setup_fdre_C_D)        0.029    27.760    u_cpu/btb/btb_counter_reg[8][1]
  -------------------------------------------------------------------
                         required time                         27.760    
                         arrival time                         -26.118    
  -------------------------------------------------------------------
                         slack                                  1.643    

Slack (MET) :             1.717ns  (required time - arrival time)
  Source:                 u_cpu/addr_trans/data_vaddr_buffer_reg[15]/C
                            (rising edge-triggered cell FDRE clocked by cpu_clk  {rise@0.000ns fall@15.161ns period=30.323ns})
  Destination:            u_cpu/btb/btb_counter_reg[4][0]/D
                            (rising edge-triggered cell FDRE clocked by cpu_clk  {rise@0.000ns fall@15.161ns period=30.323ns})
  Path Group:             cpu_clk
  Path Type:              Setup (Max at Slow Process Corner)
  Requirement:            30.323ns  (cpu_clk rise@30.323ns - cpu_clk rise@0.000ns)
  Data Path Delay:        28.282ns  (logic 6.536ns (23.110%)  route 21.746ns (76.890%))
  Logic Levels:           33  (CARRY4=4 LUT2=1 LUT3=2 LUT4=2 LUT5=6 LUT6=16 MUXF7=1 MUXF8=1)
  Clock Path Skew:        -0.283ns (DCD - SCD + CPR)
    Destination Clock Delay (DCD):    -2.021ns = ( 28.301 - 30.323 ) 
    Source Clock Delay      (SCD):    -2.237ns
    Clock Pessimism Removal (CPR):    -0.498ns
  Clock Uncertainty:      0.072ns  ((TSJ^2 + DJ^2)^1/2) / 2 + PE
    Total System Jitter     (TSJ):    0.071ns
    Discrete Jitter          (DJ):    0.125ns
    Phase Error              (PE):    0.000ns

    Location             Delay type                Incr(ns)  Path(ns)    Netlist Resource(s)
  -------------------------------------------------------------------    -------------------
                         (clock cpu_clk rise edge)    0.000     0.000 r  
    K21                                               0.000     0.000 r  clk (IN)
                         net (fo=0)                   0.000     0.000    pll_clk.u_clk_pll/inst/clk_in1
    K21                  IBUF (Prop_ibuf_I_O)         1.463     1.463 r  pll_clk.u_clk_pll/inst/clkin1_ibufg/O
                         net (fo=1, routed)           1.253     2.716    pll_clk.u_clk_pll/inst/clk_in1_clk_pll
    PLLE2_ADV_X0Y3       PLLE2_ADV (Prop_plle2_adv_CLKIN1_CLKOUT0)
                                                     -8.991    -6.275 r  pll_clk.u_clk_pll/inst/plle2_adv_inst/CLKOUT0
                         net (fo=1, routed)           1.837    -4.438    pll_clk.u_clk_pll/inst/cpu_clk_clk_pll
    BUFGCTRL_X0Y16       BUFG (Prop_bufg_I_O)         0.096    -4.342 r  pll_clk.u_clk_pll/inst/clkout1_buf/O
                         net (fo=6480, routed)        2.105    -2.237    u_cpu/addr_trans/cpu_clk
    SLICE_X32Y27         FDRE                                         r  u_cpu/addr_trans/data_vaddr_buffer_reg[15]/C
  -------------------------------------------------------------------    -------------------
    SLICE_X32Y27         FDRE (Prop_fdre_C_Q)         0.456    -1.781 r  u_cpu/addr_trans/data_vaddr_buffer_reg[15]/Q
                         net (fo=33, routed)          1.714    -0.066    u_cpu/addr_trans/tlb_entry/data_vaddr_buffer[3]
    SLICE_X43Y34         LUT6 (Prop_lut6_I3_O)        0.124     0.058 r  u_cpu/addr_trans/tlb_entry/ms_to_ws_bus_r[175]_i_235/O
                         net (fo=1, routed)           0.000     0.058    u_cpu/addr_trans/tlb_entry/ms_to_ws_bus_r[175]_i_235_n_0
    SLICE_X43Y34         CARRY4 (Prop_carry4_S[0]_CO[3])
                                                      0.532     0.590 r  u_cpu/addr_trans/tlb_entry/ms_to_ws_bus_r_reg[175]_i_136/CO[3]
                         net (fo=1, routed)           0.000     0.590    u_cpu/addr_trans/tlb_entry/ms_to_ws_bus_r_reg[175]_i_136_n_0
    SLICE_X43Y35         CARRY4 (Prop_carry4_CI_CO[2])
                                                      0.228     0.818 r  u_cpu/addr_trans/tlb_entry/ms_to_ws_bus_r_reg[175]_i_40/CO[2]
                         net (fo=1, routed)           1.098     1.915    u_cpu/addr_trans/tlb_entry/ms_to_ws_bus_r_reg[175]_i_40_n_1
    SLICE_X41Y39         LUT6 (Prop_lut6_I1_O)        0.313     2.228 r  u_cpu/addr_trans/tlb_entry/ms_to_ws_bus_r[175]_i_10/O
                         net (fo=4, routed)           1.142     3.370    u_cpu/addr_trans/tlb_entry/match1[23]
    SLICE_X25Y39         LUT5 (Prop_lut5_I3_O)        0.150     3.520 r  u_cpu/addr_trans/tlb_entry/ms_to_ws_bus_r[175]_i_2/O
                         net (fo=2, routed)           1.026     4.545    u_cpu/addr_trans/tlb_entry/ms_to_ws_bus_r[175]_i_2_n_0
    SLICE_X17Y40         LUT6 (Prop_lut6_I0_O)        0.326     4.871 r  u_cpu/addr_trans/tlb_entry/ms_to_ws_bus_r[173]_i_1/O
                         net (fo=89, routed)          0.825     5.696    u_cpu/addr_trans/tlb_entry/invalid_tlb_entry[17].tlb_e_reg[17]_1[5]
    SLICE_X10Y42         MUXF7 (Prop_muxf7_S_O)       0.314     6.010 f  u_cpu/addr_trans/tlb_entry/ms_to_ws_bus_r_reg[239]_i_67/O
                         net (fo=1, routed)           0.000     6.010    u_cpu/addr_trans/tlb_entry/ms_to_ws_bus_r_reg[239]_i_67_n_0
    SLICE_X10Y42         MUXF8 (Prop_muxf8_I0_O)      0.098     6.108 f  u_cpu/addr_trans/tlb_entry/ms_to_ws_bus_r_reg[239]_i_46/O
                         net (fo=1, routed)           0.851     6.959    u_cpu/addr_trans/tlb_entry/ms_to_ws_bus_r_reg[239]_i_46_n_0
    SLICE_X11Y34         LUT5 (Prop_lut5_I1_O)        0.319     7.278 f  u_cpu/addr_trans/tlb_entry/ms_to_ws_bus_r[239]_i_20/O
                         net (fo=1, routed)           0.797     8.075    u_cpu/addr_trans/tlb_entry/ms_to_ws_bus_r[239]_i_20_n_0
    SLICE_X11Y33         LUT6 (Prop_lut6_I5_O)        0.124     8.199 f  u_cpu/addr_trans/tlb_entry/ms_to_ws_bus_r[239]_i_7/O
                         net (fo=1, routed)           0.296     8.495    u_cpu/addr_trans/tlb_entry/ms_to_ws_bus_r[239]_i_7_n_0
    SLICE_X11Y31         LUT6 (Prop_lut6_I5_O)        0.124     8.619 r  u_cpu/addr_trans/tlb_entry/ms_to_ws_bus_r[239]_i_2/O
                         net (fo=10, routed)          0.812     9.431    u_cpu/addr_trans/tlb_entry/ms_to_ws_bus_r[239]_i_2_n_0
    SLICE_X11Y25         LUT6 (Prop_lut6_I3_O)        0.124     9.555 r  u_cpu/addr_trans/tlb_entry/ms_to_ws_bus_r[235]_i_1/O
                         net (fo=6, routed)           0.918    10.474    u_cpu/addr_trans/tlb_entry/data_vaddr_buffer_reg[17]
    SLICE_X8Y35          LUT6 (Prop_lut6_I5_O)        0.124    10.598 r  u_cpu/addr_trans/tlb_entry/miss_buffer_replace_way[0]_i_10/O
                         net (fo=1, routed)           0.000    10.598    u_cpu/addr_trans/tlb_entry/miss_buffer_replace_way[0]_i_10_n_0
    SLICE_X8Y35          CARRY4 (Prop_carry4_S[1]_CO[3])
                                                      0.533    11.131 r  u_cpu/addr_trans/tlb_entry/miss_buffer_replace_way_reg[0]_i_4/CO[3]
                         net (fo=1, routed)           0.000    11.131    u_cpu/addr_trans/tlb_entry/miss_buffer_replace_way_reg[0]_i_4_n_0
    SLICE_X8Y36          CARRY4 (Prop_carry4_CI_CO[2])
                                                      0.229    11.360 f  u_cpu/addr_trans/tlb_entry/miss_buffer_replace_way_reg[0]_i_2/CO[2]
                         net (fo=5, routed)           0.998    12.358    u_cpu/dcache/tagv_ram_way[0].u/CO[0]
    SLICE_X14Y36         LUT6 (Prop_lut6_I0_O)        0.310    12.668 f  u_cpu/dcache/tagv_ram_way[0].u/write_buffer_way[1]_i_5/O
                         net (fo=4, routed)           0.723    13.391    u_cpu/mem_stage/p_22_in
    SLICE_X14Y26         LUT3 (Prop_lut3_I2_O)        0.124    13.515 f  u_cpu/mem_stage/main_state[0]_i_3/O
                         net (fo=3, routed)           0.925    14.439    u_cpu/dcache/main_state_reg[0]_2
    SLICE_X30Y25         LUT6 (Prop_lut6_I3_O)        0.124    14.563 f  u_cpu/dcache/es_to_ms_bus_r[214]_i_9/O
                         net (fo=3, routed)           0.654    15.217    u_cpu/mem_stage/data_data_ok
    SLICE_X28Y22         LUT6 (Prop_lut6_I2_O)        0.124    15.341 f  u_cpu/mem_stage/es_to_ms_bus_r[214]_i_4/O
                         net (fo=7, routed)           0.210    15.551    u_cpu/wb_stage/s1_asid_r_reg[0]
    SLICE_X28Y22         LUT6 (Prop_lut6_I1_O)        0.124    15.675 f  u_cpu/wb_stage/es_to_ms_bus_r[175]_i_2/O
                         net (fo=5, routed)           0.574    16.248    u_cpu/exe_stage/p_13_in
    SLICE_X28Y24         LUT5 (Prop_lut5_I0_O)        0.124    16.372 f  u_cpu/exe_stage/request_buffer_dcacop_i_1/O
                         net (fo=6, routed)           0.804    17.176    u_cpu/exe_stage/dcacop_op_en
    SLICE_X13Y24         LUT5 (Prop_lut5_I0_O)        0.124    17.300 f  u_cpu/exe_stage/s1_asid_r[9]_i_12/O
                         net (fo=1, routed)           0.433    17.733    u_cpu/exe_stage/dcache/main_lookup2lookup3
    SLICE_X13Y24         LUT5 (Prop_lut5_I2_O)        0.124    17.857 r  u_cpu/exe_stage/s1_asid_r[9]_i_7/O
                         net (fo=2, routed)           0.511    18.369    u_cpu/dcache/tagv_ram_way[1].u/p_23_in
    SLICE_X20Y24         LUT5 (Prop_lut5_I4_O)        0.124    18.493 r  u_cpu/dcache/tagv_ram_way[1].u/s1_asid_r[9]_i_2/O
                         net (fo=11, routed)          0.728    19.220    u_cpu/exe_stage/data_addr_ok
    SLICE_X26Y25         LUT6 (Prop_lut6_I3_O)        0.124    19.344 r  u_cpu/exe_stage/ds_to_es_bus_r[235]_i_8/O
                         net (fo=1, routed)           0.617    19.961    u_cpu/exe_stage/ds_to_es_bus_r[235]_i_8_n_0
    SLICE_X32Y24         LUT6 (Prop_lut6_I3_O)        0.124    20.085 r  u_cpu/exe_stage/ds_to_es_bus_r[235]_i_3/O
                         net (fo=7, routed)           0.318    20.403    u_cpu/id_stage/es_allowin
    SLICE_X35Y24         LUT4 (Prop_lut4_I3_O)        0.124    20.527 r  u_cpu/id_stage/btb_add_entry_r_i_3/O
                         net (fo=18, routed)          0.572    21.100    u_cpu/id_stage/btb_operate_en
    SLICE_X32Y24         LUT2 (Prop_lut2_I1_O)        0.124    21.224 f  u_cpu/id_stage/btb_target_reg_0_31_0_1_i_14/O
                         net (fo=31, routed)          0.879    22.102    u_cpu/id_stage/btb_target_reg_0_31_0_1_i_14_n_0
    SLICE_X32Y23         LUT6 (Prop_lut6_I0_O)        0.124    22.226 r  u_cpu/id_stage/btb_counter[29][1]_i_7/O
                         net (fo=1, routed)           1.049    23.276    u_cpu/id_stage/btb_counter[29][1]_i_7_n_0
    SLICE_X31Y43         LUT4 (Prop_lut4_I1_O)        0.124    23.400 r  u_cpu/id_stage/btb_counter[29][1]_i_5/O
                         net (fo=49, routed)          0.754    24.154    u_cpu/id_stage/btb_counter[29][1]_i_5_n_0
    SLICE_X30Y49         LUT6 (Prop_lut6_I0_O)        0.124    24.278 r  u_cpu/id_stage/btb_counter[4][1]_i_4/O
                         net (fo=2, routed)           0.897    25.175    u_cpu/btb/btb_counter_reg[4][1]_0
    SLICE_X30Y64         LUT3 (Prop_lut3_I1_O)        0.124    25.299 r  u_cpu/btb/btb_counter[4][0]_i_2/O
                         net (fo=1, routed)           0.622    25.921    u_cpu/btb/btb_counter[4][0]_i_2_n_0
    SLICE_X30Y64         LUT6 (Prop_lut6_I0_O)        0.124    26.045 r  u_cpu/btb/btb_counter[4][0]_i_1/O
                         net (fo=1, routed)           0.000    26.045    u_cpu/btb/btb_counter[4][0]_i_1_n_0
    SLICE_X30Y64         FDRE                                         r  u_cpu/btb/btb_counter_reg[4][0]/D
  -------------------------------------------------------------------    -------------------

                         (clock cpu_clk rise edge)   30.323    30.323 r  
    K21                                               0.000    30.323 r  clk (IN)
                         net (fo=0)                   0.000    30.323    pll_clk.u_clk_pll/inst/clk_in1
    K21                  IBUF (Prop_ibuf_I_O)         1.393    31.715 r  pll_clk.u_clk_pll/inst/clkin1_ibufg/O
                         net (fo=1, routed)           1.181    32.896    pll_clk.u_clk_pll/inst/clk_in1_clk_pll
    PLLE2_ADV_X0Y3       PLLE2_ADV (Prop_plle2_adv_CLKIN1_CLKOUT0)
                                                     -8.248    24.648 r  pll_clk.u_clk_pll/inst/plle2_adv_inst/CLKOUT0
                         net (fo=1, routed)           1.755    26.403    pll_clk.u_clk_pll/inst/cpu_clk_clk_pll
    BUFGCTRL_X0Y16       BUFG (Prop_bufg_I_O)         0.091    26.494 r  pll_clk.u_clk_pll/inst/clkout1_buf/O
                         net (fo=6480, routed)        1.807    28.301    u_cpu/btb/cpu_clk
    SLICE_X30Y64         FDRE                                         r  u_cpu/btb/btb_counter_reg[4][0]/C
                         clock pessimism             -0.498    27.803    
                         clock uncertainty           -0.072    27.731    
    SLICE_X30Y64         FDRE (Setup_fdre_C_D)        0.031    27.762    u_cpu/btb/btb_counter_reg[4][0]
  -------------------------------------------------------------------
                         required time                         27.762    
                         arrival time                         -26.045    
  -------------------------------------------------------------------
                         slack                                  1.717    

Slack (MET) :             1.719ns  (required time - arrival time)
  Source:                 u_cpu/addr_trans/data_vaddr_buffer_reg[15]/C
                            (rising edge-triggered cell FDRE clocked by cpu_clk  {rise@0.000ns fall@15.161ns period=30.323ns})
  Destination:            u_cpu/btb/btb_counter_reg[5][0]/D
                            (rising edge-triggered cell FDRE clocked by cpu_clk  {rise@0.000ns fall@15.161ns period=30.323ns})
  Path Group:             cpu_clk
  Path Type:              Setup (Max at Slow Process Corner)
  Requirement:            30.323ns  (cpu_clk rise@30.323ns - cpu_clk rise@0.000ns)
  Data Path Delay:        28.272ns  (logic 6.536ns (23.118%)  route 21.736ns (76.882%))
  Logic Levels:           33  (CARRY4=4 LUT2=1 LUT3=2 LUT4=2 LUT5=6 LUT6=16 MUXF7=1 MUXF8=1)
  Clock Path Skew:        -0.288ns (DCD - SCD + CPR)
    Destination Clock Delay (DCD):    -2.026ns = ( 28.296 - 30.323 ) 
    Source Clock Delay      (SCD):    -2.237ns
    Clock Pessimism Removal (CPR):    -0.498ns
  Clock Uncertainty:      0.072ns  ((TSJ^2 + DJ^2)^1/2) / 2 + PE
    Total System Jitter     (TSJ):    0.071ns
    Discrete Jitter          (DJ):    0.125ns
    Phase Error              (PE):    0.000ns

    Location             Delay type                Incr(ns)  Path(ns)    Netlist Resource(s)
  -------------------------------------------------------------------    -------------------
                         (clock cpu_clk rise edge)    0.000     0.000 r  
    K21                                               0.000     0.000 r  clk (IN)
                         net (fo=0)                   0.000     0.000    pll_clk.u_clk_pll/inst/clk_in1
    K21                  IBUF (Prop_ibuf_I_O)         1.463     1.463 r  pll_clk.u_clk_pll/inst/clkin1_ibufg/O
                         net (fo=1, routed)           1.253     2.716    pll_clk.u_clk_pll/inst/clk_in1_clk_pll
    PLLE2_ADV_X0Y3       PLLE2_ADV (Prop_plle2_adv_CLKIN1_CLKOUT0)
                                                     -8.991    -6.275 r  pll_clk.u_clk_pll/inst/plle2_adv_inst/CLKOUT0
                         net (fo=1, routed)           1.837    -4.438    pll_clk.u_clk_pll/inst/cpu_clk_clk_pll
    BUFGCTRL_X0Y16       BUFG (Prop_bufg_I_O)         0.096    -4.342 r  pll_clk.u_clk_pll/inst/clkout1_buf/O
                         net (fo=6480, routed)        2.105    -2.237    u_cpu/addr_trans/cpu_clk
    SLICE_X32Y27         FDRE                                         r  u_cpu/addr_trans/data_vaddr_buffer_reg[15]/C
  -------------------------------------------------------------------    -------------------
    SLICE_X32Y27         FDRE (Prop_fdre_C_Q)         0.456    -1.781 r  u_cpu/addr_trans/data_vaddr_buffer_reg[15]/Q
                         net (fo=33, routed)          1.714    -0.066    u_cpu/addr_trans/tlb_entry/data_vaddr_buffer[3]
    SLICE_X43Y34         LUT6 (Prop_lut6_I3_O)        0.124     0.058 r  u_cpu/addr_trans/tlb_entry/ms_to_ws_bus_r[175]_i_235/O
                         net (fo=1, routed)           0.000     0.058    u_cpu/addr_trans/tlb_entry/ms_to_ws_bus_r[175]_i_235_n_0
    SLICE_X43Y34         CARRY4 (Prop_carry4_S[0]_CO[3])
                                                      0.532     0.590 r  u_cpu/addr_trans/tlb_entry/ms_to_ws_bus_r_reg[175]_i_136/CO[3]
                         net (fo=1, routed)           0.000     0.590    u_cpu/addr_trans/tlb_entry/ms_to_ws_bus_r_reg[175]_i_136_n_0
    SLICE_X43Y35         CARRY4 (Prop_carry4_CI_CO[2])
                                                      0.228     0.818 r  u_cpu/addr_trans/tlb_entry/ms_to_ws_bus_r_reg[175]_i_40/CO[2]
                         net (fo=1, routed)           1.098     1.915    u_cpu/addr_trans/tlb_entry/ms_to_ws_bus_r_reg[175]_i_40_n_1
    SLICE_X41Y39         LUT6 (Prop_lut6_I1_O)        0.313     2.228 r  u_cpu/addr_trans/tlb_entry/ms_to_ws_bus_r[175]_i_10/O
                         net (fo=4, routed)           1.142     3.370    u_cpu/addr_trans/tlb_entry/match1[23]
    SLICE_X25Y39         LUT5 (Prop_lut5_I3_O)        0.150     3.520 r  u_cpu/addr_trans/tlb_entry/ms_to_ws_bus_r[175]_i_2/O
                         net (fo=2, routed)           1.026     4.545    u_cpu/addr_trans/tlb_entry/ms_to_ws_bus_r[175]_i_2_n_0
    SLICE_X17Y40         LUT6 (Prop_lut6_I0_O)        0.326     4.871 r  u_cpu/addr_trans/tlb_entry/ms_to_ws_bus_r[173]_i_1/O
                         net (fo=89, routed)          0.825     5.696    u_cpu/addr_trans/tlb_entry/invalid_tlb_entry[17].tlb_e_reg[17]_1[5]
    SLICE_X10Y42         MUXF7 (Prop_muxf7_S_O)       0.314     6.010 f  u_cpu/addr_trans/tlb_entry/ms_to_ws_bus_r_reg[239]_i_67/O
                         net (fo=1, routed)           0.000     6.010    u_cpu/addr_trans/tlb_entry/ms_to_ws_bus_r_reg[239]_i_67_n_0
    SLICE_X10Y42         MUXF8 (Prop_muxf8_I0_O)      0.098     6.108 f  u_cpu/addr_trans/tlb_entry/ms_to_ws_bus_r_reg[239]_i_46/O
                         net (fo=1, routed)           0.851     6.959    u_cpu/addr_trans/tlb_entry/ms_to_ws_bus_r_reg[239]_i_46_n_0
    SLICE_X11Y34         LUT5 (Prop_lut5_I1_O)        0.319     7.278 f  u_cpu/addr_trans/tlb_entry/ms_to_ws_bus_r[239]_i_20/O
                         net (fo=1, routed)           0.797     8.075    u_cpu/addr_trans/tlb_entry/ms_to_ws_bus_r[239]_i_20_n_0
    SLICE_X11Y33         LUT6 (Prop_lut6_I5_O)        0.124     8.199 f  u_cpu/addr_trans/tlb_entry/ms_to_ws_bus_r[239]_i_7/O
                         net (fo=1, routed)           0.296     8.495    u_cpu/addr_trans/tlb_entry/ms_to_ws_bus_r[239]_i_7_n_0
    SLICE_X11Y31         LUT6 (Prop_lut6_I5_O)        0.124     8.619 r  u_cpu/addr_trans/tlb_entry/ms_to_ws_bus_r[239]_i_2/O
                         net (fo=10, routed)          0.812     9.431    u_cpu/addr_trans/tlb_entry/ms_to_ws_bus_r[239]_i_2_n_0
    SLICE_X11Y25         LUT6 (Prop_lut6_I3_O)        0.124     9.555 r  u_cpu/addr_trans/tlb_entry/ms_to_ws_bus_r[235]_i_1/O
                         net (fo=6, routed)           0.918    10.474    u_cpu/addr_trans/tlb_entry/data_vaddr_buffer_reg[17]
    SLICE_X8Y35          LUT6 (Prop_lut6_I5_O)        0.124    10.598 r  u_cpu/addr_trans/tlb_entry/miss_buffer_replace_way[0]_i_10/O
                         net (fo=1, routed)           0.000    10.598    u_cpu/addr_trans/tlb_entry/miss_buffer_replace_way[0]_i_10_n_0
    SLICE_X8Y35          CARRY4 (Prop_carry4_S[1]_CO[3])
                                                      0.533    11.131 r  u_cpu/addr_trans/tlb_entry/miss_buffer_replace_way_reg[0]_i_4/CO[3]
                         net (fo=1, routed)           0.000    11.131    u_cpu/addr_trans/tlb_entry/miss_buffer_replace_way_reg[0]_i_4_n_0
    SLICE_X8Y36          CARRY4 (Prop_carry4_CI_CO[2])
                                                      0.229    11.360 f  u_cpu/addr_trans/tlb_entry/miss_buffer_replace_way_reg[0]_i_2/CO[2]
                         net (fo=5, routed)           0.998    12.358    u_cpu/dcache/tagv_ram_way[0].u/CO[0]
    SLICE_X14Y36         LUT6 (Prop_lut6_I0_O)        0.310    12.668 f  u_cpu/dcache/tagv_ram_way[0].u/write_buffer_way[1]_i_5/O
                         net (fo=4, routed)           0.723    13.391    u_cpu/mem_stage/p_22_in
    SLICE_X14Y26         LUT3 (Prop_lut3_I2_O)        0.124    13.515 f  u_cpu/mem_stage/main_state[0]_i_3/O
                         net (fo=3, routed)           0.925    14.439    u_cpu/dcache/main_state_reg[0]_2
    SLICE_X30Y25         LUT6 (Prop_lut6_I3_O)        0.124    14.563 f  u_cpu/dcache/es_to_ms_bus_r[214]_i_9/O
                         net (fo=3, routed)           0.654    15.217    u_cpu/mem_stage/data_data_ok
    SLICE_X28Y22         LUT6 (Prop_lut6_I2_O)        0.124    15.341 f  u_cpu/mem_stage/es_to_ms_bus_r[214]_i_4/O
                         net (fo=7, routed)           0.210    15.551    u_cpu/wb_stage/s1_asid_r_reg[0]
    SLICE_X28Y22         LUT6 (Prop_lut6_I1_O)        0.124    15.675 f  u_cpu/wb_stage/es_to_ms_bus_r[175]_i_2/O
                         net (fo=5, routed)           0.574    16.248    u_cpu/exe_stage/p_13_in
    SLICE_X28Y24         LUT5 (Prop_lut5_I0_O)        0.124    16.372 f  u_cpu/exe_stage/request_buffer_dcacop_i_1/O
                         net (fo=6, routed)           0.804    17.176    u_cpu/exe_stage/dcacop_op_en
    SLICE_X13Y24         LUT5 (Prop_lut5_I0_O)        0.124    17.300 f  u_cpu/exe_stage/s1_asid_r[9]_i_12/O
                         net (fo=1, routed)           0.433    17.733    u_cpu/exe_stage/dcache/main_lookup2lookup3
    SLICE_X13Y24         LUT5 (Prop_lut5_I2_O)        0.124    17.857 r  u_cpu/exe_stage/s1_asid_r[9]_i_7/O
                         net (fo=2, routed)           0.511    18.369    u_cpu/dcache/tagv_ram_way[1].u/p_23_in
    SLICE_X20Y24         LUT5 (Prop_lut5_I4_O)        0.124    18.493 r  u_cpu/dcache/tagv_ram_way[1].u/s1_asid_r[9]_i_2/O
                         net (fo=11, routed)          0.728    19.220    u_cpu/exe_stage/data_addr_ok
    SLICE_X26Y25         LUT6 (Prop_lut6_I3_O)        0.124    19.344 r  u_cpu/exe_stage/ds_to_es_bus_r[235]_i_8/O
                         net (fo=1, routed)           0.617    19.961    u_cpu/exe_stage/ds_to_es_bus_r[235]_i_8_n_0
    SLICE_X32Y24         LUT6 (Prop_lut6_I3_O)        0.124    20.085 r  u_cpu/exe_stage/ds_to_es_bus_r[235]_i_3/O
                         net (fo=7, routed)           0.318    20.403    u_cpu/id_stage/es_allowin
    SLICE_X35Y24         LUT4 (Prop_lut4_I3_O)        0.124    20.527 r  u_cpu/id_stage/btb_add_entry_r_i_3/O
                         net (fo=18, routed)          0.572    21.100    u_cpu/id_stage/btb_operate_en
    SLICE_X32Y24         LUT2 (Prop_lut2_I1_O)        0.124    21.224 f  u_cpu/id_stage/btb_target_reg_0_31_0_1_i_14/O
                         net (fo=31, routed)          0.879    22.102    u_cpu/id_stage/btb_target_reg_0_31_0_1_i_14_n_0
    SLICE_X32Y23         LUT6 (Prop_lut6_I0_O)        0.124    22.226 r  u_cpu/id_stage/btb_counter[29][1]_i_7/O
                         net (fo=1, routed)           1.049    23.276    u_cpu/id_stage/btb_counter[29][1]_i_7_n_0
    SLICE_X31Y43         LUT4 (Prop_lut4_I1_O)        0.124    23.400 r  u_cpu/id_stage/btb_counter[29][1]_i_5/O
                         net (fo=49, routed)          1.326    24.725    u_cpu/id_stage/btb_counter[29][1]_i_5_n_0
    SLICE_X30Y68         LUT6 (Prop_lut6_I0_O)        0.124    24.849 r  u_cpu/id_stage/btb_counter[5][1]_i_4/O
                         net (fo=2, routed)           0.446    25.295    u_cpu/btb/btb_counter_reg[5][1]_0
    SLICE_X30Y68         LUT3 (Prop_lut3_I1_O)        0.124    25.419 r  u_cpu/btb/btb_counter[5][0]_i_2/O
                         net (fo=1, routed)           0.493    25.912    u_cpu/btb/btb_counter[5][0]_i_2_n_0
    SLICE_X30Y68         LUT6 (Prop_lut6_I0_O)        0.124    26.036 r  u_cpu/btb/btb_counter[5][0]_i_1/O
                         net (fo=1, routed)           0.000    26.036    u_cpu/btb/btb_counter[5][0]_i_1_n_0
    SLICE_X30Y68         FDRE                                         r  u_cpu/btb/btb_counter_reg[5][0]/D
  -------------------------------------------------------------------    -------------------

                         (clock cpu_clk rise edge)   30.323    30.323 r  
    K21                                               0.000    30.323 r  clk (IN)
                         net (fo=0)                   0.000    30.323    pll_clk.u_clk_pll/inst/clk_in1
    K21                  IBUF (Prop_ibuf_I_O)         1.393    31.715 r  pll_clk.u_clk_pll/inst/clkin1_ibufg/O
                         net (fo=1, routed)           1.181    32.896    pll_clk.u_clk_pll/inst/clk_in1_clk_pll
    PLLE2_ADV_X0Y3       PLLE2_ADV (Prop_plle2_adv_CLKIN1_CLKOUT0)
                                                     -8.248    24.648 r  pll_clk.u_clk_pll/inst/plle2_adv_inst/CLKOUT0
                         net (fo=1, routed)           1.755    26.403    pll_clk.u_clk_pll/inst/cpu_clk_clk_pll
    BUFGCTRL_X0Y16       BUFG (Prop_bufg_I_O)         0.091    26.494 r  pll_clk.u_clk_pll/inst/clkout1_buf/O
                         net (fo=6480, routed)        1.802    28.296    u_cpu/btb/cpu_clk
    SLICE_X30Y68         FDRE                                         r  u_cpu/btb/btb_counter_reg[5][0]/C
                         clock pessimism             -0.498    27.798    
                         clock uncertainty           -0.072    27.726    
    SLICE_X30Y68         FDRE (Setup_fdre_C_D)        0.029    27.755    u_cpu/btb/btb_counter_reg[5][0]
  -------------------------------------------------------------------
                         required time                         27.755    
                         arrival time                         -26.036    
  -------------------------------------------------------------------
                         slack                                  1.719    

Slack (MET) :             1.736ns  (required time - arrival time)
  Source:                 u_cpu/addr_trans/data_vaddr_buffer_reg[15]/C
                            (rising edge-triggered cell FDRE clocked by cpu_clk  {rise@0.000ns fall@15.161ns period=30.323ns})
  Destination:            u_cpu/btb/btb_counter_reg[31][1]/D
                            (rising edge-triggered cell FDRE clocked by cpu_clk  {rise@0.000ns fall@15.161ns period=30.323ns})
  Path Group:             cpu_clk
  Path Type:              Setup (Max at Slow Process Corner)
  Requirement:            30.323ns  (cpu_clk rise@30.323ns - cpu_clk rise@0.000ns)
  Data Path Delay:        28.259ns  (logic 6.536ns (23.129%)  route 21.723ns (76.871%))
  Logic Levels:           33  (CARRY4=4 LUT2=1 LUT3=2 LUT4=2 LUT5=6 LUT6=16 MUXF7=1 MUXF8=1)
  Clock Path Skew:        -0.284ns (DCD - SCD + CPR)
    Destination Clock Delay (DCD):    -2.022ns = ( 28.300 - 30.323 ) 
    Source Clock Delay      (SCD):    -2.237ns
    Clock Pessimism Removal (CPR):    -0.498ns
  Clock Uncertainty:      0.072ns  ((TSJ^2 + DJ^2)^1/2) / 2 + PE
    Total System Jitter     (TSJ):    0.071ns
    Discrete Jitter          (DJ):    0.125ns
    Phase Error              (PE):    0.000ns

    Location             Delay type                Incr(ns)  Path(ns)    Netlist Resource(s)
  -------------------------------------------------------------------    -------------------
                         (clock cpu_clk rise edge)    0.000     0.000 r  
    K21                                               0.000     0.000 r  clk (IN)
                         net (fo=0)                   0.000     0.000    pll_clk.u_clk_pll/inst/clk_in1
    K21                  IBUF (Prop_ibuf_I_O)         1.463     1.463 r  pll_clk.u_clk_pll/inst/clkin1_ibufg/O
                         net (fo=1, routed)           1.253     2.716    pll_clk.u_clk_pll/inst/clk_in1_clk_pll
    PLLE2_ADV_X0Y3       PLLE2_ADV (Prop_plle2_adv_CLKIN1_CLKOUT0)
                                                     -8.991    -6.275 r  pll_clk.u_clk_pll/inst/plle2_adv_inst/CLKOUT0
                         net (fo=1, routed)           1.837    -4.438    pll_clk.u_clk_pll/inst/cpu_clk_clk_pll
    BUFGCTRL_X0Y16       BUFG (Prop_bufg_I_O)         0.096    -4.342 r  pll_clk.u_clk_pll/inst/clkout1_buf/O
                         net (fo=6480, routed)        2.105    -2.237    u_cpu/addr_trans/cpu_clk
    SLICE_X32Y27         FDRE                                         r  u_cpu/addr_trans/data_vaddr_buffer_reg[15]/C
  -------------------------------------------------------------------    -------------------
    SLICE_X32Y27         FDRE (Prop_fdre_C_Q)         0.456    -1.781 r  u_cpu/addr_trans/data_vaddr_buffer_reg[15]/Q
                         net (fo=33, routed)          1.714    -0.066    u_cpu/addr_trans/tlb_entry/data_vaddr_buffer[3]
    SLICE_X43Y34         LUT6 (Prop_lut6_I3_O)        0.124     0.058 r  u_cpu/addr_trans/tlb_entry/ms_to_ws_bus_r[175]_i_235/O
                         net (fo=1, routed)           0.000     0.058    u_cpu/addr_trans/tlb_entry/ms_to_ws_bus_r[175]_i_235_n_0
    SLICE_X43Y34         CARRY4 (Prop_carry4_S[0]_CO[3])
                                                      0.532     0.590 r  u_cpu/addr_trans/tlb_entry/ms_to_ws_bus_r_reg[175]_i_136/CO[3]
                         net (fo=1, routed)           0.000     0.590    u_cpu/addr_trans/tlb_entry/ms_to_ws_bus_r_reg[175]_i_136_n_0
    SLICE_X43Y35         CARRY4 (Prop_carry4_CI_CO[2])
                                                      0.228     0.818 r  u_cpu/addr_trans/tlb_entry/ms_to_ws_bus_r_reg[175]_i_40/CO[2]
                         net (fo=1, routed)           1.098     1.915    u_cpu/addr_trans/tlb_entry/ms_to_ws_bus_r_reg[175]_i_40_n_1
    SLICE_X41Y39         LUT6 (Prop_lut6_I1_O)        0.313     2.228 r  u_cpu/addr_trans/tlb_entry/ms_to_ws_bus_r[175]_i_10/O
                         net (fo=4, routed)           1.142     3.370    u_cpu/addr_trans/tlb_entry/match1[23]
    SLICE_X25Y39         LUT5 (Prop_lut5_I3_O)        0.150     3.520 r  u_cpu/addr_trans/tlb_entry/ms_to_ws_bus_r[175]_i_2/O
                         net (fo=2, routed)           1.026     4.545    u_cpu/addr_trans/tlb_entry/ms_to_ws_bus_r[175]_i_2_n_0
    SLICE_X17Y40         LUT6 (Prop_lut6_I0_O)        0.326     4.871 r  u_cpu/addr_trans/tlb_entry/ms_to_ws_bus_r[173]_i_1/O
                         net (fo=89, routed)          0.825     5.696    u_cpu/addr_trans/tlb_entry/invalid_tlb_entry[17].tlb_e_reg[17]_1[5]
    SLICE_X10Y42         MUXF7 (Prop_muxf7_S_O)       0.314     6.010 f  u_cpu/addr_trans/tlb_entry/ms_to_ws_bus_r_reg[239]_i_67/O
                         net (fo=1, routed)           0.000     6.010    u_cpu/addr_trans/tlb_entry/ms_to_ws_bus_r_reg[239]_i_67_n_0
    SLICE_X10Y42         MUXF8 (Prop_muxf8_I0_O)      0.098     6.108 f  u_cpu/addr_trans/tlb_entry/ms_to_ws_bus_r_reg[239]_i_46/O
                         net (fo=1, routed)           0.851     6.959    u_cpu/addr_trans/tlb_entry/ms_to_ws_bus_r_reg[239]_i_46_n_0
    SLICE_X11Y34         LUT5 (Prop_lut5_I1_O)        0.319     7.278 f  u_cpu/addr_trans/tlb_entry/ms_to_ws_bus_r[239]_i_20/O
                         net (fo=1, routed)           0.797     8.075    u_cpu/addr_trans/tlb_entry/ms_to_ws_bus_r[239]_i_20_n_0
    SLICE_X11Y33         LUT6 (Prop_lut6_I5_O)        0.124     8.199 f  u_cpu/addr_trans/tlb_entry/ms_to_ws_bus_r[239]_i_7/O
                         net (fo=1, routed)           0.296     8.495    u_cpu/addr_trans/tlb_entry/ms_to_ws_bus_r[239]_i_7_n_0
    SLICE_X11Y31         LUT6 (Prop_lut6_I5_O)        0.124     8.619 r  u_cpu/addr_trans/tlb_entry/ms_to_ws_bus_r[239]_i_2/O
                         net (fo=10, routed)          0.812     9.431    u_cpu/addr_trans/tlb_entry/ms_to_ws_bus_r[239]_i_2_n_0
    SLICE_X11Y25         LUT6 (Prop_lut6_I3_O)        0.124     9.555 r  u_cpu/addr_trans/tlb_entry/ms_to_ws_bus_r[235]_i_1/O
                         net (fo=6, routed)           0.918    10.474    u_cpu/addr_trans/tlb_entry/data_vaddr_buffer_reg[17]
    SLICE_X8Y35          LUT6 (Prop_lut6_I5_O)        0.124    10.598 r  u_cpu/addr_trans/tlb_entry/miss_buffer_replace_way[0]_i_10/O
                         net (fo=1, routed)           0.000    10.598    u_cpu/addr_trans/tlb_entry/miss_buffer_replace_way[0]_i_10_n_0
    SLICE_X8Y35          CARRY4 (Prop_carry4_S[1]_CO[3])
                                                      0.533    11.131 r  u_cpu/addr_trans/tlb_entry/miss_buffer_replace_way_reg[0]_i_4/CO[3]
                         net (fo=1, routed)           0.000    11.131    u_cpu/addr_trans/tlb_entry/miss_buffer_replace_way_reg[0]_i_4_n_0
    SLICE_X8Y36          CARRY4 (Prop_carry4_CI_CO[2])
                                                      0.229    11.360 f  u_cpu/addr_trans/tlb_entry/miss_buffer_replace_way_reg[0]_i_2/CO[2]
                         net (fo=5, routed)           0.998    12.358    u_cpu/dcache/tagv_ram_way[0].u/CO[0]
    SLICE_X14Y36         LUT6 (Prop_lut6_I0_O)        0.310    12.668 f  u_cpu/dcache/tagv_ram_way[0].u/write_buffer_way[1]_i_5/O
                         net (fo=4, routed)           0.723    13.391    u_cpu/mem_stage/p_22_in
    SLICE_X14Y26         LUT3 (Prop_lut3_I2_O)        0.124    13.515 f  u_cpu/mem_stage/main_state[0]_i_3/O
                         net (fo=3, routed)           0.925    14.439    u_cpu/dcache/main_state_reg[0]_2
    SLICE_X30Y25         LUT6 (Prop_lut6_I3_O)        0.124    14.563 f  u_cpu/dcache/es_to_ms_bus_r[214]_i_9/O
                         net (fo=3, routed)           0.654    15.217    u_cpu/mem_stage/data_data_ok
    SLICE_X28Y22         LUT6 (Prop_lut6_I2_O)        0.124    15.341 f  u_cpu/mem_stage/es_to_ms_bus_r[214]_i_4/O
                         net (fo=7, routed)           0.210    15.551    u_cpu/wb_stage/s1_asid_r_reg[0]
    SLICE_X28Y22         LUT6 (Prop_lut6_I1_O)        0.124    15.675 f  u_cpu/wb_stage/es_to_ms_bus_r[175]_i_2/O
                         net (fo=5, routed)           0.574    16.248    u_cpu/exe_stage/p_13_in
    SLICE_X28Y24         LUT5 (Prop_lut5_I0_O)        0.124    16.372 f  u_cpu/exe_stage/request_buffer_dcacop_i_1/O
                         net (fo=6, routed)           0.804    17.176    u_cpu/exe_stage/dcacop_op_en
    SLICE_X13Y24         LUT5 (Prop_lut5_I0_O)        0.124    17.300 f  u_cpu/exe_stage/s1_asid_r[9]_i_12/O
                         net (fo=1, routed)           0.433    17.733    u_cpu/exe_stage/dcache/main_lookup2lookup3
    SLICE_X13Y24         LUT5 (Prop_lut5_I2_O)        0.124    17.857 r  u_cpu/exe_stage/s1_asid_r[9]_i_7/O
                         net (fo=2, routed)           0.511    18.369    u_cpu/dcache/tagv_ram_way[1].u/p_23_in
    SLICE_X20Y24         LUT5 (Prop_lut5_I4_O)        0.124    18.493 r  u_cpu/dcache/tagv_ram_way[1].u/s1_asid_r[9]_i_2/O
                         net (fo=11, routed)          0.728    19.220    u_cpu/exe_stage/data_addr_ok
    SLICE_X26Y25         LUT6 (Prop_lut6_I3_O)        0.124    19.344 r  u_cpu/exe_stage/ds_to_es_bus_r[235]_i_8/O
                         net (fo=1, routed)           0.617    19.961    u_cpu/exe_stage/ds_to_es_bus_r[235]_i_8_n_0
    SLICE_X32Y24         LUT6 (Prop_lut6_I3_O)        0.124    20.085 r  u_cpu/exe_stage/ds_to_es_bus_r[235]_i_3/O
                         net (fo=7, routed)           0.318    20.403    u_cpu/id_stage/es_allowin
    SLICE_X35Y24         LUT4 (Prop_lut4_I3_O)        0.124    20.527 r  u_cpu/id_stage/btb_add_entry_r_i_3/O
                         net (fo=18, routed)          0.572    21.100    u_cpu/id_stage/btb_operate_en
    SLICE_X32Y24         LUT2 (Prop_lut2_I1_O)        0.124    21.224 f  u_cpu/id_stage/btb_target_reg_0_31_0_1_i_14/O
                         net (fo=31, routed)          0.879    22.102    u_cpu/id_stage/btb_target_reg_0_31_0_1_i_14_n_0
    SLICE_X32Y23         LUT6 (Prop_lut6_I0_O)        0.124    22.226 r  u_cpu/id_stage/btb_counter[29][1]_i_7/O
                         net (fo=1, routed)           1.049    23.276    u_cpu/id_stage/btb_counter[29][1]_i_7_n_0
    SLICE_X31Y43         LUT4 (Prop_lut4_I1_O)        0.124    23.400 r  u_cpu/id_stage/btb_counter[29][1]_i_5/O
                         net (fo=49, routed)          0.952    24.352    u_cpu/id_stage/btb_counter[29][1]_i_5_n_0
    SLICE_X28Y57         LUT6 (Prop_lut6_I5_O)        0.124    24.476 r  u_cpu/id_stage/btb_counter[31][1]_i_7/O
                         net (fo=2, routed)           0.706    25.182    u_cpu/btb/btb_counter_reg[31][1]_0
    SLICE_X28Y60         LUT3 (Prop_lut3_I1_O)        0.124    25.306 r  u_cpu/btb/btb_counter[31][1]_i_2/O
                         net (fo=1, routed)           0.593    25.899    u_cpu/btb/btb_counter[31][1]_i_2_n_0
    SLICE_X25Y66         LUT6 (Prop_lut6_I0_O)        0.124    26.023 r  u_cpu/btb/btb_counter[31][1]_i_1/O
                         net (fo=1, routed)           0.000    26.023    u_cpu/btb/btb_counter[31][1]_i_1_n_0
    SLICE_X25Y66         FDRE                                         r  u_cpu/btb/btb_counter_reg[31][1]/D
  -------------------------------------------------------------------    -------------------

                         (clock cpu_clk rise edge)   30.323    30.323 r  
    K21                                               0.000    30.323 r  clk (IN)
                         net (fo=0)                   0.000    30.323    pll_clk.u_clk_pll/inst/clk_in1
    K21                  IBUF (Prop_ibuf_I_O)         1.393    31.715 r  pll_clk.u_clk_pll/inst/clkin1_ibufg/O
                         net (fo=1, routed)           1.181    32.896    pll_clk.u_clk_pll/inst/clk_in1_clk_pll
    PLLE2_ADV_X0Y3       PLLE2_ADV (Prop_plle2_adv_CLKIN1_CLKOUT0)
                                                     -8.248    24.648 r  pll_clk.u_clk_pll/inst/plle2_adv_inst/CLKOUT0
                         net (fo=1, routed)           1.755    26.403    pll_clk.u_clk_pll/inst/cpu_clk_clk_pll
    BUFGCTRL_X0Y16       BUFG (Prop_bufg_I_O)         0.091    26.494 r  pll_clk.u_clk_pll/inst/clkout1_buf/O
                         net (fo=6480, routed)        1.806    28.300    u_cpu/btb/cpu_clk
    SLICE_X25Y66         FDRE                                         r  u_cpu/btb/btb_counter_reg[31][1]/C
                         clock pessimism             -0.498    27.802    
                         clock uncertainty           -0.072    27.730    
    SLICE_X25Y66         FDRE (Setup_fdre_C_D)        0.029    27.759    u_cpu/btb/btb_counter_reg[31][1]
  -------------------------------------------------------------------
                         required time                         27.759    
                         arrival time                         -26.023    
  -------------------------------------------------------------------
                         slack                                  1.736    

Slack (MET) :             1.759ns  (required time - arrival time)
  Source:                 u_cpu/addr_trans/data_vaddr_buffer_reg[15]/C
                            (rising edge-triggered cell FDRE clocked by cpu_clk  {rise@0.000ns fall@15.161ns period=30.323ns})
  Destination:            u_cpu/btb/btb_counter_reg[17][0]/D
                            (rising edge-triggered cell FDRE clocked by cpu_clk  {rise@0.000ns fall@15.161ns period=30.323ns})
  Path Group:             cpu_clk
  Path Type:              Setup (Max at Slow Process Corner)
  Requirement:            30.323ns  (cpu_clk rise@30.323ns - cpu_clk rise@0.000ns)
  Data Path Delay:        28.239ns  (logic 6.536ns (23.146%)  route 21.703ns (76.854%))
  Logic Levels:           33  (CARRY4=4 LUT2=1 LUT3=2 LUT4=2 LUT5=6 LUT6=16 MUXF7=1 MUXF8=1)
  Clock Path Skew:        -0.282ns (DCD - SCD + CPR)
    Destination Clock Delay (DCD):    -2.020ns = ( 28.302 - 30.323 ) 
    Source Clock Delay      (SCD):    -2.237ns
    Clock Pessimism Removal (CPR):    -0.498ns
  Clock Uncertainty:      0.072ns  ((TSJ^2 + DJ^2)^1/2) / 2 + PE
    Total System Jitter     (TSJ):    0.071ns
    Discrete Jitter          (DJ):    0.125ns
    Phase Error              (PE):    0.000ns

    Location             Delay type                Incr(ns)  Path(ns)    Netlist Resource(s)
  -------------------------------------------------------------------    -------------------
                         (clock cpu_clk rise edge)    0.000     0.000 r  
    K21                                               0.000     0.000 r  clk (IN)
                         net (fo=0)                   0.000     0.000    pll_clk.u_clk_pll/inst/clk_in1
    K21                  IBUF (Prop_ibuf_I_O)         1.463     1.463 r  pll_clk.u_clk_pll/inst/clkin1_ibufg/O
                         net (fo=1, routed)           1.253     2.716    pll_clk.u_clk_pll/inst/clk_in1_clk_pll
    PLLE2_ADV_X0Y3       PLLE2_ADV (Prop_plle2_adv_CLKIN1_CLKOUT0)
                                                     -8.991    -6.275 r  pll_clk.u_clk_pll/inst/plle2_adv_inst/CLKOUT0
                         net (fo=1, routed)           1.837    -4.438    pll_clk.u_clk_pll/inst/cpu_clk_clk_pll
    BUFGCTRL_X0Y16       BUFG (Prop_bufg_I_O)         0.096    -4.342 r  pll_clk.u_clk_pll/inst/clkout1_buf/O
                         net (fo=6480, routed)        2.105    -2.237    u_cpu/addr_trans/cpu_clk
    SLICE_X32Y27         FDRE                                         r  u_cpu/addr_trans/data_vaddr_buffer_reg[15]/C
  -------------------------------------------------------------------    -------------------
    SLICE_X32Y27         FDRE (Prop_fdre_C_Q)         0.456    -1.781 r  u_cpu/addr_trans/data_vaddr_buffer_reg[15]/Q
                         net (fo=33, routed)          1.714    -0.066    u_cpu/addr_trans/tlb_entry/data_vaddr_buffer[3]
    SLICE_X43Y34         LUT6 (Prop_lut6_I3_O)        0.124     0.058 r  u_cpu/addr_trans/tlb_entry/ms_to_ws_bus_r[175]_i_235/O
                         net (fo=1, routed)           0.000     0.058    u_cpu/addr_trans/tlb_entry/ms_to_ws_bus_r[175]_i_235_n_0
    SLICE_X43Y34         CARRY4 (Prop_carry4_S[0]_CO[3])
                                                      0.532     0.590 r  u_cpu/addr_trans/tlb_entry/ms_to_ws_bus_r_reg[175]_i_136/CO[3]
                         net (fo=1, routed)           0.000     0.590    u_cpu/addr_trans/tlb_entry/ms_to_ws_bus_r_reg[175]_i_136_n_0
    SLICE_X43Y35         CARRY4 (Prop_carry4_CI_CO[2])
                                                      0.228     0.818 r  u_cpu/addr_trans/tlb_entry/ms_to_ws_bus_r_reg[175]_i_40/CO[2]
                         net (fo=1, routed)           1.098     1.915    u_cpu/addr_trans/tlb_entry/ms_to_ws_bus_r_reg[175]_i_40_n_1
    SLICE_X41Y39         LUT6 (Prop_lut6_I1_O)        0.313     2.228 r  u_cpu/addr_trans/tlb_entry/ms_to_ws_bus_r[175]_i_10/O
                         net (fo=4, routed)           1.142     3.370    u_cpu/addr_trans/tlb_entry/match1[23]
    SLICE_X25Y39         LUT5 (Prop_lut5_I3_O)        0.150     3.520 r  u_cpu/addr_trans/tlb_entry/ms_to_ws_bus_r[175]_i_2/O
                         net (fo=2, routed)           1.026     4.545    u_cpu/addr_trans/tlb_entry/ms_to_ws_bus_r[175]_i_2_n_0
    SLICE_X17Y40         LUT6 (Prop_lut6_I0_O)        0.326     4.871 r  u_cpu/addr_trans/tlb_entry/ms_to_ws_bus_r[173]_i_1/O
                         net (fo=89, routed)          0.825     5.696    u_cpu/addr_trans/tlb_entry/invalid_tlb_entry[17].tlb_e_reg[17]_1[5]
    SLICE_X10Y42         MUXF7 (Prop_muxf7_S_O)       0.314     6.010 f  u_cpu/addr_trans/tlb_entry/ms_to_ws_bus_r_reg[239]_i_67/O
                         net (fo=1, routed)           0.000     6.010    u_cpu/addr_trans/tlb_entry/ms_to_ws_bus_r_reg[239]_i_67_n_0
    SLICE_X10Y42         MUXF8 (Prop_muxf8_I0_O)      0.098     6.108 f  u_cpu/addr_trans/tlb_entry/ms_to_ws_bus_r_reg[239]_i_46/O
                         net (fo=1, routed)           0.851     6.959    u_cpu/addr_trans/tlb_entry/ms_to_ws_bus_r_reg[239]_i_46_n_0
    SLICE_X11Y34         LUT5 (Prop_lut5_I1_O)        0.319     7.278 f  u_cpu/addr_trans/tlb_entry/ms_to_ws_bus_r[239]_i_20/O
                         net (fo=1, routed)           0.797     8.075    u_cpu/addr_trans/tlb_entry/ms_to_ws_bus_r[239]_i_20_n_0
    SLICE_X11Y33         LUT6 (Prop_lut6_I5_O)        0.124     8.199 f  u_cpu/addr_trans/tlb_entry/ms_to_ws_bus_r[239]_i_7/O
                         net (fo=1, routed)           0.296     8.495    u_cpu/addr_trans/tlb_entry/ms_to_ws_bus_r[239]_i_7_n_0
    SLICE_X11Y31         LUT6 (Prop_lut6_I5_O)        0.124     8.619 r  u_cpu/addr_trans/tlb_entry/ms_to_ws_bus_r[239]_i_2/O
                         net (fo=10, routed)          0.812     9.431    u_cpu/addr_trans/tlb_entry/ms_to_ws_bus_r[239]_i_2_n_0
    SLICE_X11Y25         LUT6 (Prop_lut6_I3_O)        0.124     9.555 r  u_cpu/addr_trans/tlb_entry/ms_to_ws_bus_r[235]_i_1/O
                         net (fo=6, routed)           0.918    10.474    u_cpu/addr_trans/tlb_entry/data_vaddr_buffer_reg[17]
    SLICE_X8Y35          LUT6 (Prop_lut6_I5_O)        0.124    10.598 r  u_cpu/addr_trans/tlb_entry/miss_buffer_replace_way[0]_i_10/O
                         net (fo=1, routed)           0.000    10.598    u_cpu/addr_trans/tlb_entry/miss_buffer_replace_way[0]_i_10_n_0
    SLICE_X8Y35          CARRY4 (Prop_carry4_S[1]_CO[3])
                                                      0.533    11.131 r  u_cpu/addr_trans/tlb_entry/miss_buffer_replace_way_reg[0]_i_4/CO[3]
                         net (fo=1, routed)           0.000    11.131    u_cpu/addr_trans/tlb_entry/miss_buffer_replace_way_reg[0]_i_4_n_0
    SLICE_X8Y36          CARRY4 (Prop_carry4_CI_CO[2])
                                                      0.229    11.360 f  u_cpu/addr_trans/tlb_entry/miss_buffer_replace_way_reg[0]_i_2/CO[2]
                         net (fo=5, routed)           0.998    12.358    u_cpu/dcache/tagv_ram_way[0].u/CO[0]
    SLICE_X14Y36         LUT6 (Prop_lut6_I0_O)        0.310    12.668 f  u_cpu/dcache/tagv_ram_way[0].u/write_buffer_way[1]_i_5/O
                         net (fo=4, routed)           0.723    13.391    u_cpu/mem_stage/p_22_in
    SLICE_X14Y26         LUT3 (Prop_lut3_I2_O)        0.124    13.515 f  u_cpu/mem_stage/main_state[0]_i_3/O
                         net (fo=3, routed)           0.925    14.439    u_cpu/dcache/main_state_reg[0]_2
    SLICE_X30Y25         LUT6 (Prop_lut6_I3_O)        0.124    14.563 f  u_cpu/dcache/es_to_ms_bus_r[214]_i_9/O
                         net (fo=3, routed)           0.654    15.217    u_cpu/mem_stage/data_data_ok
    SLICE_X28Y22         LUT6 (Prop_lut6_I2_O)        0.124    15.341 f  u_cpu/mem_stage/es_to_ms_bus_r[214]_i_4/O
                         net (fo=7, routed)           0.210    15.551    u_cpu/wb_stage/s1_asid_r_reg[0]
    SLICE_X28Y22         LUT6 (Prop_lut6_I1_O)        0.124    15.675 f  u_cpu/wb_stage/es_to_ms_bus_r[175]_i_2/O
                         net (fo=5, routed)           0.574    16.248    u_cpu/exe_stage/p_13_in
    SLICE_X28Y24         LUT5 (Prop_lut5_I0_O)        0.124    16.372 f  u_cpu/exe_stage/request_buffer_dcacop_i_1/O
                         net (fo=6, routed)           0.804    17.176    u_cpu/exe_stage/dcacop_op_en
    SLICE_X13Y24         LUT5 (Prop_lut5_I0_O)        0.124    17.300 f  u_cpu/exe_stage/s1_asid_r[9]_i_12/O
                         net (fo=1, routed)           0.433    17.733    u_cpu/exe_stage/dcache/main_lookup2lookup3
    SLICE_X13Y24         LUT5 (Prop_lut5_I2_O)        0.124    17.857 r  u_cpu/exe_stage/s1_asid_r[9]_i_7/O
                         net (fo=2, routed)           0.511    18.369    u_cpu/dcache/tagv_ram_way[1].u/p_23_in
    SLICE_X20Y24         LUT5 (Prop_lut5_I4_O)        0.124    18.493 r  u_cpu/dcache/tagv_ram_way[1].u/s1_asid_r[9]_i_2/O
                         net (fo=11, routed)          0.728    19.220    u_cpu/exe_stage/data_addr_ok
    SLICE_X26Y25         LUT6 (Prop_lut6_I3_O)        0.124    19.344 r  u_cpu/exe_stage/ds_to_es_bus_r[235]_i_8/O
                         net (fo=1, routed)           0.617    19.961    u_cpu/exe_stage/ds_to_es_bus_r[235]_i_8_n_0
    SLICE_X32Y24         LUT6 (Prop_lut6_I3_O)        0.124    20.085 r  u_cpu/exe_stage/ds_to_es_bus_r[235]_i_3/O
                         net (fo=7, routed)           0.318    20.403    u_cpu/id_stage/es_allowin
    SLICE_X35Y24         LUT4 (Prop_lut4_I3_O)        0.124    20.527 r  u_cpu/id_stage/btb_add_entry_r_i_3/O
                         net (fo=18, routed)          0.572    21.100    u_cpu/id_stage/btb_operate_en
    SLICE_X32Y24         LUT2 (Prop_lut2_I1_O)        0.124    21.224 f  u_cpu/id_stage/btb_target_reg_0_31_0_1_i_14/O
                         net (fo=31, routed)          0.879    22.102    u_cpu/id_stage/btb_target_reg_0_31_0_1_i_14_n_0
    SLICE_X32Y23         LUT6 (Prop_lut6_I0_O)        0.124    22.226 r  u_cpu/id_stage/btb_counter[29][1]_i_7/O
                         net (fo=1, routed)           1.049    23.276    u_cpu/id_stage/btb_counter[29][1]_i_7_n_0
    SLICE_X31Y43         LUT4 (Prop_lut4_I1_O)        0.124    23.400 r  u_cpu/id_stage/btb_counter[29][1]_i_5/O
                         net (fo=49, routed)          0.683    24.082    u_cpu/id_stage/btb_counter[29][1]_i_5_n_0
    SLICE_X32Y45         LUT6 (Prop_lut6_I0_O)        0.124    24.206 r  u_cpu/id_stage/btb_counter[17][1]_i_4/O
                         net (fo=2, routed)           1.104    25.310    u_cpu/btb/btb_counter_reg[17][1]_0
    SLICE_X32Y62         LUT3 (Prop_lut3_I1_O)        0.124    25.434 r  u_cpu/btb/btb_counter[17][0]_i_2/O
                         net (fo=1, routed)           0.444    25.878    u_cpu/btb/btb_counter[17][0]_i_2_n_0
    SLICE_X31Y62         LUT6 (Prop_lut6_I0_O)        0.124    26.002 r  u_cpu/btb/btb_counter[17][0]_i_1/O
                         net (fo=1, routed)           0.000    26.002    u_cpu/btb/btb_counter[17][0]_i_1_n_0
    SLICE_X31Y62         FDRE                                         r  u_cpu/btb/btb_counter_reg[17][0]/D
  -------------------------------------------------------------------    -------------------

                         (clock cpu_clk rise edge)   30.323    30.323 r  
    K21                                               0.000    30.323 r  clk (IN)
                         net (fo=0)                   0.000    30.323    pll_clk.u_clk_pll/inst/clk_in1
    K21                  IBUF (Prop_ibuf_I_O)         1.393    31.715 r  pll_clk.u_clk_pll/inst/clkin1_ibufg/O
                         net (fo=1, routed)           1.181    32.896    pll_clk.u_clk_pll/inst/clk_in1_clk_pll
    PLLE2_ADV_X0Y3       PLLE2_ADV (Prop_plle2_adv_CLKIN1_CLKOUT0)
                                                     -8.248    24.648 r  pll_clk.u_clk_pll/inst/plle2_adv_inst/CLKOUT0
                         net (fo=1, routed)           1.755    26.403    pll_clk.u_clk_pll/inst/cpu_clk_clk_pll
    BUFGCTRL_X0Y16       BUFG (Prop_bufg_I_O)         0.091    26.494 r  pll_clk.u_clk_pll/inst/clkout1_buf/O
                         net (fo=6480, routed)        1.808    28.302    u_cpu/btb/cpu_clk
    SLICE_X31Y62         FDRE                                         r  u_cpu/btb/btb_counter_reg[17][0]/C
                         clock pessimism             -0.498    27.804    
                         clock uncertainty           -0.072    27.732    
    SLICE_X31Y62         FDRE (Setup_fdre_C_D)        0.029    27.761    u_cpu/btb/btb_counter_reg[17][0]
  -------------------------------------------------------------------
                         required time                         27.761    
                         arrival time                         -26.002    
  -------------------------------------------------------------------
                         slack                                  1.759    

Slack (MET) :             1.828ns  (required time - arrival time)
  Source:                 u_cpu/addr_trans/data_vaddr_buffer_reg[15]/C
                            (rising edge-triggered cell FDRE clocked by cpu_clk  {rise@0.000ns fall@15.161ns period=30.323ns})
  Destination:            u_cpu/btb/btb_counter_reg[31][0]/D
                            (rising edge-triggered cell FDRE clocked by cpu_clk  {rise@0.000ns fall@15.161ns period=30.323ns})
  Path Group:             cpu_clk
  Path Type:              Setup (Max at Slow Process Corner)
  Requirement:            30.323ns  (cpu_clk rise@30.323ns - cpu_clk rise@0.000ns)
  Data Path Delay:        28.168ns  (logic 6.536ns (23.204%)  route 21.632ns (76.796%))
  Logic Levels:           33  (CARRY4=4 LUT2=1 LUT3=2 LUT4=2 LUT5=6 LUT6=16 MUXF7=1 MUXF8=1)
  Clock Path Skew:        -0.284ns (DCD - SCD + CPR)
    Destination Clock Delay (DCD):    -2.022ns = ( 28.300 - 30.323 ) 
    Source Clock Delay      (SCD):    -2.237ns
    Clock Pessimism Removal (CPR):    -0.498ns
  Clock Uncertainty:      0.072ns  ((TSJ^2 + DJ^2)^1/2) / 2 + PE
    Total System Jitter     (TSJ):    0.071ns
    Discrete Jitter          (DJ):    0.125ns
    Phase Error              (PE):    0.000ns

    Location             Delay type                Incr(ns)  Path(ns)    Netlist Resource(s)
  -------------------------------------------------------------------    -------------------
                         (clock cpu_clk rise edge)    0.000     0.000 r  
    K21                                               0.000     0.000 r  clk (IN)
                         net (fo=0)                   0.000     0.000    pll_clk.u_clk_pll/inst/clk_in1
    K21                  IBUF (Prop_ibuf_I_O)         1.463     1.463 r  pll_clk.u_clk_pll/inst/clkin1_ibufg/O
                         net (fo=1, routed)           1.253     2.716    pll_clk.u_clk_pll/inst/clk_in1_clk_pll
    PLLE2_ADV_X0Y3       PLLE2_ADV (Prop_plle2_adv_CLKIN1_CLKOUT0)
                                                     -8.991    -6.275 r  pll_clk.u_clk_pll/inst/plle2_adv_inst/CLKOUT0
                         net (fo=1, routed)           1.837    -4.438    pll_clk.u_clk_pll/inst/cpu_clk_clk_pll
    BUFGCTRL_X0Y16       BUFG (Prop_bufg_I_O)         0.096    -4.342 r  pll_clk.u_clk_pll/inst/clkout1_buf/O
                         net (fo=6480, routed)        2.105    -2.237    u_cpu/addr_trans/cpu_clk
    SLICE_X32Y27         FDRE                                         r  u_cpu/addr_trans/data_vaddr_buffer_reg[15]/C
  -------------------------------------------------------------------    -------------------
    SLICE_X32Y27         FDRE (Prop_fdre_C_Q)         0.456    -1.781 r  u_cpu/addr_trans/data_vaddr_buffer_reg[15]/Q
                         net (fo=33, routed)          1.714    -0.066    u_cpu/addr_trans/tlb_entry/data_vaddr_buffer[3]
    SLICE_X43Y34         LUT6 (Prop_lut6_I3_O)        0.124     0.058 r  u_cpu/addr_trans/tlb_entry/ms_to_ws_bus_r[175]_i_235/O
                         net (fo=1, routed)           0.000     0.058    u_cpu/addr_trans/tlb_entry/ms_to_ws_bus_r[175]_i_235_n_0
    SLICE_X43Y34         CARRY4 (Prop_carry4_S[0]_CO[3])
                                                      0.532     0.590 r  u_cpu/addr_trans/tlb_entry/ms_to_ws_bus_r_reg[175]_i_136/CO[3]
                         net (fo=1, routed)           0.000     0.590    u_cpu/addr_trans/tlb_entry/ms_to_ws_bus_r_reg[175]_i_136_n_0
    SLICE_X43Y35         CARRY4 (Prop_carry4_CI_CO[2])
                                                      0.228     0.818 r  u_cpu/addr_trans/tlb_entry/ms_to_ws_bus_r_reg[175]_i_40/CO[2]
                         net (fo=1, routed)           1.098     1.915    u_cpu/addr_trans/tlb_entry/ms_to_ws_bus_r_reg[175]_i_40_n_1
    SLICE_X41Y39         LUT6 (Prop_lut6_I1_O)        0.313     2.228 r  u_cpu/addr_trans/tlb_entry/ms_to_ws_bus_r[175]_i_10/O
                         net (fo=4, routed)           1.142     3.370    u_cpu/addr_trans/tlb_entry/match1[23]
    SLICE_X25Y39         LUT5 (Prop_lut5_I3_O)        0.150     3.520 r  u_cpu/addr_trans/tlb_entry/ms_to_ws_bus_r[175]_i_2/O
                         net (fo=2, routed)           1.026     4.545    u_cpu/addr_trans/tlb_entry/ms_to_ws_bus_r[175]_i_2_n_0
    SLICE_X17Y40         LUT6 (Prop_lut6_I0_O)        0.326     4.871 r  u_cpu/addr_trans/tlb_entry/ms_to_ws_bus_r[173]_i_1/O
                         net (fo=89, routed)          0.825     5.696    u_cpu/addr_trans/tlb_entry/invalid_tlb_entry[17].tlb_e_reg[17]_1[5]
    SLICE_X10Y42         MUXF7 (Prop_muxf7_S_O)       0.314     6.010 f  u_cpu/addr_trans/tlb_entry/ms_to_ws_bus_r_reg[239]_i_67/O
                         net (fo=1, routed)           0.000     6.010    u_cpu/addr_trans/tlb_entry/ms_to_ws_bus_r_reg[239]_i_67_n_0
    SLICE_X10Y42         MUXF8 (Prop_muxf8_I0_O)      0.098     6.108 f  u_cpu/addr_trans/tlb_entry/ms_to_ws_bus_r_reg[239]_i_46/O
                         net (fo=1, routed)           0.851     6.959    u_cpu/addr_trans/tlb_entry/ms_to_ws_bus_r_reg[239]_i_46_n_0
    SLICE_X11Y34         LUT5 (Prop_lut5_I1_O)        0.319     7.278 f  u_cpu/addr_trans/tlb_entry/ms_to_ws_bus_r[239]_i_20/O
                         net (fo=1, routed)           0.797     8.075    u_cpu/addr_trans/tlb_entry/ms_to_ws_bus_r[239]_i_20_n_0
    SLICE_X11Y33         LUT6 (Prop_lut6_I5_O)        0.124     8.199 f  u_cpu/addr_trans/tlb_entry/ms_to_ws_bus_r[239]_i_7/O
                         net (fo=1, routed)           0.296     8.495    u_cpu/addr_trans/tlb_entry/ms_to_ws_bus_r[239]_i_7_n_0
    SLICE_X11Y31         LUT6 (Prop_lut6_I5_O)        0.124     8.619 r  u_cpu/addr_trans/tlb_entry/ms_to_ws_bus_r[239]_i_2/O
                         net (fo=10, routed)          0.812     9.431    u_cpu/addr_trans/tlb_entry/ms_to_ws_bus_r[239]_i_2_n_0
    SLICE_X11Y25         LUT6 (Prop_lut6_I3_O)        0.124     9.555 r  u_cpu/addr_trans/tlb_entry/ms_to_ws_bus_r[235]_i_1/O
                         net (fo=6, routed)           0.918    10.474    u_cpu/addr_trans/tlb_entry/data_vaddr_buffer_reg[17]
    SLICE_X8Y35          LUT6 (Prop_lut6_I5_O)        0.124    10.598 r  u_cpu/addr_trans/tlb_entry/miss_buffer_replace_way[0]_i_10/O
                         net (fo=1, routed)           0.000    10.598    u_cpu/addr_trans/tlb_entry/miss_buffer_replace_way[0]_i_10_n_0
    SLICE_X8Y35          CARRY4 (Prop_carry4_S[1]_CO[3])
                                                      0.533    11.131 r  u_cpu/addr_trans/tlb_entry/miss_buffer_replace_way_reg[0]_i_4/CO[3]
                         net (fo=1, routed)           0.000    11.131    u_cpu/addr_trans/tlb_entry/miss_buffer_replace_way_reg[0]_i_4_n_0
    SLICE_X8Y36          CARRY4 (Prop_carry4_CI_CO[2])
                                                      0.229    11.360 f  u_cpu/addr_trans/tlb_entry/miss_buffer_replace_way_reg[0]_i_2/CO[2]
                         net (fo=5, routed)           0.998    12.358    u_cpu/dcache/tagv_ram_way[0].u/CO[0]
    SLICE_X14Y36         LUT6 (Prop_lut6_I0_O)        0.310    12.668 f  u_cpu/dcache/tagv_ram_way[0].u/write_buffer_way[1]_i_5/O
                         net (fo=4, routed)           0.723    13.391    u_cpu/mem_stage/p_22_in
    SLICE_X14Y26         LUT3 (Prop_lut3_I2_O)        0.124    13.515 f  u_cpu/mem_stage/main_state[0]_i_3/O
                         net (fo=3, routed)           0.925    14.439    u_cpu/dcache/main_state_reg[0]_2
    SLICE_X30Y25         LUT6 (Prop_lut6_I3_O)        0.124    14.563 f  u_cpu/dcache/es_to_ms_bus_r[214]_i_9/O
                         net (fo=3, routed)           0.654    15.217    u_cpu/mem_stage/data_data_ok
    SLICE_X28Y22         LUT6 (Prop_lut6_I2_O)        0.124    15.341 f  u_cpu/mem_stage/es_to_ms_bus_r[214]_i_4/O
                         net (fo=7, routed)           0.210    15.551    u_cpu/wb_stage/s1_asid_r_reg[0]
    SLICE_X28Y22         LUT6 (Prop_lut6_I1_O)        0.124    15.675 f  u_cpu/wb_stage/es_to_ms_bus_r[175]_i_2/O
                         net (fo=5, routed)           0.574    16.248    u_cpu/exe_stage/p_13_in
    SLICE_X28Y24         LUT5 (Prop_lut5_I0_O)        0.124    16.372 f  u_cpu/exe_stage/request_buffer_dcacop_i_1/O
                         net (fo=6, routed)           0.804    17.176    u_cpu/exe_stage/dcacop_op_en
    SLICE_X13Y24         LUT5 (Prop_lut5_I0_O)        0.124    17.300 f  u_cpu/exe_stage/s1_asid_r[9]_i_12/O
                         net (fo=1, routed)           0.433    17.733    u_cpu/exe_stage/dcache/main_lookup2lookup3
    SLICE_X13Y24         LUT5 (Prop_lut5_I2_O)        0.124    17.857 r  u_cpu/exe_stage/s1_asid_r[9]_i_7/O
                         net (fo=2, routed)           0.511    18.369    u_cpu/dcache/tagv_ram_way[1].u/p_23_in
    SLICE_X20Y24         LUT5 (Prop_lut5_I4_O)        0.124    18.493 r  u_cpu/dcache/tagv_ram_way[1].u/s1_asid_r[9]_i_2/O
                         net (fo=11, routed)          0.728    19.220    u_cpu/exe_stage/data_addr_ok
    SLICE_X26Y25         LUT6 (Prop_lut6_I3_O)        0.124    19.344 r  u_cpu/exe_stage/ds_to_es_bus_r[235]_i_8/O
                         net (fo=1, routed)           0.617    19.961    u_cpu/exe_stage/ds_to_es_bus_r[235]_i_8_n_0
    SLICE_X32Y24         LUT6 (Prop_lut6_I3_O)        0.124    20.085 r  u_cpu/exe_stage/ds_to_es_bus_r[235]_i_3/O
                         net (fo=7, routed)           0.318    20.403    u_cpu/id_stage/es_allowin
    SLICE_X35Y24         LUT4 (Prop_lut4_I3_O)        0.124    20.527 r  u_cpu/id_stage/btb_add_entry_r_i_3/O
                         net (fo=18, routed)          0.572    21.100    u_cpu/id_stage/btb_operate_en
    SLICE_X32Y24         LUT2 (Prop_lut2_I1_O)        0.124    21.224 f  u_cpu/id_stage/btb_target_reg_0_31_0_1_i_14/O
                         net (fo=31, routed)          0.879    22.102    u_cpu/id_stage/btb_target_reg_0_31_0_1_i_14_n_0
    SLICE_X32Y23         LUT6 (Prop_lut6_I0_O)        0.124    22.226 r  u_cpu/id_stage/btb_counter[29][1]_i_7/O
                         net (fo=1, routed)           1.049    23.276    u_cpu/id_stage/btb_counter[29][1]_i_7_n_0
    SLICE_X31Y43         LUT4 (Prop_lut4_I1_O)        0.124    23.400 r  u_cpu/id_stage/btb_counter[29][1]_i_5/O
                         net (fo=49, routed)          0.952    24.352    u_cpu/id_stage/btb_counter[29][1]_i_5_n_0
    SLICE_X28Y57         LUT6 (Prop_lut6_I5_O)        0.124    24.476 r  u_cpu/id_stage/btb_counter[31][1]_i_7/O
                         net (fo=2, routed)           0.710    25.186    u_cpu/btb/btb_counter_reg[31][1]_0
    SLICE_X28Y60         LUT3 (Prop_lut3_I1_O)        0.124    25.310 r  u_cpu/btb/btb_counter[31][0]_i_2/O
                         net (fo=1, routed)           0.498    25.807    u_cpu/btb/btb_counter[31][0]_i_2_n_0
    SLICE_X27Y66         LUT6 (Prop_lut6_I0_O)        0.124    25.931 r  u_cpu/btb/btb_counter[31][0]_i_1/O
                         net (fo=1, routed)           0.000    25.931    u_cpu/btb/btb_counter[31][0]_i_1_n_0
    SLICE_X27Y66         FDRE                                         r  u_cpu/btb/btb_counter_reg[31][0]/D
  -------------------------------------------------------------------    -------------------

                         (clock cpu_clk rise edge)   30.323    30.323 r  
    K21                                               0.000    30.323 r  clk (IN)
                         net (fo=0)                   0.000    30.323    pll_clk.u_clk_pll/inst/clk_in1
    K21                  IBUF (Prop_ibuf_I_O)         1.393    31.715 r  pll_clk.u_clk_pll/inst/clkin1_ibufg/O
                         net (fo=1, routed)           1.181    32.896    pll_clk.u_clk_pll/inst/clk_in1_clk_pll
    PLLE2_ADV_X0Y3       PLLE2_ADV (Prop_plle2_adv_CLKIN1_CLKOUT0)
                                                     -8.248    24.648 r  pll_clk.u_clk_pll/inst/plle2_adv_inst/CLKOUT0
                         net (fo=1, routed)           1.755    26.403    pll_clk.u_clk_pll/inst/cpu_clk_clk_pll
    BUFGCTRL_X0Y16       BUFG (Prop_bufg_I_O)         0.091    26.494 r  pll_clk.u_clk_pll/inst/clkout1_buf/O
                         net (fo=6480, routed)        1.806    28.300    u_cpu/btb/cpu_clk
    SLICE_X27Y66         FDRE                                         r  u_cpu/btb/btb_counter_reg[31][0]/C
                         clock pessimism             -0.498    27.802    
                         clock uncertainty           -0.072    27.730    
    SLICE_X27Y66         FDRE (Setup_fdre_C_D)        0.029    27.759    u_cpu/btb/btb_counter_reg[31][0]
  -------------------------------------------------------------------
                         required time                         27.759    
                         arrival time                         -25.931    
  -------------------------------------------------------------------
                         slack                                  1.828    

Slack (MET) :             1.851ns  (required time - arrival time)
  Source:                 u_cpu/addr_trans/data_vaddr_buffer_reg[15]/C
                            (rising edge-triggered cell FDRE clocked by cpu_clk  {rise@0.000ns fall@15.161ns period=30.323ns})
  Destination:            u_cpu/btb/btb_counter_reg[26][0]/D
                            (rising edge-triggered cell FDRE clocked by cpu_clk  {rise@0.000ns fall@15.161ns period=30.323ns})
  Path Group:             cpu_clk
  Path Type:              Setup (Max at Slow Process Corner)
  Requirement:            30.323ns  (cpu_clk rise@30.323ns - cpu_clk rise@0.000ns)
  Data Path Delay:        28.146ns  (logic 6.536ns (23.222%)  route 21.610ns (76.778%))
  Logic Levels:           33  (CARRY4=4 LUT2=1 LUT3=2 LUT4=2 LUT5=6 LUT6=16 MUXF7=1 MUXF8=1)
  Clock Path Skew:        -0.283ns (DCD - SCD + CPR)
    Destination Clock Delay (DCD):    -2.021ns = ( 28.301 - 30.323 ) 
    Source Clock Delay      (SCD):    -2.237ns
    Clock Pessimism Removal (CPR):    -0.498ns
  Clock Uncertainty:      0.072ns  ((TSJ^2 + DJ^2)^1/2) / 2 + PE
    Total System Jitter     (TSJ):    0.071ns
    Discrete Jitter          (DJ):    0.125ns
    Phase Error              (PE):    0.000ns

    Location             Delay type                Incr(ns)  Path(ns)    Netlist Resource(s)
  -------------------------------------------------------------------    -------------------
                         (clock cpu_clk rise edge)    0.000     0.000 r  
    K21                                               0.000     0.000 r  clk (IN)
                         net (fo=0)                   0.000     0.000    pll_clk.u_clk_pll/inst/clk_in1
    K21                  IBUF (Prop_ibuf_I_O)         1.463     1.463 r  pll_clk.u_clk_pll/inst/clkin1_ibufg/O
                         net (fo=1, routed)           1.253     2.716    pll_clk.u_clk_pll/inst/clk_in1_clk_pll
    PLLE2_ADV_X0Y3       PLLE2_ADV (Prop_plle2_adv_CLKIN1_CLKOUT0)
                                                     -8.991    -6.275 r  pll_clk.u_clk_pll/inst/plle2_adv_inst/CLKOUT0
                         net (fo=1, routed)           1.837    -4.438    pll_clk.u_clk_pll/inst/cpu_clk_clk_pll
    BUFGCTRL_X0Y16       BUFG (Prop_bufg_I_O)         0.096    -4.342 r  pll_clk.u_clk_pll/inst/clkout1_buf/O
                         net (fo=6480, routed)        2.105    -2.237    u_cpu/addr_trans/cpu_clk
    SLICE_X32Y27         FDRE                                         r  u_cpu/addr_trans/data_vaddr_buffer_reg[15]/C
  -------------------------------------------------------------------    -------------------
    SLICE_X32Y27         FDRE (Prop_fdre_C_Q)         0.456    -1.781 r  u_cpu/addr_trans/data_vaddr_buffer_reg[15]/Q
                         net (fo=33, routed)          1.714    -0.066    u_cpu/addr_trans/tlb_entry/data_vaddr_buffer[3]
    SLICE_X43Y34         LUT6 (Prop_lut6_I3_O)        0.124     0.058 r  u_cpu/addr_trans/tlb_entry/ms_to_ws_bus_r[175]_i_235/O
                         net (fo=1, routed)           0.000     0.058    u_cpu/addr_trans/tlb_entry/ms_to_ws_bus_r[175]_i_235_n_0
    SLICE_X43Y34         CARRY4 (Prop_carry4_S[0]_CO[3])
                                                      0.532     0.590 r  u_cpu/addr_trans/tlb_entry/ms_to_ws_bus_r_reg[175]_i_136/CO[3]
                         net (fo=1, routed)           0.000     0.590    u_cpu/addr_trans/tlb_entry/ms_to_ws_bus_r_reg[175]_i_136_n_0
    SLICE_X43Y35         CARRY4 (Prop_carry4_CI_CO[2])
                                                      0.228     0.818 r  u_cpu/addr_trans/tlb_entry/ms_to_ws_bus_r_reg[175]_i_40/CO[2]
                         net (fo=1, routed)           1.098     1.915    u_cpu/addr_trans/tlb_entry/ms_to_ws_bus_r_reg[175]_i_40_n_1
    SLICE_X41Y39         LUT6 (Prop_lut6_I1_O)        0.313     2.228 r  u_cpu/addr_trans/tlb_entry/ms_to_ws_bus_r[175]_i_10/O
                         net (fo=4, routed)           1.142     3.370    u_cpu/addr_trans/tlb_entry/match1[23]
    SLICE_X25Y39         LUT5 (Prop_lut5_I3_O)        0.150     3.520 r  u_cpu/addr_trans/tlb_entry/ms_to_ws_bus_r[175]_i_2/O
                         net (fo=2, routed)           1.026     4.545    u_cpu/addr_trans/tlb_entry/ms_to_ws_bus_r[175]_i_2_n_0
    SLICE_X17Y40         LUT6 (Prop_lut6_I0_O)        0.326     4.871 r  u_cpu/addr_trans/tlb_entry/ms_to_ws_bus_r[173]_i_1/O
                         net (fo=89, routed)          0.825     5.696    u_cpu/addr_trans/tlb_entry/invalid_tlb_entry[17].tlb_e_reg[17]_1[5]
    SLICE_X10Y42         MUXF7 (Prop_muxf7_S_O)       0.314     6.010 f  u_cpu/addr_trans/tlb_entry/ms_to_ws_bus_r_reg[239]_i_67/O
                         net (fo=1, routed)           0.000     6.010    u_cpu/addr_trans/tlb_entry/ms_to_ws_bus_r_reg[239]_i_67_n_0
    SLICE_X10Y42         MUXF8 (Prop_muxf8_I0_O)      0.098     6.108 f  u_cpu/addr_trans/tlb_entry/ms_to_ws_bus_r_reg[239]_i_46/O
                         net (fo=1, routed)           0.851     6.959    u_cpu/addr_trans/tlb_entry/ms_to_ws_bus_r_reg[239]_i_46_n_0
    SLICE_X11Y34         LUT5 (Prop_lut5_I1_O)        0.319     7.278 f  u_cpu/addr_trans/tlb_entry/ms_to_ws_bus_r[239]_i_20/O
                         net (fo=1, routed)           0.797     8.075    u_cpu/addr_trans/tlb_entry/ms_to_ws_bus_r[239]_i_20_n_0
    SLICE_X11Y33         LUT6 (Prop_lut6_I5_O)        0.124     8.199 f  u_cpu/addr_trans/tlb_entry/ms_to_ws_bus_r[239]_i_7/O
                         net (fo=1, routed)           0.296     8.495    u_cpu/addr_trans/tlb_entry/ms_to_ws_bus_r[239]_i_7_n_0
    SLICE_X11Y31         LUT6 (Prop_lut6_I5_O)        0.124     8.619 r  u_cpu/addr_trans/tlb_entry/ms_to_ws_bus_r[239]_i_2/O
                         net (fo=10, routed)          0.812     9.431    u_cpu/addr_trans/tlb_entry/ms_to_ws_bus_r[239]_i_2_n_0
    SLICE_X11Y25         LUT6 (Prop_lut6_I3_O)        0.124     9.555 r  u_cpu/addr_trans/tlb_entry/ms_to_ws_bus_r[235]_i_1/O
                         net (fo=6, routed)           0.918    10.474    u_cpu/addr_trans/tlb_entry/data_vaddr_buffer_reg[17]
    SLICE_X8Y35          LUT6 (Prop_lut6_I5_O)        0.124    10.598 r  u_cpu/addr_trans/tlb_entry/miss_buffer_replace_way[0]_i_10/O
                         net (fo=1, routed)           0.000    10.598    u_cpu/addr_trans/tlb_entry/miss_buffer_replace_way[0]_i_10_n_0
    SLICE_X8Y35          CARRY4 (Prop_carry4_S[1]_CO[3])
                                                      0.533    11.131 r  u_cpu/addr_trans/tlb_entry/miss_buffer_replace_way_reg[0]_i_4/CO[3]
                         net (fo=1, routed)           0.000    11.131    u_cpu/addr_trans/tlb_entry/miss_buffer_replace_way_reg[0]_i_4_n_0
    SLICE_X8Y36          CARRY4 (Prop_carry4_CI_CO[2])
                                                      0.229    11.360 f  u_cpu/addr_trans/tlb_entry/miss_buffer_replace_way_reg[0]_i_2/CO[2]
                         net (fo=5, routed)           0.998    12.358    u_cpu/dcache/tagv_ram_way[0].u/CO[0]
    SLICE_X14Y36         LUT6 (Prop_lut6_I0_O)        0.310    12.668 f  u_cpu/dcache/tagv_ram_way[0].u/write_buffer_way[1]_i_5/O
                         net (fo=4, routed)           0.723    13.391    u_cpu/mem_stage/p_22_in
    SLICE_X14Y26         LUT3 (Prop_lut3_I2_O)        0.124    13.515 f  u_cpu/mem_stage/main_state[0]_i_3/O
                         net (fo=3, routed)           0.925    14.439    u_cpu/dcache/main_state_reg[0]_2
    SLICE_X30Y25         LUT6 (Prop_lut6_I3_O)        0.124    14.563 f  u_cpu/dcache/es_to_ms_bus_r[214]_i_9/O
                         net (fo=3, routed)           0.654    15.217    u_cpu/mem_stage/data_data_ok
    SLICE_X28Y22         LUT6 (Prop_lut6_I2_O)        0.124    15.341 f  u_cpu/mem_stage/es_to_ms_bus_r[214]_i_4/O
                         net (fo=7, routed)           0.210    15.551    u_cpu/wb_stage/s1_asid_r_reg[0]
    SLICE_X28Y22         LUT6 (Prop_lut6_I1_O)        0.124    15.675 f  u_cpu/wb_stage/es_to_ms_bus_r[175]_i_2/O
                         net (fo=5, routed)           0.574    16.248    u_cpu/exe_stage/p_13_in
    SLICE_X28Y24         LUT5 (Prop_lut5_I0_O)        0.124    16.372 f  u_cpu/exe_stage/request_buffer_dcacop_i_1/O
                         net (fo=6, routed)           0.804    17.176    u_cpu/exe_stage/dcacop_op_en
    SLICE_X13Y24         LUT5 (Prop_lut5_I0_O)        0.124    17.300 f  u_cpu/exe_stage/s1_asid_r[9]_i_12/O
                         net (fo=1, routed)           0.433    17.733    u_cpu/exe_stage/dcache/main_lookup2lookup3
    SLICE_X13Y24         LUT5 (Prop_lut5_I2_O)        0.124    17.857 r  u_cpu/exe_stage/s1_asid_r[9]_i_7/O
                         net (fo=2, routed)           0.511    18.369    u_cpu/dcache/tagv_ram_way[1].u/p_23_in
    SLICE_X20Y24         LUT5 (Prop_lut5_I4_O)        0.124    18.493 r  u_cpu/dcache/tagv_ram_way[1].u/s1_asid_r[9]_i_2/O
                         net (fo=11, routed)          0.728    19.220    u_cpu/exe_stage/data_addr_ok
    SLICE_X26Y25         LUT6 (Prop_lut6_I3_O)        0.124    19.344 r  u_cpu/exe_stage/ds_to_es_bus_r[235]_i_8/O
                         net (fo=1, routed)           0.617    19.961    u_cpu/exe_stage/ds_to_es_bus_r[235]_i_8_n_0
    SLICE_X32Y24         LUT6 (Prop_lut6_I3_O)        0.124    20.085 r  u_cpu/exe_stage/ds_to_es_bus_r[235]_i_3/O
                         net (fo=7, routed)           0.318    20.403    u_cpu/id_stage/es_allowin
    SLICE_X35Y24         LUT4 (Prop_lut4_I3_O)        0.124    20.527 r  u_cpu/id_stage/btb_add_entry_r_i_3/O
                         net (fo=18, routed)          0.572    21.100    u_cpu/id_stage/btb_operate_en
    SLICE_X32Y24         LUT2 (Prop_lut2_I1_O)        0.124    21.224 f  u_cpu/id_stage/btb_target_reg_0_31_0_1_i_14/O
                         net (fo=31, routed)          0.879    22.102    u_cpu/id_stage/btb_target_reg_0_31_0_1_i_14_n_0
    SLICE_X32Y23         LUT6 (Prop_lut6_I0_O)        0.124    22.226 r  u_cpu/id_stage/btb_counter[29][1]_i_7/O
                         net (fo=1, routed)           1.049    23.276    u_cpu/id_stage/btb_counter[29][1]_i_7_n_0
    SLICE_X31Y43         LUT4 (Prop_lut4_I1_O)        0.124    23.400 r  u_cpu/id_stage/btb_counter[29][1]_i_5/O
                         net (fo=49, routed)          0.761    24.160    u_cpu/id_stage/btb_counter[29][1]_i_5_n_0
    SLICE_X27Y50         LUT6 (Prop_lut6_I0_O)        0.124    24.284 r  u_cpu/id_stage/btb_counter[26][1]_i_4/O
                         net (fo=2, routed)           0.974    25.258    u_cpu/btb/btb_counter_reg[26][1]_0
    SLICE_X27Y65         LUT3 (Prop_lut3_I1_O)        0.124    25.382 r  u_cpu/btb/btb_counter[26][0]_i_2/O
                         net (fo=1, routed)           0.403    25.785    u_cpu/btb/btb_counter[26][0]_i_2_n_0
    SLICE_X27Y65         LUT6 (Prop_lut6_I0_O)        0.124    25.909 r  u_cpu/btb/btb_counter[26][0]_i_1/O
                         net (fo=1, routed)           0.000    25.909    u_cpu/btb/btb_counter[26][0]_i_1_n_0
    SLICE_X27Y65         FDRE                                         r  u_cpu/btb/btb_counter_reg[26][0]/D
  -------------------------------------------------------------------    -------------------

                         (clock cpu_clk rise edge)   30.323    30.323 r  
    K21                                               0.000    30.323 r  clk (IN)
                         net (fo=0)                   0.000    30.323    pll_clk.u_clk_pll/inst/clk_in1
    K21                  IBUF (Prop_ibuf_I_O)         1.393    31.715 r  pll_clk.u_clk_pll/inst/clkin1_ibufg/O
                         net (fo=1, routed)           1.181    32.896    pll_clk.u_clk_pll/inst/clk_in1_clk_pll
    PLLE2_ADV_X0Y3       PLLE2_ADV (Prop_plle2_adv_CLKIN1_CLKOUT0)
                                                     -8.248    24.648 r  pll_clk.u_clk_pll/inst/plle2_adv_inst/CLKOUT0
                         net (fo=1, routed)           1.755    26.403    pll_clk.u_clk_pll/inst/cpu_clk_clk_pll
    BUFGCTRL_X0Y16       BUFG (Prop_bufg_I_O)         0.091    26.494 r  pll_clk.u_clk_pll/inst/clkout1_buf/O
                         net (fo=6480, routed)        1.807    28.301    u_cpu/btb/cpu_clk
    SLICE_X27Y65         FDRE                                         r  u_cpu/btb/btb_counter_reg[26][0]/C
                         clock pessimism             -0.498    27.803    
                         clock uncertainty           -0.072    27.731    
    SLICE_X27Y65         FDRE (Setup_fdre_C_D)        0.029    27.760    u_cpu/btb/btb_counter_reg[26][0]
  -------------------------------------------------------------------
                         required time                         27.760    
                         arrival time                         -25.909    
  -------------------------------------------------------------------
                         slack                                  1.851    

Slack (MET) :             1.877ns  (required time - arrival time)
  Source:                 u_cpu/addr_trans/data_vaddr_buffer_reg[15]/C
                            (rising edge-triggered cell FDRE clocked by cpu_clk  {rise@0.000ns fall@15.161ns period=30.323ns})
  Destination:            u_cpu/btb/btb_counter_reg[28][1]/D
                            (rising edge-triggered cell FDRE clocked by cpu_clk  {rise@0.000ns fall@15.161ns period=30.323ns})
  Path Group:             cpu_clk
  Path Type:              Setup (Max at Slow Process Corner)
  Requirement:            30.323ns  (cpu_clk rise@30.323ns - cpu_clk rise@0.000ns)
  Data Path Delay:        28.121ns  (logic 6.536ns (23.243%)  route 21.585ns (76.757%))
  Logic Levels:           33  (CARRY4=4 LUT2=1 LUT3=2 LUT4=2 LUT5=6 LUT6=16 MUXF7=1 MUXF8=1)
  Clock Path Skew:        -0.284ns (DCD - SCD + CPR)
    Destination Clock Delay (DCD):    -2.022ns = ( 28.300 - 30.323 ) 
    Source Clock Delay      (SCD):    -2.237ns
    Clock Pessimism Removal (CPR):    -0.498ns
  Clock Uncertainty:      0.072ns  ((TSJ^2 + DJ^2)^1/2) / 2 + PE
    Total System Jitter     (TSJ):    0.071ns
    Discrete Jitter          (DJ):    0.125ns
    Phase Error              (PE):    0.000ns

    Location             Delay type                Incr(ns)  Path(ns)    Netlist Resource(s)
  -------------------------------------------------------------------    -------------------
                         (clock cpu_clk rise edge)    0.000     0.000 r  
    K21                                               0.000     0.000 r  clk (IN)
                         net (fo=0)                   0.000     0.000    pll_clk.u_clk_pll/inst/clk_in1
    K21                  IBUF (Prop_ibuf_I_O)         1.463     1.463 r  pll_clk.u_clk_pll/inst/clkin1_ibufg/O
                         net (fo=1, routed)           1.253     2.716    pll_clk.u_clk_pll/inst/clk_in1_clk_pll
    PLLE2_ADV_X0Y3       PLLE2_ADV (Prop_plle2_adv_CLKIN1_CLKOUT0)
                                                     -8.991    -6.275 r  pll_clk.u_clk_pll/inst/plle2_adv_inst/CLKOUT0
                         net (fo=1, routed)           1.837    -4.438    pll_clk.u_clk_pll/inst/cpu_clk_clk_pll
    BUFGCTRL_X0Y16       BUFG (Prop_bufg_I_O)         0.096    -4.342 r  pll_clk.u_clk_pll/inst/clkout1_buf/O
                         net (fo=6480, routed)        2.105    -2.237    u_cpu/addr_trans/cpu_clk
    SLICE_X32Y27         FDRE                                         r  u_cpu/addr_trans/data_vaddr_buffer_reg[15]/C
  -------------------------------------------------------------------    -------------------
    SLICE_X32Y27         FDRE (Prop_fdre_C_Q)         0.456    -1.781 r  u_cpu/addr_trans/data_vaddr_buffer_reg[15]/Q
                         net (fo=33, routed)          1.714    -0.066    u_cpu/addr_trans/tlb_entry/data_vaddr_buffer[3]
    SLICE_X43Y34         LUT6 (Prop_lut6_I3_O)        0.124     0.058 r  u_cpu/addr_trans/tlb_entry/ms_to_ws_bus_r[175]_i_235/O
                         net (fo=1, routed)           0.000     0.058    u_cpu/addr_trans/tlb_entry/ms_to_ws_bus_r[175]_i_235_n_0
    SLICE_X43Y34         CARRY4 (Prop_carry4_S[0]_CO[3])
                                                      0.532     0.590 r  u_cpu/addr_trans/tlb_entry/ms_to_ws_bus_r_reg[175]_i_136/CO[3]
                         net (fo=1, routed)           0.000     0.590    u_cpu/addr_trans/tlb_entry/ms_to_ws_bus_r_reg[175]_i_136_n_0
    SLICE_X43Y35         CARRY4 (Prop_carry4_CI_CO[2])
                                                      0.228     0.818 r  u_cpu/addr_trans/tlb_entry/ms_to_ws_bus_r_reg[175]_i_40/CO[2]
                         net (fo=1, routed)           1.098     1.915    u_cpu/addr_trans/tlb_entry/ms_to_ws_bus_r_reg[175]_i_40_n_1
    SLICE_X41Y39         LUT6 (Prop_lut6_I1_O)        0.313     2.228 r  u_cpu/addr_trans/tlb_entry/ms_to_ws_bus_r[175]_i_10/O
                         net (fo=4, routed)           1.142     3.370    u_cpu/addr_trans/tlb_entry/match1[23]
    SLICE_X25Y39         LUT5 (Prop_lut5_I3_O)        0.150     3.520 r  u_cpu/addr_trans/tlb_entry/ms_to_ws_bus_r[175]_i_2/O
                         net (fo=2, routed)           1.026     4.545    u_cpu/addr_trans/tlb_entry/ms_to_ws_bus_r[175]_i_2_n_0
    SLICE_X17Y40         LUT6 (Prop_lut6_I0_O)        0.326     4.871 r  u_cpu/addr_trans/tlb_entry/ms_to_ws_bus_r[173]_i_1/O
                         net (fo=89, routed)          0.825     5.696    u_cpu/addr_trans/tlb_entry/invalid_tlb_entry[17].tlb_e_reg[17]_1[5]
    SLICE_X10Y42         MUXF7 (Prop_muxf7_S_O)       0.314     6.010 f  u_cpu/addr_trans/tlb_entry/ms_to_ws_bus_r_reg[239]_i_67/O
                         net (fo=1, routed)           0.000     6.010    u_cpu/addr_trans/tlb_entry/ms_to_ws_bus_r_reg[239]_i_67_n_0
    SLICE_X10Y42         MUXF8 (Prop_muxf8_I0_O)      0.098     6.108 f  u_cpu/addr_trans/tlb_entry/ms_to_ws_bus_r_reg[239]_i_46/O
                         net (fo=1, routed)           0.851     6.959    u_cpu/addr_trans/tlb_entry/ms_to_ws_bus_r_reg[239]_i_46_n_0
    SLICE_X11Y34         LUT5 (Prop_lut5_I1_O)        0.319     7.278 f  u_cpu/addr_trans/tlb_entry/ms_to_ws_bus_r[239]_i_20/O
                         net (fo=1, routed)           0.797     8.075    u_cpu/addr_trans/tlb_entry/ms_to_ws_bus_r[239]_i_20_n_0
    SLICE_X11Y33         LUT6 (Prop_lut6_I5_O)        0.124     8.199 f  u_cpu/addr_trans/tlb_entry/ms_to_ws_bus_r[239]_i_7/O
                         net (fo=1, routed)           0.296     8.495    u_cpu/addr_trans/tlb_entry/ms_to_ws_bus_r[239]_i_7_n_0
    SLICE_X11Y31         LUT6 (Prop_lut6_I5_O)        0.124     8.619 r  u_cpu/addr_trans/tlb_entry/ms_to_ws_bus_r[239]_i_2/O
                         net (fo=10, routed)          0.812     9.431    u_cpu/addr_trans/tlb_entry/ms_to_ws_bus_r[239]_i_2_n_0
    SLICE_X11Y25         LUT6 (Prop_lut6_I3_O)        0.124     9.555 r  u_cpu/addr_trans/tlb_entry/ms_to_ws_bus_r[235]_i_1/O
                         net (fo=6, routed)           0.918    10.474    u_cpu/addr_trans/tlb_entry/data_vaddr_buffer_reg[17]
    SLICE_X8Y35          LUT6 (Prop_lut6_I5_O)        0.124    10.598 r  u_cpu/addr_trans/tlb_entry/miss_buffer_replace_way[0]_i_10/O
                         net (fo=1, routed)           0.000    10.598    u_cpu/addr_trans/tlb_entry/miss_buffer_replace_way[0]_i_10_n_0
    SLICE_X8Y35          CARRY4 (Prop_carry4_S[1]_CO[3])
                                                      0.533    11.131 r  u_cpu/addr_trans/tlb_entry/miss_buffer_replace_way_reg[0]_i_4/CO[3]
                         net (fo=1, routed)           0.000    11.131    u_cpu/addr_trans/tlb_entry/miss_buffer_replace_way_reg[0]_i_4_n_0
    SLICE_X8Y36          CARRY4 (Prop_carry4_CI_CO[2])
                                                      0.229    11.360 f  u_cpu/addr_trans/tlb_entry/miss_buffer_replace_way_reg[0]_i_2/CO[2]
                         net (fo=5, routed)           0.998    12.358    u_cpu/dcache/tagv_ram_way[0].u/CO[0]
    SLICE_X14Y36         LUT6 (Prop_lut6_I0_O)        0.310    12.668 f  u_cpu/dcache/tagv_ram_way[0].u/write_buffer_way[1]_i_5/O
                         net (fo=4, routed)           0.723    13.391    u_cpu/mem_stage/p_22_in
    SLICE_X14Y26         LUT3 (Prop_lut3_I2_O)        0.124    13.515 f  u_cpu/mem_stage/main_state[0]_i_3/O
                         net (fo=3, routed)           0.925    14.439    u_cpu/dcache/main_state_reg[0]_2
    SLICE_X30Y25         LUT6 (Prop_lut6_I3_O)        0.124    14.563 f  u_cpu/dcache/es_to_ms_bus_r[214]_i_9/O
                         net (fo=3, routed)           0.654    15.217    u_cpu/mem_stage/data_data_ok
    SLICE_X28Y22         LUT6 (Prop_lut6_I2_O)        0.124    15.341 f  u_cpu/mem_stage/es_to_ms_bus_r[214]_i_4/O
                         net (fo=7, routed)           0.210    15.551    u_cpu/wb_stage/s1_asid_r_reg[0]
    SLICE_X28Y22         LUT6 (Prop_lut6_I1_O)        0.124    15.675 f  u_cpu/wb_stage/es_to_ms_bus_r[175]_i_2/O
                         net (fo=5, routed)           0.574    16.248    u_cpu/exe_stage/p_13_in
    SLICE_X28Y24         LUT5 (Prop_lut5_I0_O)        0.124    16.372 f  u_cpu/exe_stage/request_buffer_dcacop_i_1/O
                         net (fo=6, routed)           0.804    17.176    u_cpu/exe_stage/dcacop_op_en
    SLICE_X13Y24         LUT5 (Prop_lut5_I0_O)        0.124    17.300 f  u_cpu/exe_stage/s1_asid_r[9]_i_12/O
                         net (fo=1, routed)           0.433    17.733    u_cpu/exe_stage/dcache/main_lookup2lookup3
    SLICE_X13Y24         LUT5 (Prop_lut5_I2_O)        0.124    17.857 r  u_cpu/exe_stage/s1_asid_r[9]_i_7/O
                         net (fo=2, routed)           0.511    18.369    u_cpu/dcache/tagv_ram_way[1].u/p_23_in
    SLICE_X20Y24         LUT5 (Prop_lut5_I4_O)        0.124    18.493 r  u_cpu/dcache/tagv_ram_way[1].u/s1_asid_r[9]_i_2/O
                         net (fo=11, routed)          0.728    19.220    u_cpu/exe_stage/data_addr_ok
    SLICE_X26Y25         LUT6 (Prop_lut6_I3_O)        0.124    19.344 r  u_cpu/exe_stage/ds_to_es_bus_r[235]_i_8/O
                         net (fo=1, routed)           0.617    19.961    u_cpu/exe_stage/ds_to_es_bus_r[235]_i_8_n_0
    SLICE_X32Y24         LUT6 (Prop_lut6_I3_O)        0.124    20.085 r  u_cpu/exe_stage/ds_to_es_bus_r[235]_i_3/O
                         net (fo=7, routed)           0.318    20.403    u_cpu/id_stage/es_allowin
    SLICE_X35Y24         LUT4 (Prop_lut4_I3_O)        0.124    20.527 r  u_cpu/id_stage/btb_add_entry_r_i_3/O
                         net (fo=18, routed)          0.572    21.100    u_cpu/id_stage/btb_operate_en
    SLICE_X32Y24         LUT2 (Prop_lut2_I1_O)        0.124    21.224 f  u_cpu/id_stage/btb_target_reg_0_31_0_1_i_14/O
                         net (fo=31, routed)          0.879    22.102    u_cpu/id_stage/btb_target_reg_0_31_0_1_i_14_n_0
    SLICE_X32Y23         LUT6 (Prop_lut6_I0_O)        0.124    22.226 r  u_cpu/id_stage/btb_counter[29][1]_i_7/O
                         net (fo=1, routed)           1.049    23.276    u_cpu/id_stage/btb_counter[29][1]_i_7_n_0
    SLICE_X31Y43         LUT4 (Prop_lut4_I1_O)        0.124    23.400 r  u_cpu/id_stage/btb_counter[29][1]_i_5/O
                         net (fo=49, routed)          1.382    24.781    u_cpu/id_stage/btb_counter[29][1]_i_5_n_0
    SLICE_X30Y63         LUT6 (Prop_lut6_I0_O)        0.124    24.905 r  u_cpu/id_stage/btb_counter[28][1]_i_8/O
                         net (fo=2, routed)           0.572    25.478    u_cpu/btb/btb_counter_reg[28][1]_0
    SLICE_X30Y65         LUT3 (Prop_lut3_I1_O)        0.124    25.602 r  u_cpu/btb/btb_counter[28][1]_i_2/O
                         net (fo=1, routed)           0.159    25.760    u_cpu/btb/btb_counter[28][1]_i_2_n_0
    SLICE_X30Y65         LUT6 (Prop_lut6_I0_O)        0.124    25.884 r  u_cpu/btb/btb_counter[28][1]_i_1/O
                         net (fo=1, routed)           0.000    25.884    u_cpu/btb/btb_counter[28][1]_i_1_n_0
    SLICE_X30Y65         FDRE                                         r  u_cpu/btb/btb_counter_reg[28][1]/D
  -------------------------------------------------------------------    -------------------

                         (clock cpu_clk rise edge)   30.323    30.323 r  
    K21                                               0.000    30.323 r  clk (IN)
                         net (fo=0)                   0.000    30.323    pll_clk.u_clk_pll/inst/clk_in1
    K21                  IBUF (Prop_ibuf_I_O)         1.393    31.715 r  pll_clk.u_clk_pll/inst/clkin1_ibufg/O
                         net (fo=1, routed)           1.181    32.896    pll_clk.u_clk_pll/inst/clk_in1_clk_pll
    PLLE2_ADV_X0Y3       PLLE2_ADV (Prop_plle2_adv_CLKIN1_CLKOUT0)
                                                     -8.248    24.648 r  pll_clk.u_clk_pll/inst/plle2_adv_inst/CLKOUT0
                         net (fo=1, routed)           1.755    26.403    pll_clk.u_clk_pll/inst/cpu_clk_clk_pll
    BUFGCTRL_X0Y16       BUFG (Prop_bufg_I_O)         0.091    26.494 r  pll_clk.u_clk_pll/inst/clkout1_buf/O
                         net (fo=6480, routed)        1.806    28.300    u_cpu/btb/cpu_clk
    SLICE_X30Y65         FDRE                                         r  u_cpu/btb/btb_counter_reg[28][1]/C
                         clock pessimism             -0.498    27.802    
                         clock uncertainty           -0.072    27.730    
    SLICE_X30Y65         FDRE (Setup_fdre_C_D)        0.031    27.761    u_cpu/btb/btb_counter_reg[28][1]
  -------------------------------------------------------------------
                         required time                         27.761    
                         arrival time                         -25.884    
  -------------------------------------------------------------------
                         slack                                  1.877    





Min Delay Paths
--------------------------------------------------------------------------------------
Slack (MET) :             0.049ns  (arrival time - required time)
  Source:                 u_cpu/u_csr/csr_tlbelo1_reg[26]/C
                            (rising edge-triggered cell FDRE clocked by cpu_clk  {rise@0.000ns fall@15.161ns period=30.323ns})
  Destination:            u_cpu/addr_trans/tlb_entry/tlb_ppn1_reg_r3_0_31_18_19/RAMA/I
                            (rising edge-triggered cell RAMD32 clocked by cpu_clk  {rise@0.000ns fall@15.161ns period=30.323ns})
  Path Group:             cpu_clk
  Path Type:              Hold (Min at Fast Process Corner)
  Requirement:            0.000ns  (cpu_clk rise@0.000ns - cpu_clk rise@0.000ns)
  Data Path Delay:        0.209ns  (logic 0.141ns (67.433%)  route 0.068ns (32.567%))
  Logic Levels:           0  
  Clock Path Skew:        0.013ns (DCD - SCD - CPR)
    Destination Clock Delay (DCD):    -0.272ns
    Source Clock Delay      (SCD):    -0.504ns
    Clock Pessimism Removal (CPR):    0.219ns

    Location             Delay type                Incr(ns)  Path(ns)    Netlist Resource(s)
  -------------------------------------------------------------------    -------------------
                         (clock cpu_clk rise edge)    0.000     0.000 r  
    K21                                               0.000     0.000 r  clk (IN)
                         net (fo=0)                   0.000     0.000    pll_clk.u_clk_pll/inst/clk_in1
    K21                  IBUF (Prop_ibuf_I_O)         0.231     0.231 r  pll_clk.u_clk_pll/inst/clkin1_ibufg/O
                         net (fo=1, routed)           0.440     0.671    pll_clk.u_clk_pll/inst/clk_in1_clk_pll
    PLLE2_ADV_X0Y3       PLLE2_ADV (Prop_plle2_adv_CLKIN1_CLKOUT0)
                                                     -2.520    -1.848 r  pll_clk.u_clk_pll/inst/plle2_adv_inst/CLKOUT0
                         net (fo=1, routed)           0.560    -1.289    pll_clk.u_clk_pll/inst/cpu_clk_clk_pll
    BUFGCTRL_X0Y16       BUFG (Prop_bufg_I_O)         0.026    -1.263 r  pll_clk.u_clk_pll/inst/clkout1_buf/O
                         net (fo=6480, routed)        0.759    -0.504    u_cpu/u_csr/cpu_clk
    SLICE_X15Y20         FDRE                                         r  u_cpu/u_csr/csr_tlbelo1_reg[26]/C
  -------------------------------------------------------------------    -------------------
    SLICE_X15Y20         FDRE (Prop_fdre_C_Q)         0.141    -0.363 r  u_cpu/u_csr/csr_tlbelo1_reg[26]/Q
                         net (fo=4, routed)           0.068    -0.295    u_cpu/addr_trans/tlb_entry/tlb_ppn1_reg_r3_0_31_18_19/DIA0
    SLICE_X14Y20         RAMD32                                       r  u_cpu/addr_trans/tlb_entry/tlb_ppn1_reg_r3_0_31_18_19/RAMA/I
  -------------------------------------------------------------------    -------------------

                         (clock cpu_clk rise edge)    0.000     0.000 r  
    K21                                               0.000     0.000 r  clk (IN)
                         net (fo=0)                   0.000     0.000    pll_clk.u_clk_pll/inst/clk_in1
    K21                  IBUF (Prop_ibuf_I_O)         0.419     0.419 r  pll_clk.u_clk_pll/inst/clkin1_ibufg/O
                         net (fo=1, routed)           0.481     0.900    pll_clk.u_clk_pll/inst/clk_in1_clk_pll
    PLLE2_ADV_X0Y3       PLLE2_ADV (Prop_plle2_adv_CLKIN1_CLKOUT0)
                                                     -2.847    -1.947 r  pll_clk.u_clk_pll/inst/plle2_adv_inst/CLKOUT0
                         net (fo=1, routed)           0.611    -1.337    pll_clk.u_clk_pll/inst/cpu_clk_clk_pll
    BUFGCTRL_X0Y16       BUFG (Prop_bufg_I_O)         0.029    -1.308 r  pll_clk.u_clk_pll/inst/clkout1_buf/O
                         net (fo=6480, routed)        1.036    -0.272    u_cpu/addr_trans/tlb_entry/tlb_ppn1_reg_r3_0_31_18_19/WCLK
    SLICE_X14Y20         RAMD32                                       r  u_cpu/addr_trans/tlb_entry/tlb_ppn1_reg_r3_0_31_18_19/RAMA/CLK
                         clock pessimism             -0.219    -0.491    
    SLICE_X14Y20         RAMD32 (Hold_ramd32_CLK_I)
                                                      0.147    -0.344    u_cpu/addr_trans/tlb_entry/tlb_ppn1_reg_r3_0_31_18_19/RAMA
  -------------------------------------------------------------------
                         required time                          0.344    
                         arrival time                          -0.295    
  -------------------------------------------------------------------
                         slack                                  0.049    

Slack (MET) :             0.063ns  (arrival time - required time)
  Source:                 u_cpu/u_csr/csr_tlbelo1_reg[20]/C
                            (rising edge-triggered cell FDRE clocked by cpu_clk  {rise@0.000ns fall@15.161ns period=30.323ns})
  Destination:            u_cpu/addr_trans/tlb_entry/tlb_ppn1_reg_r3_0_31_12_17/RAMA/I
                            (rising edge-triggered cell RAMD32 clocked by cpu_clk  {rise@0.000ns fall@15.161ns period=30.323ns})
  Path Group:             cpu_clk
  Path Type:              Hold (Min at Fast Process Corner)
  Requirement:            0.000ns  (cpu_clk rise@0.000ns - cpu_clk rise@0.000ns)
  Data Path Delay:        0.223ns  (logic 0.141ns (63.332%)  route 0.082ns (36.668%))
  Logic Levels:           0  
  Clock Path Skew:        0.013ns (DCD - SCD - CPR)
    Destination Clock Delay (DCD):    -0.273ns
    Source Clock Delay      (SCD):    -0.506ns
    Clock Pessimism Removal (CPR):    0.220ns

    Location             Delay type                Incr(ns)  Path(ns)    Netlist Resource(s)
  -------------------------------------------------------------------    -------------------
                         (clock cpu_clk rise edge)    0.000     0.000 r  
    K21                                               0.000     0.000 r  clk (IN)
                         net (fo=0)                   0.000     0.000    pll_clk.u_clk_pll/inst/clk_in1
    K21                  IBUF (Prop_ibuf_I_O)         0.231     0.231 r  pll_clk.u_clk_pll/inst/clkin1_ibufg/O
                         net (fo=1, routed)           0.440     0.671    pll_clk.u_clk_pll/inst/clk_in1_clk_pll
    PLLE2_ADV_X0Y3       PLLE2_ADV (Prop_plle2_adv_CLKIN1_CLKOUT0)
                                                     -2.520    -1.848 r  pll_clk.u_clk_pll/inst/plle2_adv_inst/CLKOUT0
                         net (fo=1, routed)           0.560    -1.289    pll_clk.u_clk_pll/inst/cpu_clk_clk_pll
    BUFGCTRL_X0Y16       BUFG (Prop_bufg_I_O)         0.026    -1.263 r  pll_clk.u_clk_pll/inst/clkout1_buf/O
                         net (fo=6480, routed)        0.757    -0.506    u_cpu/u_csr/cpu_clk
    SLICE_X19Y20         FDRE                                         r  u_cpu/u_csr/csr_tlbelo1_reg[20]/C
  -------------------------------------------------------------------    -------------------
    SLICE_X19Y20         FDRE (Prop_fdre_C_Q)         0.141    -0.365 r  u_cpu/u_csr/csr_tlbelo1_reg[20]/Q
                         net (fo=4, routed)           0.082    -0.283    u_cpu/addr_trans/tlb_entry/tlb_ppn1_reg_r3_0_31_12_17/DIA0
    SLICE_X18Y20         RAMD32                                       r  u_cpu/addr_trans/tlb_entry/tlb_ppn1_reg_r3_0_31_12_17/RAMA/I
  -------------------------------------------------------------------    -------------------

                         (clock cpu_clk rise edge)    0.000     0.000 r  
    K21                                               0.000     0.000 r  clk (IN)
                         net (fo=0)                   0.000     0.000    pll_clk.u_clk_pll/inst/clk_in1
    K21                  IBUF (Prop_ibuf_I_O)         0.419     0.419 r  pll_clk.u_clk_pll/inst/clkin1_ibufg/O
                         net (fo=1, routed)           0.481     0.900    pll_clk.u_clk_pll/inst/clk_in1_clk_pll
    PLLE2_ADV_X0Y3       PLLE2_ADV (Prop_plle2_adv_CLKIN1_CLKOUT0)
                                                     -2.847    -1.947 r  pll_clk.u_clk_pll/inst/plle2_adv_inst/CLKOUT0
                         net (fo=1, routed)           0.611    -1.337    pll_clk.u_clk_pll/inst/cpu_clk_clk_pll
    BUFGCTRL_X0Y16       BUFG (Prop_bufg_I_O)         0.029    -1.308 r  pll_clk.u_clk_pll/inst/clkout1_buf/O
                         net (fo=6480, routed)        1.035    -0.273    u_cpu/addr_trans/tlb_entry/tlb_ppn1_reg_r3_0_31_12_17/WCLK
    SLICE_X18Y20         RAMD32                                       r  u_cpu/addr_trans/tlb_entry/tlb_ppn1_reg_r3_0_31_12_17/RAMA/CLK
                         clock pessimism             -0.220    -0.493    
    SLICE_X18Y20         RAMD32 (Hold_ramd32_CLK_I)
                                                      0.147    -0.346    u_cpu/addr_trans/tlb_entry/tlb_ppn1_reg_r3_0_31_12_17/RAMA
  -------------------------------------------------------------------
                         required time                          0.346    
                         arrival time                          -0.283    
  -------------------------------------------------------------------
                         slack                                  0.063    

Slack (MET) :             0.065ns  (arrival time - required time)
  Source:                 u_cpu/u_csr/csr_tlbelo0_reg[20]/C
                            (rising edge-triggered cell FDRE clocked by cpu_clk  {rise@0.000ns fall@15.161ns period=30.323ns})
  Destination:            u_cpu/addr_trans/tlb_entry/tlb_ppn0_reg_r3_0_31_12_17/RAMA/I
                            (rising edge-triggered cell RAMD32 clocked by cpu_clk  {rise@0.000ns fall@15.161ns period=30.323ns})
  Path Group:             cpu_clk
  Path Type:              Hold (Min at Fast Process Corner)
  Requirement:            0.000ns  (cpu_clk rise@0.000ns - cpu_clk rise@0.000ns)
  Data Path Delay:        0.225ns  (logic 0.141ns (62.722%)  route 0.084ns (37.278%))
  Logic Levels:           0  
  Clock Path Skew:        0.013ns (DCD - SCD - CPR)
    Destination Clock Delay (DCD):    -0.274ns
    Source Clock Delay      (SCD):    -0.507ns
    Clock Pessimism Removal (CPR):    0.220ns

    Location             Delay type                Incr(ns)  Path(ns)    Netlist Resource(s)
  -------------------------------------------------------------------    -------------------
                         (clock cpu_clk rise edge)    0.000     0.000 r  
    K21                                               0.000     0.000 r  clk (IN)
                         net (fo=0)                   0.000     0.000    pll_clk.u_clk_pll/inst/clk_in1
    K21                  IBUF (Prop_ibuf_I_O)         0.231     0.231 r  pll_clk.u_clk_pll/inst/clkin1_ibufg/O
                         net (fo=1, routed)           0.440     0.671    pll_clk.u_clk_pll/inst/clk_in1_clk_pll
    PLLE2_ADV_X0Y3       PLLE2_ADV (Prop_plle2_adv_CLKIN1_CLKOUT0)
                                                     -2.520    -1.848 r  pll_clk.u_clk_pll/inst/plle2_adv_inst/CLKOUT0
                         net (fo=1, routed)           0.560    -1.289    pll_clk.u_clk_pll/inst/cpu_clk_clk_pll
    BUFGCTRL_X0Y16       BUFG (Prop_bufg_I_O)         0.026    -1.263 r  pll_clk.u_clk_pll/inst/clkout1_buf/O
                         net (fo=6480, routed)        0.756    -0.507    u_cpu/u_csr/cpu_clk
    SLICE_X19Y21         FDRE                                         r  u_cpu/u_csr/csr_tlbelo0_reg[20]/C
  -------------------------------------------------------------------    -------------------
    SLICE_X19Y21         FDRE (Prop_fdre_C_Q)         0.141    -0.366 r  u_cpu/u_csr/csr_tlbelo0_reg[20]/Q
                         net (fo=4, routed)           0.084    -0.282    u_cpu/addr_trans/tlb_entry/tlb_ppn0_reg_r3_0_31_12_17/DIA0
    SLICE_X18Y21         RAMD32                                       r  u_cpu/addr_trans/tlb_entry/tlb_ppn0_reg_r3_0_31_12_17/RAMA/I
  -------------------------------------------------------------------    -------------------

                         (clock cpu_clk rise edge)    0.000     0.000 r  
    K21                                               0.000     0.000 r  clk (IN)
                         net (fo=0)                   0.000     0.000    pll_clk.u_clk_pll/inst/clk_in1
    K21                  IBUF (Prop_ibuf_I_O)         0.419     0.419 r  pll_clk.u_clk_pll/inst/clkin1_ibufg/O
                         net (fo=1, routed)           0.481     0.900    pll_clk.u_clk_pll/inst/clk_in1_clk_pll
    PLLE2_ADV_X0Y3       PLLE2_ADV (Prop_plle2_adv_CLKIN1_CLKOUT0)
                                                     -2.847    -1.947 r  pll_clk.u_clk_pll/inst/plle2_adv_inst/CLKOUT0
                         net (fo=1, routed)           0.611    -1.337    pll_clk.u_clk_pll/inst/cpu_clk_clk_pll
    BUFGCTRL_X0Y16       BUFG (Prop_bufg_I_O)         0.029    -1.308 r  pll_clk.u_clk_pll/inst/clkout1_buf/O
                         net (fo=6480, routed)        1.034    -0.274    u_cpu/addr_trans/tlb_entry/tlb_ppn0_reg_r3_0_31_12_17/WCLK
    SLICE_X18Y21         RAMD32                                       r  u_cpu/addr_trans/tlb_entry/tlb_ppn0_reg_r3_0_31_12_17/RAMA/CLK
                         clock pessimism             -0.220    -0.494    
    SLICE_X18Y21         RAMD32 (Hold_ramd32_CLK_I)
                                                      0.147    -0.347    u_cpu/addr_trans/tlb_entry/tlb_ppn0_reg_r3_0_31_12_17/RAMA
  -------------------------------------------------------------------
                         required time                          0.347    
                         arrival time                          -0.282    
  -------------------------------------------------------------------
                         slack                                  0.065    

Slack (MET) :             0.091ns  (arrival time - required time)
  Source:                 u_cpu/axi_bridge/wdata_reg[20]/C
                            (rising edge-triggered cell FDRE clocked by cpu_clk  {rise@0.000ns fall@15.161ns period=30.323ns})
  Destination:            u_axi_cdc/wFifo/ram_reg_0_7_18_23/RAMB/I
                            (rising edge-triggered cell RAMD32 clocked by cpu_clk  {rise@0.000ns fall@15.161ns period=30.323ns})
  Path Group:             cpu_clk
  Path Type:              Hold (Min at Fast Process Corner)
  Requirement:            0.000ns  (cpu_clk rise@0.000ns - cpu_clk rise@0.000ns)
  Data Path Delay:        0.251ns  (logic 0.141ns (56.174%)  route 0.110ns (43.826%))
  Logic Levels:           0  
  Clock Path Skew:        0.014ns (DCD - SCD - CPR)
    Destination Clock Delay (DCD):    -0.242ns
    Source Clock Delay      (SCD):    -0.476ns
    Clock Pessimism Removal (CPR):    0.220ns

    Location             Delay type                Incr(ns)  Path(ns)    Netlist Resource(s)
  -------------------------------------------------------------------    -------------------
                         (clock cpu_clk rise edge)    0.000     0.000 r  
    K21                                               0.000     0.000 r  clk (IN)
                         net (fo=0)                   0.000     0.000    pll_clk.u_clk_pll/inst/clk_in1
    K21                  IBUF (Prop_ibuf_I_O)         0.231     0.231 r  pll_clk.u_clk_pll/inst/clkin1_ibufg/O
                         net (fo=1, routed)           0.440     0.671    pll_clk.u_clk_pll/inst/clk_in1_clk_pll
    PLLE2_ADV_X0Y3       PLLE2_ADV (Prop_plle2_adv_CLKIN1_CLKOUT0)
                                                     -2.520    -1.848 r  pll_clk.u_clk_pll/inst/plle2_adv_inst/CLKOUT0
                         net (fo=1, routed)           0.560    -1.289    pll_clk.u_clk_pll/inst/cpu_clk_clk_pll
    BUFGCTRL_X0Y16       BUFG (Prop_bufg_I_O)         0.026    -1.263 r  pll_clk.u_clk_pll/inst/clkout1_buf/O
                         net (fo=6480, routed)        0.787    -0.476    u_cpu/axi_bridge/cpu_clk
    SLICE_X3Y22          FDRE                                         r  u_cpu/axi_bridge/wdata_reg[20]/C
  -------------------------------------------------------------------    -------------------
    SLICE_X3Y22          FDRE (Prop_fdre_C_Q)         0.141    -0.335 r  u_cpu/axi_bridge/wdata_reg[20]/Q
                         net (fo=1, routed)           0.110    -0.225    u_axi_cdc/wFifo/ram_reg_0_7_18_23/DIB0
    SLICE_X2Y21          RAMD32                                       r  u_axi_cdc/wFifo/ram_reg_0_7_18_23/RAMB/I
  -------------------------------------------------------------------    -------------------

                         (clock cpu_clk rise edge)    0.000     0.000 r  
    K21                                               0.000     0.000 r  clk (IN)
                         net (fo=0)                   0.000     0.000    pll_clk.u_clk_pll/inst/clk_in1
    K21                  IBUF (Prop_ibuf_I_O)         0.419     0.419 r  pll_clk.u_clk_pll/inst/clkin1_ibufg/O
                         net (fo=1, routed)           0.481     0.900    pll_clk.u_clk_pll/inst/clk_in1_clk_pll
    PLLE2_ADV_X0Y3       PLLE2_ADV (Prop_plle2_adv_CLKIN1_CLKOUT0)
                                                     -2.847    -1.947 r  pll_clk.u_clk_pll/inst/plle2_adv_inst/CLKOUT0
                         net (fo=1, routed)           0.611    -1.337    pll_clk.u_clk_pll/inst/cpu_clk_clk_pll
    BUFGCTRL_X0Y16       BUFG (Prop_bufg_I_O)         0.029    -1.308 r  pll_clk.u_clk_pll/inst/clkout1_buf/O
                         net (fo=6480, routed)        1.066    -0.242    u_axi_cdc/wFifo/ram_reg_0_7_18_23/WCLK
    SLICE_X2Y21          RAMD32                                       r  u_axi_cdc/wFifo/ram_reg_0_7_18_23/RAMB/CLK
                         clock pessimism             -0.220    -0.462    
    SLICE_X2Y21          RAMD32 (Hold_ramd32_CLK_I)
                                                      0.146    -0.316    u_axi_cdc/wFifo/ram_reg_0_7_18_23/RAMB
  -------------------------------------------------------------------
                         required time                          0.316    
                         arrival time                          -0.225    
  -------------------------------------------------------------------
                         slack                                  0.091    

Slack (MET) :             0.094ns  (arrival time - required time)
  Source:                 u_cpu/axi_bridge/wdata_reg[15]/C
                            (rising edge-triggered cell FDRE clocked by cpu_clk  {rise@0.000ns fall@15.161ns period=30.323ns})
  Destination:            u_axi_cdc/wFifo/ram_reg_0_7_12_17/RAMB_D1/I
                            (rising edge-triggered cell RAMD32 clocked by cpu_clk  {rise@0.000ns fall@15.161ns period=30.323ns})
  Path Group:             cpu_clk
  Path Type:              Hold (Min at Fast Process Corner)
  Requirement:            0.000ns  (cpu_clk rise@0.000ns - cpu_clk rise@0.000ns)
  Data Path Delay:        0.257ns  (logic 0.141ns (54.785%)  route 0.116ns (45.215%))
  Logic Levels:           0  
  Clock Path Skew:        0.039ns (DCD - SCD - CPR)
    Destination Clock Delay (DCD):    -0.246ns
    Source Clock Delay      (SCD):    -0.481ns
    Clock Pessimism Removal (CPR):    0.196ns

    Location             Delay type                Incr(ns)  Path(ns)    Netlist Resource(s)
  -------------------------------------------------------------------    -------------------
                         (clock cpu_clk rise edge)    0.000     0.000 r  
    K21                                               0.000     0.000 r  clk (IN)
                         net (fo=0)                   0.000     0.000    pll_clk.u_clk_pll/inst/clk_in1
    K21                  IBUF (Prop_ibuf_I_O)         0.231     0.231 r  pll_clk.u_clk_pll/inst/clkin1_ibufg/O
                         net (fo=1, routed)           0.440     0.671    pll_clk.u_clk_pll/inst/clk_in1_clk_pll
    PLLE2_ADV_X0Y3       PLLE2_ADV (Prop_plle2_adv_CLKIN1_CLKOUT0)
                                                     -2.520    -1.848 r  pll_clk.u_clk_pll/inst/plle2_adv_inst/CLKOUT0
                         net (fo=1, routed)           0.560    -1.289    pll_clk.u_clk_pll/inst/cpu_clk_clk_pll
    BUFGCTRL_X0Y16       BUFG (Prop_bufg_I_O)         0.026    -1.263 r  pll_clk.u_clk_pll/inst/clkout1_buf/O
                         net (fo=6480, routed)        0.782    -0.481    u_cpu/axi_bridge/cpu_clk
    SLICE_X5Y25          FDRE                                         r  u_cpu/axi_bridge/wdata_reg[15]/C
  -------------------------------------------------------------------    -------------------
    SLICE_X5Y25          FDRE (Prop_fdre_C_Q)         0.141    -0.340 r  u_cpu/axi_bridge/wdata_reg[15]/Q
                         net (fo=1, routed)           0.116    -0.223    u_axi_cdc/wFifo/ram_reg_0_7_12_17/DIB1
    SLICE_X2Y25          RAMD32                                       r  u_axi_cdc/wFifo/ram_reg_0_7_12_17/RAMB_D1/I
  -------------------------------------------------------------------    -------------------

                         (clock cpu_clk rise edge)    0.000     0.000 r  
    K21                                               0.000     0.000 r  clk (IN)
                         net (fo=0)                   0.000     0.000    pll_clk.u_clk_pll/inst/clk_in1
    K21                  IBUF (Prop_ibuf_I_O)         0.419     0.419 r  pll_clk.u_clk_pll/inst/clkin1_ibufg/O
                         net (fo=1, routed)           0.481     0.900    pll_clk.u_clk_pll/inst/clk_in1_clk_pll
    PLLE2_ADV_X0Y3       PLLE2_ADV (Prop_plle2_adv_CLKIN1_CLKOUT0)
                                                     -2.847    -1.947 r  pll_clk.u_clk_pll/inst/plle2_adv_inst/CLKOUT0
                         net (fo=1, routed)           0.611    -1.337    pll_clk.u_clk_pll/inst/cpu_clk_clk_pll
    BUFGCTRL_X0Y16       BUFG (Prop_bufg_I_O)         0.029    -1.308 r  pll_clk.u_clk_pll/inst/clkout1_buf/O
                         net (fo=6480, routed)        1.062    -0.246    u_axi_cdc/wFifo/ram_reg_0_7_12_17/WCLK
    SLICE_X2Y25          RAMD32                                       r  u_axi_cdc/wFifo/ram_reg_0_7_12_17/RAMB_D1/CLK
                         clock pessimism             -0.196    -0.442    
    SLICE_X2Y25          RAMD32 (Hold_ramd32_CLK_I)
                                                      0.124    -0.318    u_axi_cdc/wFifo/ram_reg_0_7_12_17/RAMB_D1
  -------------------------------------------------------------------
                         required time                          0.318    
                         arrival time                          -0.223    
  -------------------------------------------------------------------
                         slack                                  0.094    

Slack (MET) :             0.109ns  (arrival time - required time)
  Source:                 u_cpu/u_csr/csr_tlbelo1_reg[9]/C
                            (rising edge-triggered cell FDRE clocked by cpu_clk  {rise@0.000ns fall@15.161ns period=30.323ns})
  Destination:            u_cpu/addr_trans/tlb_entry/tlb_ppn1_reg_r3_0_31_0_5/RAMA_D1/I
                            (rising edge-triggered cell RAMD32 clocked by cpu_clk  {rise@0.000ns fall@15.161ns period=30.323ns})
  Path Group:             cpu_clk
  Path Type:              Hold (Min at Fast Process Corner)
  Requirement:            0.000ns  (cpu_clk rise@0.000ns - cpu_clk rise@0.000ns)
  Data Path Delay:        0.267ns  (logic 0.141ns (52.806%)  route 0.126ns (47.194%))
  Logic Levels:           0  
  Clock Path Skew:        0.038ns (DCD - SCD - CPR)
    Destination Clock Delay (DCD):    -0.282ns
    Source Clock Delay      (SCD):    -0.516ns
    Clock Pessimism Removal (CPR):    0.196ns

    Location             Delay type                Incr(ns)  Path(ns)    Netlist Resource(s)
  -------------------------------------------------------------------    -------------------
                         (clock cpu_clk rise edge)    0.000     0.000 r  
    K21                                               0.000     0.000 r  clk (IN)
                         net (fo=0)                   0.000     0.000    pll_clk.u_clk_pll/inst/clk_in1
    K21                  IBUF (Prop_ibuf_I_O)         0.231     0.231 r  pll_clk.u_clk_pll/inst/clkin1_ibufg/O
                         net (fo=1, routed)           0.440     0.671    pll_clk.u_clk_pll/inst/clk_in1_clk_pll
    PLLE2_ADV_X0Y3       PLLE2_ADV (Prop_plle2_adv_CLKIN1_CLKOUT0)
                                                     -2.520    -1.848 r  pll_clk.u_clk_pll/inst/plle2_adv_inst/CLKOUT0
                         net (fo=1, routed)           0.560    -1.289    pll_clk.u_clk_pll/inst/cpu_clk_clk_pll
    BUFGCTRL_X0Y16       BUFG (Prop_bufg_I_O)         0.026    -1.263 r  pll_clk.u_clk_pll/inst/clkout1_buf/O
                         net (fo=6480, routed)        0.747    -0.516    u_cpu/u_csr/cpu_clk
    SLICE_X39Y20         FDRE                                         r  u_cpu/u_csr/csr_tlbelo1_reg[9]/C
  -------------------------------------------------------------------    -------------------
    SLICE_X39Y20         FDRE (Prop_fdre_C_Q)         0.141    -0.375 r  u_cpu/u_csr/csr_tlbelo1_reg[9]/Q
                         net (fo=4, routed)           0.126    -0.249    u_cpu/addr_trans/tlb_entry/tlb_ppn1_reg_r3_0_31_0_5/DIA1
    SLICE_X36Y20         RAMD32                                       r  u_cpu/addr_trans/tlb_entry/tlb_ppn1_reg_r3_0_31_0_5/RAMA_D1/I
  -------------------------------------------------------------------    -------------------

                         (clock cpu_clk rise edge)    0.000     0.000 r  
    K21                                               0.000     0.000 r  clk (IN)
                         net (fo=0)                   0.000     0.000    pll_clk.u_clk_pll/inst/clk_in1
    K21                  IBUF (Prop_ibuf_I_O)         0.419     0.419 r  pll_clk.u_clk_pll/inst/clkin1_ibufg/O
                         net (fo=1, routed)           0.481     0.900    pll_clk.u_clk_pll/inst/clk_in1_clk_pll
    PLLE2_ADV_X0Y3       PLLE2_ADV (Prop_plle2_adv_CLKIN1_CLKOUT0)
                                                     -2.847    -1.947 r  pll_clk.u_clk_pll/inst/plle2_adv_inst/CLKOUT0
                         net (fo=1, routed)           0.611    -1.337    pll_clk.u_clk_pll/inst/cpu_clk_clk_pll
    BUFGCTRL_X0Y16       BUFG (Prop_bufg_I_O)         0.029    -1.308 r  pll_clk.u_clk_pll/inst/clkout1_buf/O
                         net (fo=6480, routed)        1.026    -0.282    u_cpu/addr_trans/tlb_entry/tlb_ppn1_reg_r3_0_31_0_5/WCLK
    SLICE_X36Y20         RAMD32                                       r  u_cpu/addr_trans/tlb_entry/tlb_ppn1_reg_r3_0_31_0_5/RAMA_D1/CLK
                         clock pessimism             -0.196    -0.478    
    SLICE_X36Y20         RAMD32 (Hold_ramd32_CLK_I)
                                                      0.120    -0.358    u_cpu/addr_trans/tlb_entry/tlb_ppn1_reg_r3_0_31_0_5/RAMA_D1
  -------------------------------------------------------------------
                         required time                          0.358    
                         arrival time                          -0.249    
  -------------------------------------------------------------------
                         slack                                  0.109    

Slack (MET) :             0.109ns  (arrival time - required time)
  Source:                 u_cpu/axi_bridge/write_buffer_data_reg[59]/C
                            (rising edge-triggered cell FDRE clocked by cpu_clk  {rise@0.000ns fall@15.161ns period=30.323ns})
  Destination:            u_cpu/axi_bridge/write_buffer_data_reg[27]/D
                            (rising edge-triggered cell FDRE clocked by cpu_clk  {rise@0.000ns fall@15.161ns period=30.323ns})
  Path Group:             cpu_clk
  Path Type:              Hold (Min at Fast Process Corner)
  Requirement:            0.000ns  (cpu_clk rise@0.000ns - cpu_clk rise@0.000ns)
  Data Path Delay:        0.242ns  (logic 0.186ns (76.827%)  route 0.056ns (23.173%))
  Logic Levels:           1  (LUT6=1)
  Clock Path Skew:        0.013ns (DCD - SCD - CPR)
    Destination Clock Delay (DCD):    -0.270ns
    Source Clock Delay      (SCD):    -0.502ns
    Clock Pessimism Removal (CPR):    0.219ns

    Location             Delay type                Incr(ns)  Path(ns)    Netlist Resource(s)
  -------------------------------------------------------------------    -------------------
                         (clock cpu_clk rise edge)    0.000     0.000 r  
    K21                                               0.000     0.000 r  clk (IN)
                         net (fo=0)                   0.000     0.000    pll_clk.u_clk_pll/inst/clk_in1
    K21                  IBUF (Prop_ibuf_I_O)         0.231     0.231 r  pll_clk.u_clk_pll/inst/clkin1_ibufg/O
                         net (fo=1, routed)           0.440     0.671    pll_clk.u_clk_pll/inst/clk_in1_clk_pll
    PLLE2_ADV_X0Y3       PLLE2_ADV (Prop_plle2_adv_CLKIN1_CLKOUT0)
                                                     -2.520    -1.848 r  pll_clk.u_clk_pll/inst/plle2_adv_inst/CLKOUT0
                         net (fo=1, routed)           0.560    -1.289    pll_clk.u_clk_pll/inst/cpu_clk_clk_pll
    BUFGCTRL_X0Y16       BUFG (Prop_bufg_I_O)         0.026    -1.263 r  pll_clk.u_clk_pll/inst/clkout1_buf/O
                         net (fo=6480, routed)        0.761    -0.502    u_cpu/axi_bridge/cpu_clk
    SLICE_X9Y18          FDRE                                         r  u_cpu/axi_bridge/write_buffer_data_reg[59]/C
  -------------------------------------------------------------------    -------------------
    SLICE_X9Y18          FDRE (Prop_fdre_C_Q)         0.141    -0.361 r  u_cpu/axi_bridge/write_buffer_data_reg[59]/Q
                         net (fo=1, routed)           0.056    -0.305    u_cpu/dcache/data_ram_way[1].data_ram_bank[1].u/write_buffer_data_reg[31][27]
    SLICE_X8Y18          LUT6 (Prop_lut6_I0_O)        0.045    -0.260 r  u_cpu/dcache/data_ram_way[1].data_ram_bank[1].u/write_buffer_data[27]_i_1/O
                         net (fo=1, routed)           0.000    -0.260    u_cpu/axi_bridge/write_buffer_data_reg[95]_1[27]
    SLICE_X8Y18          FDRE                                         r  u_cpu/axi_bridge/write_buffer_data_reg[27]/D
  -------------------------------------------------------------------    -------------------

                         (clock cpu_clk rise edge)    0.000     0.000 r  
    K21                                               0.000     0.000 r  clk (IN)
                         net (fo=0)                   0.000     0.000    pll_clk.u_clk_pll/inst/clk_in1
    K21                  IBUF (Prop_ibuf_I_O)         0.419     0.419 r  pll_clk.u_clk_pll/inst/clkin1_ibufg/O
                         net (fo=1, routed)           0.481     0.900    pll_clk.u_clk_pll/inst/clk_in1_clk_pll
    PLLE2_ADV_X0Y3       PLLE2_ADV (Prop_plle2_adv_CLKIN1_CLKOUT0)
                                                     -2.847    -1.947 r  pll_clk.u_clk_pll/inst/plle2_adv_inst/CLKOUT0
                         net (fo=1, routed)           0.611    -1.337    pll_clk.u_clk_pll/inst/cpu_clk_clk_pll
    BUFGCTRL_X0Y16       BUFG (Prop_bufg_I_O)         0.029    -1.308 r  pll_clk.u_clk_pll/inst/clkout1_buf/O
                         net (fo=6480, routed)        1.038    -0.270    u_cpu/axi_bridge/cpu_clk
    SLICE_X8Y18          FDRE                                         r  u_cpu/axi_bridge/write_buffer_data_reg[27]/C
                         clock pessimism             -0.219    -0.489    
    SLICE_X8Y18          FDRE (Hold_fdre_C_D)         0.120    -0.369    u_cpu/axi_bridge/write_buffer_data_reg[27]
  -------------------------------------------------------------------
                         required time                          0.369    
                         arrival time                          -0.260    
  -------------------------------------------------------------------
                         slack                                  0.109    

Slack (MET) :             0.115ns  (arrival time - required time)
  Source:                 u_cpu/u_csr/csr_tlbelo1_reg[20]/C
                            (rising edge-triggered cell FDRE clocked by cpu_clk  {rise@0.000ns fall@15.161ns period=30.323ns})
  Destination:            u_cpu/addr_trans/tlb_entry/tlb_ppn1_reg_r2_0_31_12_17/RAMA/I
                            (rising edge-triggered cell RAMD32 clocked by cpu_clk  {rise@0.000ns fall@15.161ns period=30.323ns})
  Path Group:             cpu_clk
  Path Type:              Hold (Min at Fast Process Corner)
  Requirement:            0.000ns  (cpu_clk rise@0.000ns - cpu_clk rise@0.000ns)
  Data Path Delay:        0.275ns  (logic 0.141ns (51.309%)  route 0.134ns (48.691%))
  Logic Levels:           0  
  Clock Path Skew:        0.013ns (DCD - SCD - CPR)
    Destination Clock Delay (DCD):    -0.274ns
    Source Clock Delay      (SCD):    -0.506ns
    Clock Pessimism Removal (CPR):    0.219ns

    Location             Delay type                Incr(ns)  Path(ns)    Netlist Resource(s)
  -------------------------------------------------------------------    -------------------
                         (clock cpu_clk rise edge)    0.000     0.000 r  
    K21                                               0.000     0.000 r  clk (IN)
                         net (fo=0)                   0.000     0.000    pll_clk.u_clk_pll/inst/clk_in1
    K21                  IBUF (Prop_ibuf_I_O)         0.231     0.231 r  pll_clk.u_clk_pll/inst/clkin1_ibufg/O
                         net (fo=1, routed)           0.440     0.671    pll_clk.u_clk_pll/inst/clk_in1_clk_pll
    PLLE2_ADV_X0Y3       PLLE2_ADV (Prop_plle2_adv_CLKIN1_CLKOUT0)
                                                     -2.520    -1.848 r  pll_clk.u_clk_pll/inst/plle2_adv_inst/CLKOUT0
                         net (fo=1, routed)           0.560    -1.289    pll_clk.u_clk_pll/inst/cpu_clk_clk_pll
    BUFGCTRL_X0Y16       BUFG (Prop_bufg_I_O)         0.026    -1.263 r  pll_clk.u_clk_pll/inst/clkout1_buf/O
                         net (fo=6480, routed)        0.757    -0.506    u_cpu/u_csr/cpu_clk
    SLICE_X19Y20         FDRE                                         r  u_cpu/u_csr/csr_tlbelo1_reg[20]/C
  -------------------------------------------------------------------    -------------------
    SLICE_X19Y20         FDRE (Prop_fdre_C_Q)         0.141    -0.365 r  u_cpu/u_csr/csr_tlbelo1_reg[20]/Q
                         net (fo=4, routed)           0.134    -0.231    u_cpu/addr_trans/tlb_entry/tlb_ppn1_reg_r2_0_31_12_17/DIA0
    SLICE_X16Y21         RAMD32                                       r  u_cpu/addr_trans/tlb_entry/tlb_ppn1_reg_r2_0_31_12_17/RAMA/I
  -------------------------------------------------------------------    -------------------

                         (clock cpu_clk rise edge)    0.000     0.000 r  
    K21                                               0.000     0.000 r  clk (IN)
                         net (fo=0)                   0.000     0.000    pll_clk.u_clk_pll/inst/clk_in1
    K21                  IBUF (Prop_ibuf_I_O)         0.419     0.419 r  pll_clk.u_clk_pll/inst/clkin1_ibufg/O
                         net (fo=1, routed)           0.481     0.900    pll_clk.u_clk_pll/inst/clk_in1_clk_pll
    PLLE2_ADV_X0Y3       PLLE2_ADV (Prop_plle2_adv_CLKIN1_CLKOUT0)
                                                     -2.847    -1.947 r  pll_clk.u_clk_pll/inst/plle2_adv_inst/CLKOUT0
                         net (fo=1, routed)           0.611    -1.337    pll_clk.u_clk_pll/inst/cpu_clk_clk_pll
    BUFGCTRL_X0Y16       BUFG (Prop_bufg_I_O)         0.029    -1.308 r  pll_clk.u_clk_pll/inst/clkout1_buf/O
                         net (fo=6480, routed)        1.034    -0.274    u_cpu/addr_trans/tlb_entry/tlb_ppn1_reg_r2_0_31_12_17/WCLK
    SLICE_X16Y21         RAMD32                                       r  u_cpu/addr_trans/tlb_entry/tlb_ppn1_reg_r2_0_31_12_17/RAMA/CLK
                         clock pessimism             -0.219    -0.493    
    SLICE_X16Y21         RAMD32 (Hold_ramd32_CLK_I)
                                                      0.147    -0.346    u_cpu/addr_trans/tlb_entry/tlb_ppn1_reg_r2_0_31_12_17/RAMA
  -------------------------------------------------------------------
                         required time                          0.346    
                         arrival time                          -0.231    
  -------------------------------------------------------------------
                         slack                                  0.115    

Slack (MET) :             0.117ns  (arrival time - required time)
  Source:                 u_cpu/u_csr/csr_tlbelo1_reg[18]/C
                            (rising edge-triggered cell FDRE clocked by cpu_clk  {rise@0.000ns fall@15.161ns period=30.323ns})
  Destination:            u_cpu/addr_trans/tlb_entry/tlb_ppn1_reg_r3_0_31_6_11/RAMC/I
                            (rising edge-triggered cell RAMD32 clocked by cpu_clk  {rise@0.000ns fall@15.161ns period=30.323ns})
  Path Group:             cpu_clk
  Path Type:              Hold (Min at Fast Process Corner)
  Requirement:            0.000ns  (cpu_clk rise@0.000ns - cpu_clk rise@0.000ns)
  Data Path Delay:        0.274ns  (logic 0.141ns (51.381%)  route 0.133ns (48.619%))
  Logic Levels:           0  
  Clock Path Skew:        0.013ns (DCD - SCD - CPR)
    Destination Clock Delay (DCD):    -0.315ns
    Source Clock Delay      (SCD):    -0.545ns
    Clock Pessimism Removal (CPR):    0.217ns

    Location             Delay type                Incr(ns)  Path(ns)    Netlist Resource(s)
  -------------------------------------------------------------------    -------------------
                         (clock cpu_clk rise edge)    0.000     0.000 r  
    K21                                               0.000     0.000 r  clk (IN)
                         net (fo=0)                   0.000     0.000    pll_clk.u_clk_pll/inst/clk_in1
    K21                  IBUF (Prop_ibuf_I_O)         0.231     0.231 r  pll_clk.u_clk_pll/inst/clkin1_ibufg/O
                         net (fo=1, routed)           0.440     0.671    pll_clk.u_clk_pll/inst/clk_in1_clk_pll
    PLLE2_ADV_X0Y3       PLLE2_ADV (Prop_plle2_adv_CLKIN1_CLKOUT0)
                                                     -2.520    -1.848 r  pll_clk.u_clk_pll/inst/plle2_adv_inst/CLKOUT0
                         net (fo=1, routed)           0.560    -1.289    pll_clk.u_clk_pll/inst/cpu_clk_clk_pll
    BUFGCTRL_X0Y16       BUFG (Prop_bufg_I_O)         0.026    -1.263 r  pll_clk.u_clk_pll/inst/clkout1_buf/O
                         net (fo=6480, routed)        0.718    -0.545    u_cpu/u_csr/cpu_clk
    SLICE_X47Y30         FDRE                                         r  u_cpu/u_csr/csr_tlbelo1_reg[18]/C
  -------------------------------------------------------------------    -------------------
    SLICE_X47Y30         FDRE (Prop_fdre_C_Q)         0.141    -0.404 r  u_cpu/u_csr/csr_tlbelo1_reg[18]/Q
                         net (fo=4, routed)           0.133    -0.270    u_cpu/addr_trans/tlb_entry/tlb_ppn1_reg_r3_0_31_6_11/DIC0
    SLICE_X46Y29         RAMD32                                       r  u_cpu/addr_trans/tlb_entry/tlb_ppn1_reg_r3_0_31_6_11/RAMC/I
  -------------------------------------------------------------------    -------------------

                         (clock cpu_clk rise edge)    0.000     0.000 r  
    K21                                               0.000     0.000 r  clk (IN)
                         net (fo=0)                   0.000     0.000    pll_clk.u_clk_pll/inst/clk_in1
    K21                  IBUF (Prop_ibuf_I_O)         0.419     0.419 r  pll_clk.u_clk_pll/inst/clkin1_ibufg/O
                         net (fo=1, routed)           0.481     0.900    pll_clk.u_clk_pll/inst/clk_in1_clk_pll
    PLLE2_ADV_X0Y3       PLLE2_ADV (Prop_plle2_adv_CLKIN1_CLKOUT0)
                                                     -2.847    -1.947 r  pll_clk.u_clk_pll/inst/plle2_adv_inst/CLKOUT0
                         net (fo=1, routed)           0.611    -1.337    pll_clk.u_clk_pll/inst/cpu_clk_clk_pll
    BUFGCTRL_X0Y16       BUFG (Prop_bufg_I_O)         0.029    -1.308 r  pll_clk.u_clk_pll/inst/clkout1_buf/O
                         net (fo=6480, routed)        0.993    -0.315    u_cpu/addr_trans/tlb_entry/tlb_ppn1_reg_r3_0_31_6_11/WCLK
    SLICE_X46Y29         RAMD32                                       r  u_cpu/addr_trans/tlb_entry/tlb_ppn1_reg_r3_0_31_6_11/RAMC/CLK
                         clock pessimism             -0.217    -0.532    
    SLICE_X46Y29         RAMD32 (Hold_ramd32_CLK_I)
                                                      0.144    -0.388    u_cpu/addr_trans/tlb_entry/tlb_ppn1_reg_r3_0_31_6_11/RAMC
  -------------------------------------------------------------------
                         required time                          0.388    
                         arrival time                          -0.270    
  -------------------------------------------------------------------
                         slack                                  0.117    

Slack (MET) :             0.121ns  (arrival time - required time)
  Source:                 u_axi_cdc/awFifo/popToPushGray_buffercc/buffers_0_reg[0]/C
                            (rising edge-triggered cell FDCE clocked by cpu_clk  {rise@0.000ns fall@15.161ns period=30.323ns})
  Destination:            u_axi_cdc/awFifo/popToPushGray_buffercc/buffers_1_reg[0]/D
                            (rising edge-triggered cell FDCE clocked by cpu_clk  {rise@0.000ns fall@15.161ns period=30.323ns})
  Path Group:             cpu_clk
  Path Type:              Hold (Min at Fast Process Corner)
  Requirement:            0.000ns  (cpu_clk rise@0.000ns - cpu_clk rise@0.000ns)
  Data Path Delay:        0.197ns  (logic 0.141ns (71.611%)  route 0.056ns (28.389%))
  Logic Levels:           0  
  Clock Path Skew:        0.000ns (DCD - SCD - CPR)
    Destination Clock Delay (DCD):    -0.343ns
    Source Clock Delay      (SCD):    -0.571ns
    Clock Pessimism Removal (CPR):    0.228ns

    Location             Delay type                Incr(ns)  Path(ns)    Netlist Resource(s)
  -------------------------------------------------------------------    -------------------
                         (clock cpu_clk rise edge)    0.000     0.000 r  
    K21                                               0.000     0.000 r  clk (IN)
                         net (fo=0)                   0.000     0.000    pll_clk.u_clk_pll/inst/clk_in1
    K21                  IBUF (Prop_ibuf_I_O)         0.231     0.231 r  pll_clk.u_clk_pll/inst/clkin1_ibufg/O
                         net (fo=1, routed)           0.440     0.671    pll_clk.u_clk_pll/inst/clk_in1_clk_pll
    PLLE2_ADV_X0Y3       PLLE2_ADV (Prop_plle2_adv_CLKIN1_CLKOUT0)
                                                     -2.520    -1.848 r  pll_clk.u_clk_pll/inst/plle2_adv_inst/CLKOUT0
                         net (fo=1, routed)           0.560    -1.289    pll_clk.u_clk_pll/inst/cpu_clk_clk_pll
    BUFGCTRL_X0Y16       BUFG (Prop_bufg_I_O)         0.026    -1.263 r  pll_clk.u_clk_pll/inst/clkout1_buf/O
                         net (fo=6480, routed)        0.691    -0.571    u_axi_cdc/awFifo/popToPushGray_buffercc/cpu_clk
    SLICE_X15Y65         FDCE                                         r  u_axi_cdc/awFifo/popToPushGray_buffercc/buffers_0_reg[0]/C
  -------------------------------------------------------------------    -------------------
    SLICE_X15Y65         FDCE (Prop_fdce_C_Q)         0.141    -0.430 r  u_axi_cdc/awFifo/popToPushGray_buffercc/buffers_0_reg[0]/Q
                         net (fo=1, routed)           0.056    -0.374    u_axi_cdc/awFifo/popToPushGray_buffercc/buffers_0[0]
    SLICE_X15Y65         FDCE                                         r  u_axi_cdc/awFifo/popToPushGray_buffercc/buffers_1_reg[0]/D
  -------------------------------------------------------------------    -------------------

                         (clock cpu_clk rise edge)    0.000     0.000 r  
    K21                                               0.000     0.000 r  clk (IN)
                         net (fo=0)                   0.000     0.000    pll_clk.u_clk_pll/inst/clk_in1
    K21                  IBUF (Prop_ibuf_I_O)         0.419     0.419 r  pll_clk.u_clk_pll/inst/clkin1_ibufg/O
                         net (fo=1, routed)           0.481     0.900    pll_clk.u_clk_pll/inst/clk_in1_clk_pll
    PLLE2_ADV_X0Y3       PLLE2_ADV (Prop_plle2_adv_CLKIN1_CLKOUT0)
                                                     -2.847    -1.947 r  pll_clk.u_clk_pll/inst/plle2_adv_inst/CLKOUT0
                         net (fo=1, routed)           0.611    -1.337    pll_clk.u_clk_pll/inst/cpu_clk_clk_pll
    BUFGCTRL_X0Y16       BUFG (Prop_bufg_I_O)         0.029    -1.308 r  pll_clk.u_clk_pll/inst/clkout1_buf/O
                         net (fo=6480, routed)        0.965    -0.343    u_axi_cdc/awFifo/popToPushGray_buffercc/cpu_clk
    SLICE_X15Y65         FDCE                                         r  u_axi_cdc/awFifo/popToPushGray_buffercc/buffers_1_reg[0]/C
                         clock pessimism             -0.228    -0.571    
    SLICE_X15Y65         FDCE (Hold_fdce_C_D)         0.076    -0.495    u_axi_cdc/awFifo/popToPushGray_buffercc/buffers_1_reg[0]
  -------------------------------------------------------------------
                         required time                          0.495    
                         arrival time                          -0.374    
  -------------------------------------------------------------------
                         slack                                  0.121    





Pulse Width Checks
--------------------------------------------------------------------------------------
Clock Name:         cpu_clk
Waveform(ns):       { 0.000 15.161 }
Period(ns):         30.323
Sources:            { pll_clk.u_clk_pll/inst/plle2_adv_inst/CLKOUT0 }

Check Type        Corner  Lib Pin             Reference Pin  Required(ns)  Actual(ns)  Slack(ns)  Location        Pin
Min Period        n/a     RAMB18E1/CLKARDCLK  n/a            2.944         30.323      27.379     RAMB18_X0Y9     u_cpu/dcache/data_ram_way[1].data_ram_bank[3].u/mem_reg_reg/CLKARDCLK
Min Period        n/a     RAMB18E1/CLKBWRCLK  n/a            2.944         30.323      27.379     RAMB18_X0Y9     u_cpu/dcache/data_ram_way[1].data_ram_bank[3].u/mem_reg_reg/CLKBWRCLK
Min Period        n/a     RAMB18E1/CLKARDCLK  n/a            2.944         30.323      27.379     RAMB18_X0Y10    u_cpu/dcache/data_ram_way[0].data_ram_bank[0].u/mem_reg_reg/CLKARDCLK
Min Period        n/a     RAMB18E1/CLKBWRCLK  n/a            2.944         30.323      27.379     RAMB18_X0Y10    u_cpu/dcache/data_ram_way[0].data_ram_bank[0].u/mem_reg_reg/CLKBWRCLK
Min Period        n/a     RAMB18E1/CLKARDCLK  n/a            2.944         30.323      27.379     RAMB18_X0Y8     u_cpu/dcache/data_ram_way[0].data_ram_bank[1].u/mem_reg_reg/CLKARDCLK
Min Period        n/a     RAMB18E1/CLKBWRCLK  n/a            2.944         30.323      27.379     RAMB18_X0Y8     u_cpu/dcache/data_ram_way[0].data_ram_bank[1].u/mem_reg_reg/CLKBWRCLK
Min Period        n/a     RAMB18E1/CLKARDCLK  n/a            2.944         30.323      27.379     RAMB18_X0Y4     u_cpu/dcache/data_ram_way[0].data_ram_bank[2].u/mem_reg_reg/CLKARDCLK
Min Period        n/a     RAMB18E1/CLKBWRCLK  n/a            2.944         30.323      27.379     RAMB18_X0Y4     u_cpu/dcache/data_ram_way[0].data_ram_bank[2].u/mem_reg_reg/CLKBWRCLK
Min Period        n/a     RAMB18E1/CLKARDCLK  n/a            2.944         30.323      27.379     RAMB18_X2Y4     u_cpu/icache/data_ram_way[0].data_ram_bank[0].u/mem_reg_reg/CLKARDCLK
Min Period        n/a     RAMB18E1/CLKBWRCLK  n/a            2.944         30.323      27.379     RAMB18_X2Y4     u_cpu/icache/data_ram_way[0].data_ram_bank[0].u/mem_reg_reg/CLKBWRCLK
Max Period        n/a     PLLE2_ADV/CLKOUT0   n/a            160.000       30.323      129.677    PLLE2_ADV_X0Y3  pll_clk.u_clk_pll/inst/plle2_adv_inst/CLKOUT0
Low Pulse Width   Slow    RAMD32/CLK          n/a            1.250         15.161      13.911     SLICE_X44Y24    u_cpu/addr_trans/tlb_entry/tlb_plv0_reg_r1_0_31_0_0/DP/CLK
Low Pulse Width   Slow    RAMD32/CLK          n/a            1.250         15.161      13.911     SLICE_X44Y24    u_cpu/addr_trans/tlb_entry/tlb_plv0_reg_r1_0_31_0_0/SP/CLK
Low Pulse Width   Slow    RAMD32/CLK          n/a            1.250         15.161      13.911     SLICE_X44Y24    u_cpu/addr_trans/tlb_entry/tlb_plv0_reg_r1_0_31_1_1/DP/CLK
Low Pulse Width   Slow    RAMD32/CLK          n/a            1.250         15.161      13.911     SLICE_X44Y24    u_cpu/addr_trans/tlb_entry/tlb_plv0_reg_r1_0_31_1_1/SP/CLK
Low Pulse Width   Slow    RAMD32/CLK          n/a            1.250         15.161      13.911     SLICE_X44Y24    u_cpu/addr_trans/tlb_entry/tlb_plv0_reg_r2_0_31_0_0/DP/CLK
Low Pulse Width   Slow    RAMD32/CLK          n/a            1.250         15.161      13.911     SLICE_X44Y24    u_cpu/addr_trans/tlb_entry/tlb_plv0_reg_r2_0_31_0_0/SP/CLK
Low Pulse Width   Slow    RAMD32/CLK          n/a            1.250         15.161      13.911     SLICE_X44Y24    u_cpu/addr_trans/tlb_entry/tlb_plv0_reg_r2_0_31_1_1/DP/CLK
Low Pulse Width   Slow    RAMD32/CLK          n/a            1.250         15.161      13.911     SLICE_X44Y24    u_cpu/addr_trans/tlb_entry/tlb_plv0_reg_r2_0_31_1_1/SP/CLK
Low Pulse Width   Slow    RAMD32/CLK          n/a            1.250         15.161      13.911     SLICE_X44Y23    u_cpu/addr_trans/tlb_entry/tlb_plv0_reg_r3_0_31_0_0/DP/CLK
Low Pulse Width   Slow    RAMD32/CLK          n/a            1.250         15.161      13.911     SLICE_X44Y23    u_cpu/addr_trans/tlb_entry/tlb_plv0_reg_r3_0_31_0_0/SP/CLK
High Pulse Width  Fast    RAMD32/CLK          n/a            1.250         15.161      13.911     SLICE_X40Y23    u_cpu/addr_trans/tlb_entry/tlb_mat0_reg_r3_0_31_0_0/DP/CLK
High Pulse Width  Fast    RAMD32/CLK          n/a            1.250         15.161      13.911     SLICE_X40Y23    u_cpu/addr_trans/tlb_entry/tlb_mat0_reg_r3_0_31_0_0/SP/CLK
High Pulse Width  Fast    RAMD32/CLK          n/a            1.250         15.161      13.911     SLICE_X40Y23    u_cpu/addr_trans/tlb_entry/tlb_mat0_reg_r3_0_31_1_1/DP/CLK
High Pulse Width  Fast    RAMD32/CLK          n/a            1.250         15.161      13.911     SLICE_X40Y23    u_cpu/addr_trans/tlb_entry/tlb_mat0_reg_r3_0_31_1_1/SP/CLK
High Pulse Width  Fast    RAMD32/CLK          n/a            1.250         15.161      13.911     SLICE_X40Y23    u_cpu/addr_trans/tlb_entry/tlb_mat1_reg_r1_0_31_0_0/DP/CLK
High Pulse Width  Fast    RAMD32/CLK          n/a            1.250         15.161      13.911     SLICE_X40Y23    u_cpu/addr_trans/tlb_entry/tlb_mat1_reg_r1_0_31_0_0/SP/CLK
High Pulse Width  Fast    RAMD32/CLK          n/a            1.250         15.161      13.911     SLICE_X12Y27    u_cpu/addr_trans/tlb_entry/tlb_ppn0_reg_r2_0_31_6_11/RAMA/CLK
High Pulse Width  Fast    RAMD32/CLK          n/a            1.250         15.161      13.911     SLICE_X12Y27    u_cpu/addr_trans/tlb_entry/tlb_ppn0_reg_r2_0_31_6_11/RAMA_D1/CLK
High Pulse Width  Fast    RAMD32/CLK          n/a            1.250         15.161      13.911     SLICE_X12Y27    u_cpu/addr_trans/tlb_entry/tlb_ppn0_reg_r2_0_31_6_11/RAMB/CLK
High Pulse Width  Fast    RAMD32/CLK          n/a            1.250         15.161      13.911     SLICE_X12Y27    u_cpu/addr_trans/tlb_entry/tlb_ppn0_reg_r2_0_31_6_11/RAMB_D1/CLK



---------------------------------------------------------------------------------------------------
From Clock:  sys_clk
  To Clock:  sys_clk

Setup :            0  Failing Endpoints,  Worst Slack        0.149ns,  Total Violation        0.000ns
Hold  :            0  Failing Endpoints,  Worst Slack        0.024ns,  Total Violation        0.000ns
PW    :            0  Failing Endpoints,  Worst Slack        8.750ns,  Total Violation        0.000ns
---------------------------------------------------------------------------------------------------


Max Delay Paths
--------------------------------------------------------------------------------------
Slack (MET) :             0.149ns  (required time - arrival time)
  Source:                 u_axi_ram/u_axi_sram_sp/ax_req_q_len_reg[3]/C
                            (rising edge-triggered cell FDCE clocked by sys_clk  {rise@0.000ns fall@10.000ns period=20.000ns})
  Destination:            ext_ram_data[20]
                            (output port clocked by sys_clk  {rise@0.000ns fall@10.000ns period=20.000ns})
  Path Group:             sys_clk
  Path Type:              Max at Slow Process Corner
  Requirement:            20.000ns  (sys_clk rise@20.000ns - sys_clk rise@0.000ns)
  Data Path Delay:        14.829ns  (logic 6.864ns (46.286%)  route 7.965ns (53.714%))
  Logic Levels:           13  (CARRY4=7 LUT4=2 LUT6=3 OBUFT=1)
  Output Delay:           1.000ns
  Clock Path Skew:        -3.954ns (DCD - SCD + CPR)
    Destination Clock Delay (DCD):    -5.674ns = ( 14.326 - 20.000 ) 
    Source Clock Delay      (SCD):    -2.322ns
    Clock Pessimism Removal (CPR):    -0.601ns
  Clock Uncertainty:      0.068ns  ((TSJ^2 + DJ^2)^1/2) / 2 + PE
    Total System Jitter     (TSJ):    0.071ns
    Discrete Jitter          (DJ):    0.117ns
    Phase Error              (PE):    0.000ns

    Location             Delay type                Incr(ns)  Path(ns)    Netlist Resource(s)
  -------------------------------------------------------------------    -------------------
                         (clock sys_clk rise edge)    0.000     0.000 r  
    K21                                               0.000     0.000 r  clk (IN)
                         net (fo=0)                   0.000     0.000    pll_clk.u_clk_pll/inst/clk_in1
    K21                  IBUF (Prop_ibuf_I_O)         1.463     1.463 r  pll_clk.u_clk_pll/inst/clkin1_ibufg/O
                         net (fo=1, routed)           1.253     2.716    pll_clk.u_clk_pll/inst/clk_in1_clk_pll
    PLLE2_ADV_X0Y3       PLLE2_ADV (Prop_plle2_adv_CLKIN1_CLKOUT1)
                                                     -8.991    -6.275 r  pll_clk.u_clk_pll/inst/plle2_adv_inst/CLKOUT1
                         net (fo=1, routed)           1.837    -4.438    pll_clk.u_clk_pll/inst/sys_clk_clk_pll
    BUFGCTRL_X0Y17       BUFG (Prop_bufg_I_O)         0.096    -4.342 r  pll_clk.u_clk_pll/inst/clkout2_buf/O
                         net (fo=1121, routed)        2.020    -2.322    u_axi_ram/u_axi_sram_sp/sys_clk
    SLICE_X3Y65          FDCE                                         r  u_axi_ram/u_axi_sram_sp/ax_req_q_len_reg[3]/C
  -------------------------------------------------------------------    -------------------
    SLICE_X3Y65          FDCE (Prop_fdce_C_Q)         0.419    -1.903 r  u_axi_ram/u_axi_sram_sp/ax_req_q_len_reg[3]/Q
                         net (fo=57, routed)          1.129    -0.773    u_axi_ram/u_axi_sram_sp/len[3]
    SLICE_X3Y65          LUT6 (Prop_lut6_I2_O)        0.297    -0.476 r  u_axi_ram/u_axi_sram_sp/addr_o1_carry_i_16/O
                         net (fo=1, routed)           0.633     0.157    u_axi_ram/u_axi_sram_sp/p_0_out[8]
    SLICE_X1Y65          CARRY4 (Prop_carry4_DI[2]_CO[3])
                                                      0.398     0.555 r  u_axi_ram/u_axi_sram_sp/addr_o1_carry_i_10/CO[3]
                         net (fo=1, routed)           0.000     0.555    u_axi_ram/u_axi_sram_sp/addr_o1_carry_i_10_n_0
    SLICE_X1Y66          CARRY4 (Prop_carry4_CI_CO[3])
                                                      0.114     0.669 r  u_axi_ram/u_axi_sram_sp/addr_o1_carry__0_i_12/CO[3]
                         net (fo=1, routed)           0.000     0.669    u_axi_ram/u_axi_sram_sp/addr_o1_carry__0_i_12_n_0
    SLICE_X1Y67          CARRY4 (Prop_carry4_CI_CO[3])
                                                      0.114     0.783 r  u_axi_ram/u_axi_sram_sp/addr_o1_carry__0_i_10/CO[3]
                         net (fo=1, routed)           0.000     0.783    u_axi_ram/u_axi_sram_sp/addr_o1_carry__0_i_10_n_0
    SLICE_X1Y68          CARRY4 (Prop_carry4_CI_CO[3])
                                                      0.114     0.897 r  u_axi_ram/u_axi_sram_sp/addr_o1_carry__1_i_12/CO[3]
                         net (fo=1, routed)           0.000     0.897    u_axi_ram/u_axi_sram_sp/addr_o1_carry__1_i_12_n_0
    SLICE_X1Y69          CARRY4 (Prop_carry4_CI_CO[3])
                                                      0.114     1.011 r  u_axi_ram/u_axi_sram_sp/addr_o1_carry__1_i_10/CO[3]
                         net (fo=1, routed)           0.000     1.011    u_axi_ram/u_axi_sram_sp/addr_o1_carry__1_i_10_n_0
    SLICE_X1Y70          CARRY4 (Prop_carry4_CI_O[1])
                                                      0.334     1.345 r  u_axi_ram/u_axi_sram_sp/addr_o1_carry__2_i_9/O[1]
                         net (fo=3, routed)           1.031     2.376    u_axi_ram/u_axi_sram_sp/upper_wrap_boundary[27]
    SLICE_X0Y67          LUT4 (Prop_lut4_I1_O)        0.303     2.679 r  u_axi_ram/u_axi_sram_sp/addr_o1_carry__2_i_6/O
                         net (fo=1, routed)           0.000     2.679    u_axi_ram/u_axi_sram_sp/addr_o1_carry__2_i_6_n_0
    SLICE_X0Y67          CARRY4 (Prop_carry4_S[0]_CO[2])
                                                      0.536     3.215 r  u_axi_ram/u_axi_sram_sp/addr_o1_carry__2/CO[2]
                         net (fo=6, routed)           0.607     3.822    u_axi_ram/u_axi_sram_sp/addr_o1
    SLICE_X3Y69          LUT4 (Prop_lut4_I1_O)        0.313     4.135 r  u_axi_ram/u_axi_sram_sp/base_ram_addr_OBUF[19]_inst_i_9/O
                         net (fo=17, routed)          0.654     4.789    u_axi_ram/u_axi_sram_sp/base_ram_addr_OBUF[19]_inst_i_9_n_0
    SLICE_X3Y70          LUT6 (Prop_lut6_I2_O)        0.124     4.913 r  u_axi_ram/u_axi_sram_sp/base_ram_be_n_OBUF[3]_inst_i_3/O
                         net (fo=18, routed)          0.365     5.279    u_axi_ram/u_axi_sram_sp/in13[22]
    SLICE_X0Y70          LUT6 (Prop_lut6_I3_O)        0.124     5.403 f  u_axi_ram/u_axi_sram_sp/ext_ram_data_IOBUF[31]_inst_i_2/O
                         net (fo=32, routed)          3.545     8.948    ext_ram_data_IOBUF[20]_inst/T
    AD18                 OBUFT (TriStatE_obuft_T_O)
                                                      3.560    12.507 r  ext_ram_data_IOBUF[20]_inst/OBUFT/O
                         net (fo=1, unset)            0.000    12.507    ext_ram_data[20]
    AD18                                                              r  ext_ram_data[20] (INOUT)
  -------------------------------------------------------------------    -------------------

                         (clock sys_clk rise edge)   20.000    20.000 r  
    K21                                               0.000    20.000 r  clk (IN)
                         net (fo=0)                   0.000    20.000    pll_clk.u_clk_pll/inst/clk_in1
    K21                  IBUF (Prop_ibuf_I_O)         1.393    21.393 r  pll_clk.u_clk_pll/inst/clkin1_ibufg/O
                         net (fo=1, routed)           1.181    22.573    pll_clk.u_clk_pll/inst/clk_in1_clk_pll
    PLLE2_ADV_X0Y3       PLLE2_ADV (Prop_plle2_adv_CLKIN1_CLKOUT1)
                                                     -8.248    14.326 r  pll_clk.u_clk_pll/inst/plle2_adv_inst/CLKOUT1
                         clock pessimism             -0.601    13.725    
                         clock uncertainty           -0.068    13.656    
                         output delay                -1.000    12.656    
  -------------------------------------------------------------------
                         required time                         12.656    
                         arrival time                         -12.507    
  -------------------------------------------------------------------
                         slack                                  0.149    

Slack (MET) :             0.166ns  (required time - arrival time)
  Source:                 u_axi_ram/u_axi_sram_sp/ax_req_q_len_reg[3]/C
                            (rising edge-triggered cell FDCE clocked by sys_clk  {rise@0.000ns fall@10.000ns period=20.000ns})
  Destination:            base_ram_data[17]
                            (output port clocked by sys_clk  {rise@0.000ns fall@10.000ns period=20.000ns})
  Path Group:             sys_clk
  Path Type:              Max at Slow Process Corner
  Requirement:            20.000ns  (sys_clk rise@20.000ns - sys_clk rise@0.000ns)
  Data Path Delay:        14.812ns  (logic 6.850ns (46.245%)  route 7.962ns (53.755%))
  Logic Levels:           13  (CARRY4=7 LUT4=2 LUT6=3 OBUFT=1)
  Output Delay:           1.000ns
  Clock Path Skew:        -3.954ns (DCD - SCD + CPR)
    Destination Clock Delay (DCD):    -5.674ns = ( 14.326 - 20.000 ) 
    Source Clock Delay      (SCD):    -2.322ns
    Clock Pessimism Removal (CPR):    -0.601ns
  Clock Uncertainty:      0.068ns  ((TSJ^2 + DJ^2)^1/2) / 2 + PE
    Total System Jitter     (TSJ):    0.071ns
    Discrete Jitter          (DJ):    0.117ns
    Phase Error              (PE):    0.000ns

    Location             Delay type                Incr(ns)  Path(ns)    Netlist Resource(s)
  -------------------------------------------------------------------    -------------------
                         (clock sys_clk rise edge)    0.000     0.000 r  
    K21                                               0.000     0.000 r  clk (IN)
                         net (fo=0)                   0.000     0.000    pll_clk.u_clk_pll/inst/clk_in1
    K21                  IBUF (Prop_ibuf_I_O)         1.463     1.463 r  pll_clk.u_clk_pll/inst/clkin1_ibufg/O
                         net (fo=1, routed)           1.253     2.716    pll_clk.u_clk_pll/inst/clk_in1_clk_pll
    PLLE2_ADV_X0Y3       PLLE2_ADV (Prop_plle2_adv_CLKIN1_CLKOUT1)
                                                     -8.991    -6.275 r  pll_clk.u_clk_pll/inst/plle2_adv_inst/CLKOUT1
                         net (fo=1, routed)           1.837    -4.438    pll_clk.u_clk_pll/inst/sys_clk_clk_pll
    BUFGCTRL_X0Y17       BUFG (Prop_bufg_I_O)         0.096    -4.342 r  pll_clk.u_clk_pll/inst/clkout2_buf/O
                         net (fo=1121, routed)        2.020    -2.322    u_axi_ram/u_axi_sram_sp/sys_clk
    SLICE_X3Y65          FDCE                                         r  u_axi_ram/u_axi_sram_sp/ax_req_q_len_reg[3]/C
  -------------------------------------------------------------------    -------------------
    SLICE_X3Y65          FDCE (Prop_fdce_C_Q)         0.419    -1.903 r  u_axi_ram/u_axi_sram_sp/ax_req_q_len_reg[3]/Q
                         net (fo=57, routed)          1.129    -0.773    u_axi_ram/u_axi_sram_sp/len[3]
    SLICE_X3Y65          LUT6 (Prop_lut6_I2_O)        0.297    -0.476 r  u_axi_ram/u_axi_sram_sp/addr_o1_carry_i_16/O
                         net (fo=1, routed)           0.633     0.157    u_axi_ram/u_axi_sram_sp/p_0_out[8]
    SLICE_X1Y65          CARRY4 (Prop_carry4_DI[2]_CO[3])
                                                      0.398     0.555 r  u_axi_ram/u_axi_sram_sp/addr_o1_carry_i_10/CO[3]
                         net (fo=1, routed)           0.000     0.555    u_axi_ram/u_axi_sram_sp/addr_o1_carry_i_10_n_0
    SLICE_X1Y66          CARRY4 (Prop_carry4_CI_CO[3])
                                                      0.114     0.669 r  u_axi_ram/u_axi_sram_sp/addr_o1_carry__0_i_12/CO[3]
                         net (fo=1, routed)           0.000     0.669    u_axi_ram/u_axi_sram_sp/addr_o1_carry__0_i_12_n_0
    SLICE_X1Y67          CARRY4 (Prop_carry4_CI_CO[3])
                                                      0.114     0.783 r  u_axi_ram/u_axi_sram_sp/addr_o1_carry__0_i_10/CO[3]
                         net (fo=1, routed)           0.000     0.783    u_axi_ram/u_axi_sram_sp/addr_o1_carry__0_i_10_n_0
    SLICE_X1Y68          CARRY4 (Prop_carry4_CI_CO[3])
                                                      0.114     0.897 r  u_axi_ram/u_axi_sram_sp/addr_o1_carry__1_i_12/CO[3]
                         net (fo=1, routed)           0.000     0.897    u_axi_ram/u_axi_sram_sp/addr_o1_carry__1_i_12_n_0
    SLICE_X1Y69          CARRY4 (Prop_carry4_CI_CO[3])
                                                      0.114     1.011 r  u_axi_ram/u_axi_sram_sp/addr_o1_carry__1_i_10/CO[3]
                         net (fo=1, routed)           0.000     1.011    u_axi_ram/u_axi_sram_sp/addr_o1_carry__1_i_10_n_0
    SLICE_X1Y70          CARRY4 (Prop_carry4_CI_O[1])
                                                      0.334     1.345 r  u_axi_ram/u_axi_sram_sp/addr_o1_carry__2_i_9/O[1]
                         net (fo=3, routed)           1.031     2.376    u_axi_ram/u_axi_sram_sp/upper_wrap_boundary[27]
    SLICE_X0Y67          LUT4 (Prop_lut4_I1_O)        0.303     2.679 r  u_axi_ram/u_axi_sram_sp/addr_o1_carry__2_i_6/O
                         net (fo=1, routed)           0.000     2.679    u_axi_ram/u_axi_sram_sp/addr_o1_carry__2_i_6_n_0
    SLICE_X0Y67          CARRY4 (Prop_carry4_S[0]_CO[2])
                                                      0.536     3.215 f  u_axi_ram/u_axi_sram_sp/addr_o1_carry__2/CO[2]
                         net (fo=6, routed)           0.607     3.822    u_axi_ram/u_axi_sram_sp/addr_o1
    SLICE_X3Y69          LUT4 (Prop_lut4_I1_O)        0.313     4.135 f  u_axi_ram/u_axi_sram_sp/base_ram_addr_OBUF[19]_inst_i_9/O
                         net (fo=17, routed)          0.654     4.789    u_axi_ram/u_axi_sram_sp/base_ram_addr_OBUF[19]_inst_i_9_n_0
    SLICE_X3Y70          LUT6 (Prop_lut6_I2_O)        0.124     4.913 f  u_axi_ram/u_axi_sram_sp/base_ram_be_n_OBUF[3]_inst_i_3/O
                         net (fo=18, routed)          0.370     5.283    u_axi_ram/u_axi_sram_sp/in13[22]
    SLICE_X3Y71          LUT6 (Prop_lut6_I3_O)        0.124     5.407 f  u_axi_ram/u_axi_sram_sp/base_ram_data_IOBUF[31]_inst_i_2/O
                         net (fo=32, routed)          3.537     8.945    base_ram_data_IOBUF[17]_inst/T
    M21                  OBUFT (TriStatE_obuft_T_O)
                                                      3.546    12.491 r  base_ram_data_IOBUF[17]_inst/OBUFT/O
                         net (fo=1, unset)            0.000    12.491    base_ram_data[17]
    M21                                                               r  base_ram_data[17] (INOUT)
  -------------------------------------------------------------------    -------------------

                         (clock sys_clk rise edge)   20.000    20.000 r  
    K21                                               0.000    20.000 r  clk (IN)
                         net (fo=0)                   0.000    20.000    pll_clk.u_clk_pll/inst/clk_in1
    K21                  IBUF (Prop_ibuf_I_O)         1.393    21.393 r  pll_clk.u_clk_pll/inst/clkin1_ibufg/O
                         net (fo=1, routed)           1.181    22.573    pll_clk.u_clk_pll/inst/clk_in1_clk_pll
    PLLE2_ADV_X0Y3       PLLE2_ADV (Prop_plle2_adv_CLKIN1_CLKOUT1)
                                                     -8.248    14.326 r  pll_clk.u_clk_pll/inst/plle2_adv_inst/CLKOUT1
                         clock pessimism             -0.601    13.725    
                         clock uncertainty           -0.068    13.656    
                         output delay                -1.000    12.656    
  -------------------------------------------------------------------
                         required time                         12.656    
                         arrival time                         -12.491    
  -------------------------------------------------------------------
                         slack                                  0.166    

Slack (MET) :             0.173ns  (required time - arrival time)
  Source:                 u_axi_ram/u_axi_sram_sp/ax_req_q_len_reg[3]/C
                            (rising edge-triggered cell FDCE clocked by sys_clk  {rise@0.000ns fall@10.000ns period=20.000ns})
  Destination:            ext_ram_addr[6]
                            (output port clocked by sys_clk  {rise@0.000ns fall@10.000ns period=20.000ns})
  Path Group:             sys_clk
  Path Type:              Max at Slow Process Corner
  Requirement:            20.000ns  (sys_clk rise@20.000ns - sys_clk rise@0.000ns)
  Data Path Delay:        14.805ns  (logic 6.805ns (45.963%)  route 8.000ns (54.037%))
  Logic Levels:           13  (CARRY4=7 LUT4=1 LUT5=1 LUT6=3 OBUF=1)
  Output Delay:           1.000ns
  Clock Path Skew:        -3.954ns (DCD - SCD + CPR)
    Destination Clock Delay (DCD):    -5.674ns = ( 14.326 - 20.000 ) 
    Source Clock Delay      (SCD):    -2.322ns
    Clock Pessimism Removal (CPR):    -0.601ns
  Clock Uncertainty:      0.068ns  ((TSJ^2 + DJ^2)^1/2) / 2 + PE
    Total System Jitter     (TSJ):    0.071ns
    Discrete Jitter          (DJ):    0.117ns
    Phase Error              (PE):    0.000ns

    Location             Delay type                Incr(ns)  Path(ns)    Netlist Resource(s)
  -------------------------------------------------------------------    -------------------
                         (clock sys_clk rise edge)    0.000     0.000 r  
    K21                                               0.000     0.000 r  clk (IN)
                         net (fo=0)                   0.000     0.000    pll_clk.u_clk_pll/inst/clk_in1
    K21                  IBUF (Prop_ibuf_I_O)         1.463     1.463 r  pll_clk.u_clk_pll/inst/clkin1_ibufg/O
                         net (fo=1, routed)           1.253     2.716    pll_clk.u_clk_pll/inst/clk_in1_clk_pll
    PLLE2_ADV_X0Y3       PLLE2_ADV (Prop_plle2_adv_CLKIN1_CLKOUT1)
                                                     -8.991    -6.275 r  pll_clk.u_clk_pll/inst/plle2_adv_inst/CLKOUT1
                         net (fo=1, routed)           1.837    -4.438    pll_clk.u_clk_pll/inst/sys_clk_clk_pll
    BUFGCTRL_X0Y17       BUFG (Prop_bufg_I_O)         0.096    -4.342 r  pll_clk.u_clk_pll/inst/clkout2_buf/O
                         net (fo=1121, routed)        2.020    -2.322    u_axi_ram/u_axi_sram_sp/sys_clk
    SLICE_X3Y65          FDCE                                         r  u_axi_ram/u_axi_sram_sp/ax_req_q_len_reg[3]/C
  -------------------------------------------------------------------    -------------------
    SLICE_X3Y65          FDCE (Prop_fdce_C_Q)         0.419    -1.903 r  u_axi_ram/u_axi_sram_sp/ax_req_q_len_reg[3]/Q
                         net (fo=57, routed)          1.129    -0.773    u_axi_ram/u_axi_sram_sp/len[3]
    SLICE_X3Y65          LUT6 (Prop_lut6_I2_O)        0.297    -0.476 r  u_axi_ram/u_axi_sram_sp/addr_o1_carry_i_16/O
                         net (fo=1, routed)           0.633     0.157    u_axi_ram/u_axi_sram_sp/p_0_out[8]
    SLICE_X1Y65          CARRY4 (Prop_carry4_DI[2]_CO[3])
                                                      0.398     0.555 r  u_axi_ram/u_axi_sram_sp/addr_o1_carry_i_10/CO[3]
                         net (fo=1, routed)           0.000     0.555    u_axi_ram/u_axi_sram_sp/addr_o1_carry_i_10_n_0
    SLICE_X1Y66          CARRY4 (Prop_carry4_CI_CO[3])
                                                      0.114     0.669 r  u_axi_ram/u_axi_sram_sp/addr_o1_carry__0_i_12/CO[3]
                         net (fo=1, routed)           0.000     0.669    u_axi_ram/u_axi_sram_sp/addr_o1_carry__0_i_12_n_0
    SLICE_X1Y67          CARRY4 (Prop_carry4_CI_CO[3])
                                                      0.114     0.783 r  u_axi_ram/u_axi_sram_sp/addr_o1_carry__0_i_10/CO[3]
                         net (fo=1, routed)           0.000     0.783    u_axi_ram/u_axi_sram_sp/addr_o1_carry__0_i_10_n_0
    SLICE_X1Y68          CARRY4 (Prop_carry4_CI_CO[3])
                                                      0.114     0.897 r  u_axi_ram/u_axi_sram_sp/addr_o1_carry__1_i_12/CO[3]
                         net (fo=1, routed)           0.000     0.897    u_axi_ram/u_axi_sram_sp/addr_o1_carry__1_i_12_n_0
    SLICE_X1Y69          CARRY4 (Prop_carry4_CI_O[1])
                                                      0.334     1.231 r  u_axi_ram/u_axi_sram_sp/addr_o1_carry__1_i_10/O[1]
                         net (fo=3, routed)           0.952     2.183    u_axi_ram/u_axi_sram_sp/upper_wrap_boundary[23]
    SLICE_X3Y67          LUT6 (Prop_lut6_I2_O)        0.303     2.486 r  u_axi_ram/u_axi_sram_sp/i___0_carry__0_i_1/O
                         net (fo=1, routed)           0.000     2.486    u_axi_ram/u_axi_sram_sp/i___0_carry__0_i_1_n_0
    SLICE_X3Y67          CARRY4 (Prop_carry4_S[3]_CO[3])
                                                      0.401     2.887 r  u_axi_ram/u_axi_sram_sp/addr_o1_inferred__0/i___0_carry__0/CO[3]
                         net (fo=1, routed)           0.000     2.887    u_axi_ram/u_axi_sram_sp/addr_o1_inferred__0/i___0_carry__0_n_0
    SLICE_X3Y68          CARRY4 (Prop_carry4_CI_CO[2])
                                                      0.228     3.115 r  u_axi_ram/u_axi_sram_sp/addr_o1_inferred__0/i___0_carry__1/CO[2]
                         net (fo=7, routed)           0.544     3.659    u_axi_ram/u_axi_sram_sp/addr_o10_in
    SLICE_X3Y69          LUT4 (Prop_lut4_I1_O)        0.313     3.972 r  u_axi_ram/u_axi_sram_sp/base_ram_addr_OBUF[19]_inst_i_11/O
                         net (fo=20, routed)          1.173     5.145    u_axi_ram/u_axi_sram_sp/base_ram_addr_OBUF[19]_inst_i_11_n_0
    SLICE_X0Y60          LUT6 (Prop_lut6_I5_O)        0.124     5.269 r  u_axi_ram/u_axi_sram_sp/base_ram_addr_OBUF[6]_inst_i_3/O
                         net (fo=2, routed)           0.171     5.440    u_axi_ram/u_axi_sram_sp/in13[8]
    SLICE_X0Y60          LUT5 (Prop_lut5_I2_O)        0.124     5.564 r  u_axi_ram/u_axi_sram_sp/base_ram_addr_OBUF[6]_inst_i_1/O
                         net (fo=2, routed)           3.397     8.962    ext_ram_addr_OBUF[6]
    Y17                  OBUF (Prop_obuf_I_O)         3.522    12.484 r  ext_ram_addr_OBUF[6]_inst/O
                         net (fo=0)                   0.000    12.484    ext_ram_addr[6]
    Y17                                                               r  ext_ram_addr[6] (OUT)
  -------------------------------------------------------------------    -------------------

                         (clock sys_clk rise edge)   20.000    20.000 r  
    K21                                               0.000    20.000 r  clk (IN)
                         net (fo=0)                   0.000    20.000    pll_clk.u_clk_pll/inst/clk_in1
    K21                  IBUF (Prop_ibuf_I_O)         1.393    21.393 r  pll_clk.u_clk_pll/inst/clkin1_ibufg/O
                         net (fo=1, routed)           1.181    22.573    pll_clk.u_clk_pll/inst/clk_in1_clk_pll
    PLLE2_ADV_X0Y3       PLLE2_ADV (Prop_plle2_adv_CLKIN1_CLKOUT1)
                                                     -8.248    14.326 r  pll_clk.u_clk_pll/inst/plle2_adv_inst/CLKOUT1
                         clock pessimism             -0.601    13.725    
                         clock uncertainty           -0.068    13.656    
                         output delay                -1.000    12.656    
  -------------------------------------------------------------------
                         required time                         12.656    
                         arrival time                         -12.484    
  -------------------------------------------------------------------
                         slack                                  0.173    

Slack (MET) :             0.180ns  (required time - arrival time)
  Source:                 u_axi_ram/u_axi_sram_sp/ax_req_q_len_reg[3]/C
                            (rising edge-triggered cell FDCE clocked by sys_clk  {rise@0.000ns fall@10.000ns period=20.000ns})
  Destination:            ext_ram_data[25]
                            (output port clocked by sys_clk  {rise@0.000ns fall@10.000ns period=20.000ns})
  Path Group:             sys_clk
  Path Type:              Max at Slow Process Corner
  Requirement:            20.000ns  (sys_clk rise@20.000ns - sys_clk rise@0.000ns)
  Data Path Delay:        14.798ns  (logic 6.857ns (46.341%)  route 7.940ns (53.659%))
  Logic Levels:           13  (CARRY4=7 LUT4=2 LUT6=3 OBUFT=1)
  Output Delay:           1.000ns
  Clock Path Skew:        -3.954ns (DCD - SCD + CPR)
    Destination Clock Delay (DCD):    -5.674ns = ( 14.326 - 20.000 ) 
    Source Clock Delay      (SCD):    -2.322ns
    Clock Pessimism Removal (CPR):    -0.601ns
  Clock Uncertainty:      0.068ns  ((TSJ^2 + DJ^2)^1/2) / 2 + PE
    Total System Jitter     (TSJ):    0.071ns
    Discrete Jitter          (DJ):    0.117ns
    Phase Error              (PE):    0.000ns

    Location             Delay type                Incr(ns)  Path(ns)    Netlist Resource(s)
  -------------------------------------------------------------------    -------------------
                         (clock sys_clk rise edge)    0.000     0.000 r  
    K21                                               0.000     0.000 r  clk (IN)
                         net (fo=0)                   0.000     0.000    pll_clk.u_clk_pll/inst/clk_in1
    K21                  IBUF (Prop_ibuf_I_O)         1.463     1.463 r  pll_clk.u_clk_pll/inst/clkin1_ibufg/O
                         net (fo=1, routed)           1.253     2.716    pll_clk.u_clk_pll/inst/clk_in1_clk_pll
    PLLE2_ADV_X0Y3       PLLE2_ADV (Prop_plle2_adv_CLKIN1_CLKOUT1)
                                                     -8.991    -6.275 r  pll_clk.u_clk_pll/inst/plle2_adv_inst/CLKOUT1
                         net (fo=1, routed)           1.837    -4.438    pll_clk.u_clk_pll/inst/sys_clk_clk_pll
    BUFGCTRL_X0Y17       BUFG (Prop_bufg_I_O)         0.096    -4.342 r  pll_clk.u_clk_pll/inst/clkout2_buf/O
                         net (fo=1121, routed)        2.020    -2.322    u_axi_ram/u_axi_sram_sp/sys_clk
    SLICE_X3Y65          FDCE                                         r  u_axi_ram/u_axi_sram_sp/ax_req_q_len_reg[3]/C
  -------------------------------------------------------------------    -------------------
    SLICE_X3Y65          FDCE (Prop_fdce_C_Q)         0.419    -1.903 r  u_axi_ram/u_axi_sram_sp/ax_req_q_len_reg[3]/Q
                         net (fo=57, routed)          1.129    -0.773    u_axi_ram/u_axi_sram_sp/len[3]
    SLICE_X3Y65          LUT6 (Prop_lut6_I2_O)        0.297    -0.476 r  u_axi_ram/u_axi_sram_sp/addr_o1_carry_i_16/O
                         net (fo=1, routed)           0.633     0.157    u_axi_ram/u_axi_sram_sp/p_0_out[8]
    SLICE_X1Y65          CARRY4 (Prop_carry4_DI[2]_CO[3])
                                                      0.398     0.555 r  u_axi_ram/u_axi_sram_sp/addr_o1_carry_i_10/CO[3]
                         net (fo=1, routed)           0.000     0.555    u_axi_ram/u_axi_sram_sp/addr_o1_carry_i_10_n_0
    SLICE_X1Y66          CARRY4 (Prop_carry4_CI_CO[3])
                                                      0.114     0.669 r  u_axi_ram/u_axi_sram_sp/addr_o1_carry__0_i_12/CO[3]
                         net (fo=1, routed)           0.000     0.669    u_axi_ram/u_axi_sram_sp/addr_o1_carry__0_i_12_n_0
    SLICE_X1Y67          CARRY4 (Prop_carry4_CI_CO[3])
                                                      0.114     0.783 r  u_axi_ram/u_axi_sram_sp/addr_o1_carry__0_i_10/CO[3]
                         net (fo=1, routed)           0.000     0.783    u_axi_ram/u_axi_sram_sp/addr_o1_carry__0_i_10_n_0
    SLICE_X1Y68          CARRY4 (Prop_carry4_CI_CO[3])
                                                      0.114     0.897 r  u_axi_ram/u_axi_sram_sp/addr_o1_carry__1_i_12/CO[3]
                         net (fo=1, routed)           0.000     0.897    u_axi_ram/u_axi_sram_sp/addr_o1_carry__1_i_12_n_0
    SLICE_X1Y69          CARRY4 (Prop_carry4_CI_CO[3])
                                                      0.114     1.011 r  u_axi_ram/u_axi_sram_sp/addr_o1_carry__1_i_10/CO[3]
                         net (fo=1, routed)           0.000     1.011    u_axi_ram/u_axi_sram_sp/addr_o1_carry__1_i_10_n_0
    SLICE_X1Y70          CARRY4 (Prop_carry4_CI_O[1])
                                                      0.334     1.345 r  u_axi_ram/u_axi_sram_sp/addr_o1_carry__2_i_9/O[1]
                         net (fo=3, routed)           1.031     2.376    u_axi_ram/u_axi_sram_sp/upper_wrap_boundary[27]
    SLICE_X0Y67          LUT4 (Prop_lut4_I1_O)        0.303     2.679 r  u_axi_ram/u_axi_sram_sp/addr_o1_carry__2_i_6/O
                         net (fo=1, routed)           0.000     2.679    u_axi_ram/u_axi_sram_sp/addr_o1_carry__2_i_6_n_0
    SLICE_X0Y67          CARRY4 (Prop_carry4_S[0]_CO[2])
                                                      0.536     3.215 r  u_axi_ram/u_axi_sram_sp/addr_o1_carry__2/CO[2]
                         net (fo=6, routed)           0.607     3.822    u_axi_ram/u_axi_sram_sp/addr_o1
    SLICE_X3Y69          LUT4 (Prop_lut4_I1_O)        0.313     4.135 r  u_axi_ram/u_axi_sram_sp/base_ram_addr_OBUF[19]_inst_i_9/O
                         net (fo=17, routed)          0.654     4.789    u_axi_ram/u_axi_sram_sp/base_ram_addr_OBUF[19]_inst_i_9_n_0
    SLICE_X3Y70          LUT6 (Prop_lut6_I2_O)        0.124     4.913 r  u_axi_ram/u_axi_sram_sp/base_ram_be_n_OBUF[3]_inst_i_3/O
                         net (fo=18, routed)          0.365     5.279    u_axi_ram/u_axi_sram_sp/in13[22]
    SLICE_X0Y70          LUT6 (Prop_lut6_I3_O)        0.124     5.403 f  u_axi_ram/u_axi_sram_sp/ext_ram_data_IOBUF[31]_inst_i_2/O
                         net (fo=32, routed)          3.520     8.923    ext_ram_data_IOBUF[25]_inst/T
    AC17                 OBUFT (TriStatE_obuft_T_O)
                                                      3.553    12.476 r  ext_ram_data_IOBUF[25]_inst/OBUFT/O
                         net (fo=1, unset)            0.000    12.476    ext_ram_data[25]
    AC17                                                              r  ext_ram_data[25] (INOUT)
  -------------------------------------------------------------------    -------------------

                         (clock sys_clk rise edge)   20.000    20.000 r  
    K21                                               0.000    20.000 r  clk (IN)
                         net (fo=0)                   0.000    20.000    pll_clk.u_clk_pll/inst/clk_in1
    K21                  IBUF (Prop_ibuf_I_O)         1.393    21.393 r  pll_clk.u_clk_pll/inst/clkin1_ibufg/O
                         net (fo=1, routed)           1.181    22.573    pll_clk.u_clk_pll/inst/clk_in1_clk_pll
    PLLE2_ADV_X0Y3       PLLE2_ADV (Prop_plle2_adv_CLKIN1_CLKOUT1)
                                                     -8.248    14.326 r  pll_clk.u_clk_pll/inst/plle2_adv_inst/CLKOUT1
                         clock pessimism             -0.601    13.725    
                         clock uncertainty           -0.068    13.656    
                         output delay                -1.000    12.656    
  -------------------------------------------------------------------
                         required time                         12.656    
                         arrival time                         -12.476    
  -------------------------------------------------------------------
                         slack                                  0.180    

Slack (MET) :             0.195ns  (required time - arrival time)
  Source:                 u_axi_ram/u_axi_sram_sp/ax_req_q_len_reg[3]/C
                            (rising edge-triggered cell FDCE clocked by sys_clk  {rise@0.000ns fall@10.000ns period=20.000ns})
  Destination:            ext_ram_data[18]
                            (output port clocked by sys_clk  {rise@0.000ns fall@10.000ns period=20.000ns})
  Path Group:             sys_clk
  Path Type:              Max at Slow Process Corner
  Requirement:            20.000ns  (sys_clk rise@20.000ns - sys_clk rise@0.000ns)
  Data Path Delay:        14.783ns  (logic 6.846ns (46.309%)  route 7.937ns (53.691%))
  Logic Levels:           13  (CARRY4=7 LUT4=2 LUT6=3 OBUFT=1)
  Output Delay:           1.000ns
  Clock Path Skew:        -3.954ns (DCD - SCD + CPR)
    Destination Clock Delay (DCD):    -5.674ns = ( 14.326 - 20.000 ) 
    Source Clock Delay      (SCD):    -2.322ns
    Clock Pessimism Removal (CPR):    -0.601ns
  Clock Uncertainty:      0.068ns  ((TSJ^2 + DJ^2)^1/2) / 2 + PE
    Total System Jitter     (TSJ):    0.071ns
    Discrete Jitter          (DJ):    0.117ns
    Phase Error              (PE):    0.000ns

    Location             Delay type                Incr(ns)  Path(ns)    Netlist Resource(s)
  -------------------------------------------------------------------    -------------------
                         (clock sys_clk rise edge)    0.000     0.000 r  
    K21                                               0.000     0.000 r  clk (IN)
                         net (fo=0)                   0.000     0.000    pll_clk.u_clk_pll/inst/clk_in1
    K21                  IBUF (Prop_ibuf_I_O)         1.463     1.463 r  pll_clk.u_clk_pll/inst/clkin1_ibufg/O
                         net (fo=1, routed)           1.253     2.716    pll_clk.u_clk_pll/inst/clk_in1_clk_pll
    PLLE2_ADV_X0Y3       PLLE2_ADV (Prop_plle2_adv_CLKIN1_CLKOUT1)
                                                     -8.991    -6.275 r  pll_clk.u_clk_pll/inst/plle2_adv_inst/CLKOUT1
                         net (fo=1, routed)           1.837    -4.438    pll_clk.u_clk_pll/inst/sys_clk_clk_pll
    BUFGCTRL_X0Y17       BUFG (Prop_bufg_I_O)         0.096    -4.342 r  pll_clk.u_clk_pll/inst/clkout2_buf/O
                         net (fo=1121, routed)        2.020    -2.322    u_axi_ram/u_axi_sram_sp/sys_clk
    SLICE_X3Y65          FDCE                                         r  u_axi_ram/u_axi_sram_sp/ax_req_q_len_reg[3]/C
  -------------------------------------------------------------------    -------------------
    SLICE_X3Y65          FDCE (Prop_fdce_C_Q)         0.419    -1.903 r  u_axi_ram/u_axi_sram_sp/ax_req_q_len_reg[3]/Q
                         net (fo=57, routed)          1.129    -0.773    u_axi_ram/u_axi_sram_sp/len[3]
    SLICE_X3Y65          LUT6 (Prop_lut6_I2_O)        0.297    -0.476 r  u_axi_ram/u_axi_sram_sp/addr_o1_carry_i_16/O
                         net (fo=1, routed)           0.633     0.157    u_axi_ram/u_axi_sram_sp/p_0_out[8]
    SLICE_X1Y65          CARRY4 (Prop_carry4_DI[2]_CO[3])
                                                      0.398     0.555 r  u_axi_ram/u_axi_sram_sp/addr_o1_carry_i_10/CO[3]
                         net (fo=1, routed)           0.000     0.555    u_axi_ram/u_axi_sram_sp/addr_o1_carry_i_10_n_0
    SLICE_X1Y66          CARRY4 (Prop_carry4_CI_CO[3])
                                                      0.114     0.669 r  u_axi_ram/u_axi_sram_sp/addr_o1_carry__0_i_12/CO[3]
                         net (fo=1, routed)           0.000     0.669    u_axi_ram/u_axi_sram_sp/addr_o1_carry__0_i_12_n_0
    SLICE_X1Y67          CARRY4 (Prop_carry4_CI_CO[3])
                                                      0.114     0.783 r  u_axi_ram/u_axi_sram_sp/addr_o1_carry__0_i_10/CO[3]
                         net (fo=1, routed)           0.000     0.783    u_axi_ram/u_axi_sram_sp/addr_o1_carry__0_i_10_n_0
    SLICE_X1Y68          CARRY4 (Prop_carry4_CI_CO[3])
                                                      0.114     0.897 r  u_axi_ram/u_axi_sram_sp/addr_o1_carry__1_i_12/CO[3]
                         net (fo=1, routed)           0.000     0.897    u_axi_ram/u_axi_sram_sp/addr_o1_carry__1_i_12_n_0
    SLICE_X1Y69          CARRY4 (Prop_carry4_CI_CO[3])
                                                      0.114     1.011 r  u_axi_ram/u_axi_sram_sp/addr_o1_carry__1_i_10/CO[3]
                         net (fo=1, routed)           0.000     1.011    u_axi_ram/u_axi_sram_sp/addr_o1_carry__1_i_10_n_0
    SLICE_X1Y70          CARRY4 (Prop_carry4_CI_O[1])
                                                      0.334     1.345 r  u_axi_ram/u_axi_sram_sp/addr_o1_carry__2_i_9/O[1]
                         net (fo=3, routed)           1.031     2.376    u_axi_ram/u_axi_sram_sp/upper_wrap_boundary[27]
    SLICE_X0Y67          LUT4 (Prop_lut4_I1_O)        0.303     2.679 r  u_axi_ram/u_axi_sram_sp/addr_o1_carry__2_i_6/O
                         net (fo=1, routed)           0.000     2.679    u_axi_ram/u_axi_sram_sp/addr_o1_carry__2_i_6_n_0
    SLICE_X0Y67          CARRY4 (Prop_carry4_S[0]_CO[2])
                                                      0.536     3.215 r  u_axi_ram/u_axi_sram_sp/addr_o1_carry__2/CO[2]
                         net (fo=6, routed)           0.607     3.822    u_axi_ram/u_axi_sram_sp/addr_o1
    SLICE_X3Y69          LUT4 (Prop_lut4_I1_O)        0.313     4.135 r  u_axi_ram/u_axi_sram_sp/base_ram_addr_OBUF[19]_inst_i_9/O
                         net (fo=17, routed)          0.654     4.789    u_axi_ram/u_axi_sram_sp/base_ram_addr_OBUF[19]_inst_i_9_n_0
    SLICE_X3Y70          LUT6 (Prop_lut6_I2_O)        0.124     4.913 r  u_axi_ram/u_axi_sram_sp/base_ram_be_n_OBUF[3]_inst_i_3/O
                         net (fo=18, routed)          0.365     5.279    u_axi_ram/u_axi_sram_sp/in13[22]
    SLICE_X0Y70          LUT6 (Prop_lut6_I3_O)        0.124     5.403 f  u_axi_ram/u_axi_sram_sp/ext_ram_data_IOBUF[31]_inst_i_2/O
                         net (fo=32, routed)          3.517     8.919    ext_ram_data_IOBUF[18]_inst/T
    AB17                 OBUFT (TriStatE_obuft_T_O)
                                                      3.542    12.461 r  ext_ram_data_IOBUF[18]_inst/OBUFT/O
                         net (fo=1, unset)            0.000    12.461    ext_ram_data[18]
    AB17                                                              r  ext_ram_data[18] (INOUT)
  -------------------------------------------------------------------    -------------------

                         (clock sys_clk rise edge)   20.000    20.000 r  
    K21                                               0.000    20.000 r  clk (IN)
                         net (fo=0)                   0.000    20.000    pll_clk.u_clk_pll/inst/clk_in1
    K21                  IBUF (Prop_ibuf_I_O)         1.393    21.393 r  pll_clk.u_clk_pll/inst/clkin1_ibufg/O
                         net (fo=1, routed)           1.181    22.573    pll_clk.u_clk_pll/inst/clk_in1_clk_pll
    PLLE2_ADV_X0Y3       PLLE2_ADV (Prop_plle2_adv_CLKIN1_CLKOUT1)
                                                     -8.248    14.326 r  pll_clk.u_clk_pll/inst/plle2_adv_inst/CLKOUT1
                         clock pessimism             -0.601    13.725    
                         clock uncertainty           -0.068    13.656    
                         output delay                -1.000    12.656    
  -------------------------------------------------------------------
                         required time                         12.656    
                         arrival time                         -12.461    
  -------------------------------------------------------------------
                         slack                                  0.195    

Slack (MET) :             0.196ns  (required time - arrival time)
  Source:                 u_axi_ram/u_axi_sram_sp/ax_req_q_len_reg[3]/C
                            (rising edge-triggered cell FDCE clocked by sys_clk  {rise@0.000ns fall@10.000ns period=20.000ns})
  Destination:            base_ram_data[23]
                            (output port clocked by sys_clk  {rise@0.000ns fall@10.000ns period=20.000ns})
  Path Group:             sys_clk
  Path Type:              Max at Slow Process Corner
  Requirement:            20.000ns  (sys_clk rise@20.000ns - sys_clk rise@0.000ns)
  Data Path Delay:        14.782ns  (logic 6.839ns (46.267%)  route 7.943ns (53.733%))
  Logic Levels:           13  (CARRY4=7 LUT4=2 LUT6=3 OBUFT=1)
  Output Delay:           1.000ns
  Clock Path Skew:        -3.954ns (DCD - SCD + CPR)
    Destination Clock Delay (DCD):    -5.674ns = ( 14.326 - 20.000 ) 
    Source Clock Delay      (SCD):    -2.322ns
    Clock Pessimism Removal (CPR):    -0.601ns
  Clock Uncertainty:      0.068ns  ((TSJ^2 + DJ^2)^1/2) / 2 + PE
    Total System Jitter     (TSJ):    0.071ns
    Discrete Jitter          (DJ):    0.117ns
    Phase Error              (PE):    0.000ns

    Location             Delay type                Incr(ns)  Path(ns)    Netlist Resource(s)
  -------------------------------------------------------------------    -------------------
                         (clock sys_clk rise edge)    0.000     0.000 r  
    K21                                               0.000     0.000 r  clk (IN)
                         net (fo=0)                   0.000     0.000    pll_clk.u_clk_pll/inst/clk_in1
    K21                  IBUF (Prop_ibuf_I_O)         1.463     1.463 r  pll_clk.u_clk_pll/inst/clkin1_ibufg/O
                         net (fo=1, routed)           1.253     2.716    pll_clk.u_clk_pll/inst/clk_in1_clk_pll
    PLLE2_ADV_X0Y3       PLLE2_ADV (Prop_plle2_adv_CLKIN1_CLKOUT1)
                                                     -8.991    -6.275 r  pll_clk.u_clk_pll/inst/plle2_adv_inst/CLKOUT1
                         net (fo=1, routed)           1.837    -4.438    pll_clk.u_clk_pll/inst/sys_clk_clk_pll
    BUFGCTRL_X0Y17       BUFG (Prop_bufg_I_O)         0.096    -4.342 r  pll_clk.u_clk_pll/inst/clkout2_buf/O
                         net (fo=1121, routed)        2.020    -2.322    u_axi_ram/u_axi_sram_sp/sys_clk
    SLICE_X3Y65          FDCE                                         r  u_axi_ram/u_axi_sram_sp/ax_req_q_len_reg[3]/C
  -------------------------------------------------------------------    -------------------
    SLICE_X3Y65          FDCE (Prop_fdce_C_Q)         0.419    -1.903 r  u_axi_ram/u_axi_sram_sp/ax_req_q_len_reg[3]/Q
                         net (fo=57, routed)          1.129    -0.773    u_axi_ram/u_axi_sram_sp/len[3]
    SLICE_X3Y65          LUT6 (Prop_lut6_I2_O)        0.297    -0.476 r  u_axi_ram/u_axi_sram_sp/addr_o1_carry_i_16/O
                         net (fo=1, routed)           0.633     0.157    u_axi_ram/u_axi_sram_sp/p_0_out[8]
    SLICE_X1Y65          CARRY4 (Prop_carry4_DI[2]_CO[3])
                                                      0.398     0.555 r  u_axi_ram/u_axi_sram_sp/addr_o1_carry_i_10/CO[3]
                         net (fo=1, routed)           0.000     0.555    u_axi_ram/u_axi_sram_sp/addr_o1_carry_i_10_n_0
    SLICE_X1Y66          CARRY4 (Prop_carry4_CI_CO[3])
                                                      0.114     0.669 r  u_axi_ram/u_axi_sram_sp/addr_o1_carry__0_i_12/CO[3]
                         net (fo=1, routed)           0.000     0.669    u_axi_ram/u_axi_sram_sp/addr_o1_carry__0_i_12_n_0
    SLICE_X1Y67          CARRY4 (Prop_carry4_CI_CO[3])
                                                      0.114     0.783 r  u_axi_ram/u_axi_sram_sp/addr_o1_carry__0_i_10/CO[3]
                         net (fo=1, routed)           0.000     0.783    u_axi_ram/u_axi_sram_sp/addr_o1_carry__0_i_10_n_0
    SLICE_X1Y68          CARRY4 (Prop_carry4_CI_CO[3])
                                                      0.114     0.897 r  u_axi_ram/u_axi_sram_sp/addr_o1_carry__1_i_12/CO[3]
                         net (fo=1, routed)           0.000     0.897    u_axi_ram/u_axi_sram_sp/addr_o1_carry__1_i_12_n_0
    SLICE_X1Y69          CARRY4 (Prop_carry4_CI_CO[3])
                                                      0.114     1.011 r  u_axi_ram/u_axi_sram_sp/addr_o1_carry__1_i_10/CO[3]
                         net (fo=1, routed)           0.000     1.011    u_axi_ram/u_axi_sram_sp/addr_o1_carry__1_i_10_n_0
    SLICE_X1Y70          CARRY4 (Prop_carry4_CI_O[1])
                                                      0.334     1.345 r  u_axi_ram/u_axi_sram_sp/addr_o1_carry__2_i_9/O[1]
                         net (fo=3, routed)           1.031     2.376    u_axi_ram/u_axi_sram_sp/upper_wrap_boundary[27]
    SLICE_X0Y67          LUT4 (Prop_lut4_I1_O)        0.303     2.679 r  u_axi_ram/u_axi_sram_sp/addr_o1_carry__2_i_6/O
                         net (fo=1, routed)           0.000     2.679    u_axi_ram/u_axi_sram_sp/addr_o1_carry__2_i_6_n_0
    SLICE_X0Y67          CARRY4 (Prop_carry4_S[0]_CO[2])
                                                      0.536     3.215 f  u_axi_ram/u_axi_sram_sp/addr_o1_carry__2/CO[2]
                         net (fo=6, routed)           0.607     3.822    u_axi_ram/u_axi_sram_sp/addr_o1
    SLICE_X3Y69          LUT4 (Prop_lut4_I1_O)        0.313     4.135 f  u_axi_ram/u_axi_sram_sp/base_ram_addr_OBUF[19]_inst_i_9/O
                         net (fo=17, routed)          0.654     4.789    u_axi_ram/u_axi_sram_sp/base_ram_addr_OBUF[19]_inst_i_9_n_0
    SLICE_X3Y70          LUT6 (Prop_lut6_I2_O)        0.124     4.913 f  u_axi_ram/u_axi_sram_sp/base_ram_be_n_OBUF[3]_inst_i_3/O
                         net (fo=18, routed)          0.370     5.283    u_axi_ram/u_axi_sram_sp/in13[22]
    SLICE_X3Y71          LUT6 (Prop_lut6_I3_O)        0.124     5.407 f  u_axi_ram/u_axi_sram_sp/base_ram_data_IOBUF[31]_inst_i_2/O
                         net (fo=32, routed)          3.518     8.925    base_ram_data_IOBUF[23]_inst/T
    N21                  OBUFT (TriStatE_obuft_T_O)
                                                      3.535    12.460 r  base_ram_data_IOBUF[23]_inst/OBUFT/O
                         net (fo=1, unset)            0.000    12.460    base_ram_data[23]
    N21                                                               r  base_ram_data[23] (INOUT)
  -------------------------------------------------------------------    -------------------

                         (clock sys_clk rise edge)   20.000    20.000 r  
    K21                                               0.000    20.000 r  clk (IN)
                         net (fo=0)                   0.000    20.000    pll_clk.u_clk_pll/inst/clk_in1
    K21                  IBUF (Prop_ibuf_I_O)         1.393    21.393 r  pll_clk.u_clk_pll/inst/clkin1_ibufg/O
                         net (fo=1, routed)           1.181    22.573    pll_clk.u_clk_pll/inst/clk_in1_clk_pll
    PLLE2_ADV_X0Y3       PLLE2_ADV (Prop_plle2_adv_CLKIN1_CLKOUT1)
                                                     -8.248    14.326 r  pll_clk.u_clk_pll/inst/plle2_adv_inst/CLKOUT1
                         clock pessimism             -0.601    13.725    
                         clock uncertainty           -0.068    13.656    
                         output delay                -1.000    12.656    
  -------------------------------------------------------------------
                         required time                         12.656    
                         arrival time                         -12.460    
  -------------------------------------------------------------------
                         slack                                  0.196    

Slack (MET) :             0.209ns  (required time - arrival time)
  Source:                 u_axi_ram/u_axi_sram_sp/ax_req_q_len_reg[3]/C
                            (rising edge-triggered cell FDCE clocked by sys_clk  {rise@0.000ns fall@10.000ns period=20.000ns})
  Destination:            base_ram_data[1]
                            (output port clocked by sys_clk  {rise@0.000ns fall@10.000ns period=20.000ns})
  Path Group:             sys_clk
  Path Type:              Max at Slow Process Corner
  Requirement:            20.000ns  (sys_clk rise@20.000ns - sys_clk rise@0.000ns)
  Data Path Delay:        14.769ns  (logic 6.868ns (46.503%)  route 7.901ns (53.497%))
  Logic Levels:           13  (CARRY4=7 LUT4=2 LUT6=3 OBUFT=1)
  Output Delay:           1.000ns
  Clock Path Skew:        -3.954ns (DCD - SCD + CPR)
    Destination Clock Delay (DCD):    -5.674ns = ( 14.326 - 20.000 ) 
    Source Clock Delay      (SCD):    -2.322ns
    Clock Pessimism Removal (CPR):    -0.601ns
  Clock Uncertainty:      0.068ns  ((TSJ^2 + DJ^2)^1/2) / 2 + PE
    Total System Jitter     (TSJ):    0.071ns
    Discrete Jitter          (DJ):    0.117ns
    Phase Error              (PE):    0.000ns

    Location             Delay type                Incr(ns)  Path(ns)    Netlist Resource(s)
  -------------------------------------------------------------------    -------------------
                         (clock sys_clk rise edge)    0.000     0.000 r  
    K21                                               0.000     0.000 r  clk (IN)
                         net (fo=0)                   0.000     0.000    pll_clk.u_clk_pll/inst/clk_in1
    K21                  IBUF (Prop_ibuf_I_O)         1.463     1.463 r  pll_clk.u_clk_pll/inst/clkin1_ibufg/O
                         net (fo=1, routed)           1.253     2.716    pll_clk.u_clk_pll/inst/clk_in1_clk_pll
    PLLE2_ADV_X0Y3       PLLE2_ADV (Prop_plle2_adv_CLKIN1_CLKOUT1)
                                                     -8.991    -6.275 r  pll_clk.u_clk_pll/inst/plle2_adv_inst/CLKOUT1
                         net (fo=1, routed)           1.837    -4.438    pll_clk.u_clk_pll/inst/sys_clk_clk_pll
    BUFGCTRL_X0Y17       BUFG (Prop_bufg_I_O)         0.096    -4.342 r  pll_clk.u_clk_pll/inst/clkout2_buf/O
                         net (fo=1121, routed)        2.020    -2.322    u_axi_ram/u_axi_sram_sp/sys_clk
    SLICE_X3Y65          FDCE                                         r  u_axi_ram/u_axi_sram_sp/ax_req_q_len_reg[3]/C
  -------------------------------------------------------------------    -------------------
    SLICE_X3Y65          FDCE (Prop_fdce_C_Q)         0.419    -1.903 r  u_axi_ram/u_axi_sram_sp/ax_req_q_len_reg[3]/Q
                         net (fo=57, routed)          1.129    -0.773    u_axi_ram/u_axi_sram_sp/len[3]
    SLICE_X3Y65          LUT6 (Prop_lut6_I2_O)        0.297    -0.476 r  u_axi_ram/u_axi_sram_sp/addr_o1_carry_i_16/O
                         net (fo=1, routed)           0.633     0.157    u_axi_ram/u_axi_sram_sp/p_0_out[8]
    SLICE_X1Y65          CARRY4 (Prop_carry4_DI[2]_CO[3])
                                                      0.398     0.555 r  u_axi_ram/u_axi_sram_sp/addr_o1_carry_i_10/CO[3]
                         net (fo=1, routed)           0.000     0.555    u_axi_ram/u_axi_sram_sp/addr_o1_carry_i_10_n_0
    SLICE_X1Y66          CARRY4 (Prop_carry4_CI_CO[3])
                                                      0.114     0.669 r  u_axi_ram/u_axi_sram_sp/addr_o1_carry__0_i_12/CO[3]
                         net (fo=1, routed)           0.000     0.669    u_axi_ram/u_axi_sram_sp/addr_o1_carry__0_i_12_n_0
    SLICE_X1Y67          CARRY4 (Prop_carry4_CI_CO[3])
                                                      0.114     0.783 r  u_axi_ram/u_axi_sram_sp/addr_o1_carry__0_i_10/CO[3]
                         net (fo=1, routed)           0.000     0.783    u_axi_ram/u_axi_sram_sp/addr_o1_carry__0_i_10_n_0
    SLICE_X1Y68          CARRY4 (Prop_carry4_CI_CO[3])
                                                      0.114     0.897 r  u_axi_ram/u_axi_sram_sp/addr_o1_carry__1_i_12/CO[3]
                         net (fo=1, routed)           0.000     0.897    u_axi_ram/u_axi_sram_sp/addr_o1_carry__1_i_12_n_0
    SLICE_X1Y69          CARRY4 (Prop_carry4_CI_CO[3])
                                                      0.114     1.011 r  u_axi_ram/u_axi_sram_sp/addr_o1_carry__1_i_10/CO[3]
                         net (fo=1, routed)           0.000     1.011    u_axi_ram/u_axi_sram_sp/addr_o1_carry__1_i_10_n_0
    SLICE_X1Y70          CARRY4 (Prop_carry4_CI_O[1])
                                                      0.334     1.345 r  u_axi_ram/u_axi_sram_sp/addr_o1_carry__2_i_9/O[1]
                         net (fo=3, routed)           1.031     2.376    u_axi_ram/u_axi_sram_sp/upper_wrap_boundary[27]
    SLICE_X0Y67          LUT4 (Prop_lut4_I1_O)        0.303     2.679 r  u_axi_ram/u_axi_sram_sp/addr_o1_carry__2_i_6/O
                         net (fo=1, routed)           0.000     2.679    u_axi_ram/u_axi_sram_sp/addr_o1_carry__2_i_6_n_0
    SLICE_X0Y67          CARRY4 (Prop_carry4_S[0]_CO[2])
                                                      0.536     3.215 f  u_axi_ram/u_axi_sram_sp/addr_o1_carry__2/CO[2]
                         net (fo=6, routed)           0.607     3.822    u_axi_ram/u_axi_sram_sp/addr_o1
    SLICE_X3Y69          LUT4 (Prop_lut4_I1_O)        0.313     4.135 f  u_axi_ram/u_axi_sram_sp/base_ram_addr_OBUF[19]_inst_i_9/O
                         net (fo=17, routed)          0.654     4.789    u_axi_ram/u_axi_sram_sp/base_ram_addr_OBUF[19]_inst_i_9_n_0
    SLICE_X3Y70          LUT6 (Prop_lut6_I2_O)        0.124     4.913 f  u_axi_ram/u_axi_sram_sp/base_ram_be_n_OBUF[3]_inst_i_3/O
                         net (fo=18, routed)          0.370     5.283    u_axi_ram/u_axi_sram_sp/in13[22]
    SLICE_X3Y71          LUT6 (Prop_lut6_I3_O)        0.124     5.407 f  u_axi_ram/u_axi_sram_sp/base_ram_data_IOBUF[31]_inst_i_2/O
                         net (fo=32, routed)          3.476     8.883    base_ram_data_IOBUF[1]_inst/T
    L25                  OBUFT (TriStatE_obuft_T_O)
                                                      3.564    12.447 r  base_ram_data_IOBUF[1]_inst/OBUFT/O
                         net (fo=1, unset)            0.000    12.447    base_ram_data[1]
    L25                                                               r  base_ram_data[1] (INOUT)
  -------------------------------------------------------------------    -------------------

                         (clock sys_clk rise edge)   20.000    20.000 r  
    K21                                               0.000    20.000 r  clk (IN)
                         net (fo=0)                   0.000    20.000    pll_clk.u_clk_pll/inst/clk_in1
    K21                  IBUF (Prop_ibuf_I_O)         1.393    21.393 r  pll_clk.u_clk_pll/inst/clkin1_ibufg/O
                         net (fo=1, routed)           1.181    22.573    pll_clk.u_clk_pll/inst/clk_in1_clk_pll
    PLLE2_ADV_X0Y3       PLLE2_ADV (Prop_plle2_adv_CLKIN1_CLKOUT1)
                                                     -8.248    14.326 r  pll_clk.u_clk_pll/inst/plle2_adv_inst/CLKOUT1
                         clock pessimism             -0.601    13.725    
                         clock uncertainty           -0.068    13.656    
                         output delay                -1.000    12.656    
  -------------------------------------------------------------------
                         required time                         12.656    
                         arrival time                         -12.447    
  -------------------------------------------------------------------
                         slack                                  0.209    

Slack (MET) :             0.220ns  (required time - arrival time)
  Source:                 u_axi_ram/u_axi_sram_sp/ax_req_q_len_reg[3]/C
                            (rising edge-triggered cell FDCE clocked by sys_clk  {rise@0.000ns fall@10.000ns period=20.000ns})
  Destination:            ext_ram_addr[17]
                            (output port clocked by sys_clk  {rise@0.000ns fall@10.000ns period=20.000ns})
  Path Group:             sys_clk
  Path Type:              Max at Slow Process Corner
  Requirement:            20.000ns  (sys_clk rise@20.000ns - sys_clk rise@0.000ns)
  Data Path Delay:        14.758ns  (logic 6.864ns (46.514%)  route 7.893ns (53.486%))
  Logic Levels:           13  (CARRY4=7 LUT4=2 LUT5=1 LUT6=2 OBUF=1)
  Output Delay:           1.000ns
  Clock Path Skew:        -3.954ns (DCD - SCD + CPR)
    Destination Clock Delay (DCD):    -5.674ns = ( 14.326 - 20.000 ) 
    Source Clock Delay      (SCD):    -2.322ns
    Clock Pessimism Removal (CPR):    -0.601ns
  Clock Uncertainty:      0.068ns  ((TSJ^2 + DJ^2)^1/2) / 2 + PE
    Total System Jitter     (TSJ):    0.071ns
    Discrete Jitter          (DJ):    0.117ns
    Phase Error              (PE):    0.000ns

    Location             Delay type                Incr(ns)  Path(ns)    Netlist Resource(s)
  -------------------------------------------------------------------    -------------------
                         (clock sys_clk rise edge)    0.000     0.000 r  
    K21                                               0.000     0.000 r  clk (IN)
                         net (fo=0)                   0.000     0.000    pll_clk.u_clk_pll/inst/clk_in1
    K21                  IBUF (Prop_ibuf_I_O)         1.463     1.463 r  pll_clk.u_clk_pll/inst/clkin1_ibufg/O
                         net (fo=1, routed)           1.253     2.716    pll_clk.u_clk_pll/inst/clk_in1_clk_pll
    PLLE2_ADV_X0Y3       PLLE2_ADV (Prop_plle2_adv_CLKIN1_CLKOUT1)
                                                     -8.991    -6.275 r  pll_clk.u_clk_pll/inst/plle2_adv_inst/CLKOUT1
                         net (fo=1, routed)           1.837    -4.438    pll_clk.u_clk_pll/inst/sys_clk_clk_pll
    BUFGCTRL_X0Y17       BUFG (Prop_bufg_I_O)         0.096    -4.342 r  pll_clk.u_clk_pll/inst/clkout2_buf/O
                         net (fo=1121, routed)        2.020    -2.322    u_axi_ram/u_axi_sram_sp/sys_clk
    SLICE_X3Y65          FDCE                                         r  u_axi_ram/u_axi_sram_sp/ax_req_q_len_reg[3]/C
  -------------------------------------------------------------------    -------------------
    SLICE_X3Y65          FDCE (Prop_fdce_C_Q)         0.419    -1.903 r  u_axi_ram/u_axi_sram_sp/ax_req_q_len_reg[3]/Q
                         net (fo=57, routed)          1.129    -0.773    u_axi_ram/u_axi_sram_sp/len[3]
    SLICE_X3Y65          LUT6 (Prop_lut6_I2_O)        0.297    -0.476 r  u_axi_ram/u_axi_sram_sp/addr_o1_carry_i_16/O
                         net (fo=1, routed)           0.633     0.157    u_axi_ram/u_axi_sram_sp/p_0_out[8]
    SLICE_X1Y65          CARRY4 (Prop_carry4_DI[2]_CO[3])
                                                      0.398     0.555 r  u_axi_ram/u_axi_sram_sp/addr_o1_carry_i_10/CO[3]
                         net (fo=1, routed)           0.000     0.555    u_axi_ram/u_axi_sram_sp/addr_o1_carry_i_10_n_0
    SLICE_X1Y66          CARRY4 (Prop_carry4_CI_CO[3])
                                                      0.114     0.669 r  u_axi_ram/u_axi_sram_sp/addr_o1_carry__0_i_12/CO[3]
                         net (fo=1, routed)           0.000     0.669    u_axi_ram/u_axi_sram_sp/addr_o1_carry__0_i_12_n_0
    SLICE_X1Y67          CARRY4 (Prop_carry4_CI_CO[3])
                                                      0.114     0.783 r  u_axi_ram/u_axi_sram_sp/addr_o1_carry__0_i_10/CO[3]
                         net (fo=1, routed)           0.000     0.783    u_axi_ram/u_axi_sram_sp/addr_o1_carry__0_i_10_n_0
    SLICE_X1Y68          CARRY4 (Prop_carry4_CI_CO[3])
                                                      0.114     0.897 r  u_axi_ram/u_axi_sram_sp/addr_o1_carry__1_i_12/CO[3]
                         net (fo=1, routed)           0.000     0.897    u_axi_ram/u_axi_sram_sp/addr_o1_carry__1_i_12_n_0
    SLICE_X1Y69          CARRY4 (Prop_carry4_CI_CO[3])
                                                      0.114     1.011 r  u_axi_ram/u_axi_sram_sp/addr_o1_carry__1_i_10/CO[3]
                         net (fo=1, routed)           0.000     1.011    u_axi_ram/u_axi_sram_sp/addr_o1_carry__1_i_10_n_0
    SLICE_X1Y70          CARRY4 (Prop_carry4_CI_O[1])
                                                      0.334     1.345 r  u_axi_ram/u_axi_sram_sp/addr_o1_carry__2_i_9/O[1]
                         net (fo=3, routed)           1.031     2.376    u_axi_ram/u_axi_sram_sp/upper_wrap_boundary[27]
    SLICE_X0Y67          LUT4 (Prop_lut4_I1_O)        0.303     2.679 r  u_axi_ram/u_axi_sram_sp/addr_o1_carry__2_i_6/O
                         net (fo=1, routed)           0.000     2.679    u_axi_ram/u_axi_sram_sp/addr_o1_carry__2_i_6_n_0
    SLICE_X0Y67          CARRY4 (Prop_carry4_S[0]_CO[2])
                                                      0.536     3.215 f  u_axi_ram/u_axi_sram_sp/addr_o1_carry__2/CO[2]
                         net (fo=6, routed)           0.588     3.803    u_axi_ram/u_axi_sram_sp/addr_o1
    SLICE_X0Y69          LUT4 (Prop_lut4_I2_O)        0.313     4.116 r  u_axi_ram/u_axi_sram_sp/base_ram_addr_OBUF[19]_inst_i_8/O
                         net (fo=17, routed)          0.807     4.924    u_axi_ram/u_axi_sram_sp/base_ram_addr_OBUF[19]_inst_i_8_n_0
    SLICE_X3Y69          LUT6 (Prop_lut6_I0_O)        0.124     5.048 r  u_axi_ram/u_axi_sram_sp/base_ram_addr_OBUF[17]_inst_i_3/O
                         net (fo=2, routed)           0.510     5.558    u_axi_ram/u_axi_sram_sp/in13[19]
    SLICE_X0Y63          LUT5 (Prop_lut5_I2_O)        0.124     5.682 r  u_axi_ram/u_axi_sram_sp/base_ram_addr_OBUF[17]_inst_i_1/O
                         net (fo=2, routed)           3.194     8.876    ext_ram_addr_OBUF[17]
    AF18                 OBUF (Prop_obuf_I_O)         3.560    12.436 r  ext_ram_addr_OBUF[17]_inst/O
                         net (fo=0)                   0.000    12.436    ext_ram_addr[17]
    AF18                                                              r  ext_ram_addr[17] (OUT)
  -------------------------------------------------------------------    -------------------

                         (clock sys_clk rise edge)   20.000    20.000 r  
    K21                                               0.000    20.000 r  clk (IN)
                         net (fo=0)                   0.000    20.000    pll_clk.u_clk_pll/inst/clk_in1
    K21                  IBUF (Prop_ibuf_I_O)         1.393    21.393 r  pll_clk.u_clk_pll/inst/clkin1_ibufg/O
                         net (fo=1, routed)           1.181    22.573    pll_clk.u_clk_pll/inst/clk_in1_clk_pll
    PLLE2_ADV_X0Y3       PLLE2_ADV (Prop_plle2_adv_CLKIN1_CLKOUT1)
                                                     -8.248    14.326 r  pll_clk.u_clk_pll/inst/plle2_adv_inst/CLKOUT1
                         clock pessimism             -0.601    13.725    
                         clock uncertainty           -0.068    13.656    
                         output delay                -1.000    12.656    
  -------------------------------------------------------------------
                         required time                         12.656    
                         arrival time                         -12.436    
  -------------------------------------------------------------------
                         slack                                  0.220    

Slack (MET) :             0.226ns  (required time - arrival time)
  Source:                 u_axi_ram/u_axi_sram_sp/ax_req_q_len_reg[3]/C
                            (rising edge-triggered cell FDCE clocked by sys_clk  {rise@0.000ns fall@10.000ns period=20.000ns})
  Destination:            base_ram_data[0]
                            (output port clocked by sys_clk  {rise@0.000ns fall@10.000ns period=20.000ns})
  Path Group:             sys_clk
  Path Type:              Max at Slow Process Corner
  Requirement:            20.000ns  (sys_clk rise@20.000ns - sys_clk rise@0.000ns)
  Data Path Delay:        14.752ns  (logic 6.864ns (46.528%)  route 7.888ns (53.472%))
  Logic Levels:           13  (CARRY4=7 LUT4=2 LUT6=3 OBUFT=1)
  Output Delay:           1.000ns
  Clock Path Skew:        -3.954ns (DCD - SCD + CPR)
    Destination Clock Delay (DCD):    -5.674ns = ( 14.326 - 20.000 ) 
    Source Clock Delay      (SCD):    -2.322ns
    Clock Pessimism Removal (CPR):    -0.601ns
  Clock Uncertainty:      0.068ns  ((TSJ^2 + DJ^2)^1/2) / 2 + PE
    Total System Jitter     (TSJ):    0.071ns
    Discrete Jitter          (DJ):    0.117ns
    Phase Error              (PE):    0.000ns

    Location             Delay type                Incr(ns)  Path(ns)    Netlist Resource(s)
  -------------------------------------------------------------------    -------------------
                         (clock sys_clk rise edge)    0.000     0.000 r  
    K21                                               0.000     0.000 r  clk (IN)
                         net (fo=0)                   0.000     0.000    pll_clk.u_clk_pll/inst/clk_in1
    K21                  IBUF (Prop_ibuf_I_O)         1.463     1.463 r  pll_clk.u_clk_pll/inst/clkin1_ibufg/O
                         net (fo=1, routed)           1.253     2.716    pll_clk.u_clk_pll/inst/clk_in1_clk_pll
    PLLE2_ADV_X0Y3       PLLE2_ADV (Prop_plle2_adv_CLKIN1_CLKOUT1)
                                                     -8.991    -6.275 r  pll_clk.u_clk_pll/inst/plle2_adv_inst/CLKOUT1
                         net (fo=1, routed)           1.837    -4.438    pll_clk.u_clk_pll/inst/sys_clk_clk_pll
    BUFGCTRL_X0Y17       BUFG (Prop_bufg_I_O)         0.096    -4.342 r  pll_clk.u_clk_pll/inst/clkout2_buf/O
                         net (fo=1121, routed)        2.020    -2.322    u_axi_ram/u_axi_sram_sp/sys_clk
    SLICE_X3Y65          FDCE                                         r  u_axi_ram/u_axi_sram_sp/ax_req_q_len_reg[3]/C
  -------------------------------------------------------------------    -------------------
    SLICE_X3Y65          FDCE (Prop_fdce_C_Q)         0.419    -1.903 r  u_axi_ram/u_axi_sram_sp/ax_req_q_len_reg[3]/Q
                         net (fo=57, routed)          1.129    -0.773    u_axi_ram/u_axi_sram_sp/len[3]
    SLICE_X3Y65          LUT6 (Prop_lut6_I2_O)        0.297    -0.476 r  u_axi_ram/u_axi_sram_sp/addr_o1_carry_i_16/O
                         net (fo=1, routed)           0.633     0.157    u_axi_ram/u_axi_sram_sp/p_0_out[8]
    SLICE_X1Y65          CARRY4 (Prop_carry4_DI[2]_CO[3])
                                                      0.398     0.555 r  u_axi_ram/u_axi_sram_sp/addr_o1_carry_i_10/CO[3]
                         net (fo=1, routed)           0.000     0.555    u_axi_ram/u_axi_sram_sp/addr_o1_carry_i_10_n_0
    SLICE_X1Y66          CARRY4 (Prop_carry4_CI_CO[3])
                                                      0.114     0.669 r  u_axi_ram/u_axi_sram_sp/addr_o1_carry__0_i_12/CO[3]
                         net (fo=1, routed)           0.000     0.669    u_axi_ram/u_axi_sram_sp/addr_o1_carry__0_i_12_n_0
    SLICE_X1Y67          CARRY4 (Prop_carry4_CI_CO[3])
                                                      0.114     0.783 r  u_axi_ram/u_axi_sram_sp/addr_o1_carry__0_i_10/CO[3]
                         net (fo=1, routed)           0.000     0.783    u_axi_ram/u_axi_sram_sp/addr_o1_carry__0_i_10_n_0
    SLICE_X1Y68          CARRY4 (Prop_carry4_CI_CO[3])
                                                      0.114     0.897 r  u_axi_ram/u_axi_sram_sp/addr_o1_carry__1_i_12/CO[3]
                         net (fo=1, routed)           0.000     0.897    u_axi_ram/u_axi_sram_sp/addr_o1_carry__1_i_12_n_0
    SLICE_X1Y69          CARRY4 (Prop_carry4_CI_CO[3])
                                                      0.114     1.011 r  u_axi_ram/u_axi_sram_sp/addr_o1_carry__1_i_10/CO[3]
                         net (fo=1, routed)           0.000     1.011    u_axi_ram/u_axi_sram_sp/addr_o1_carry__1_i_10_n_0
    SLICE_X1Y70          CARRY4 (Prop_carry4_CI_O[1])
                                                      0.334     1.345 r  u_axi_ram/u_axi_sram_sp/addr_o1_carry__2_i_9/O[1]
                         net (fo=3, routed)           1.031     2.376    u_axi_ram/u_axi_sram_sp/upper_wrap_boundary[27]
    SLICE_X0Y67          LUT4 (Prop_lut4_I1_O)        0.303     2.679 r  u_axi_ram/u_axi_sram_sp/addr_o1_carry__2_i_6/O
                         net (fo=1, routed)           0.000     2.679    u_axi_ram/u_axi_sram_sp/addr_o1_carry__2_i_6_n_0
    SLICE_X0Y67          CARRY4 (Prop_carry4_S[0]_CO[2])
                                                      0.536     3.215 f  u_axi_ram/u_axi_sram_sp/addr_o1_carry__2/CO[2]
                         net (fo=6, routed)           0.607     3.822    u_axi_ram/u_axi_sram_sp/addr_o1
    SLICE_X3Y69          LUT4 (Prop_lut4_I1_O)        0.313     4.135 f  u_axi_ram/u_axi_sram_sp/base_ram_addr_OBUF[19]_inst_i_9/O
                         net (fo=17, routed)          0.654     4.789    u_axi_ram/u_axi_sram_sp/base_ram_addr_OBUF[19]_inst_i_9_n_0
    SLICE_X3Y70          LUT6 (Prop_lut6_I2_O)        0.124     4.913 f  u_axi_ram/u_axi_sram_sp/base_ram_be_n_OBUF[3]_inst_i_3/O
                         net (fo=18, routed)          0.370     5.283    u_axi_ram/u_axi_sram_sp/in13[22]
    SLICE_X3Y71          LUT6 (Prop_lut6_I3_O)        0.124     5.407 f  u_axi_ram/u_axi_sram_sp/base_ram_data_IOBUF[31]_inst_i_2/O
                         net (fo=32, routed)          3.463     8.871    base_ram_data_IOBUF[0]_inst/T
    L24                  OBUFT (TriStatE_obuft_T_O)
                                                      3.560    12.431 r  base_ram_data_IOBUF[0]_inst/OBUFT/O
                         net (fo=1, unset)            0.000    12.431    base_ram_data[0]
    L24                                                               r  base_ram_data[0] (INOUT)
  -------------------------------------------------------------------    -------------------

                         (clock sys_clk rise edge)   20.000    20.000 r  
    K21                                               0.000    20.000 r  clk (IN)
                         net (fo=0)                   0.000    20.000    pll_clk.u_clk_pll/inst/clk_in1
    K21                  IBUF (Prop_ibuf_I_O)         1.393    21.393 r  pll_clk.u_clk_pll/inst/clkin1_ibufg/O
                         net (fo=1, routed)           1.181    22.573    pll_clk.u_clk_pll/inst/clk_in1_clk_pll
    PLLE2_ADV_X0Y3       PLLE2_ADV (Prop_plle2_adv_CLKIN1_CLKOUT1)
                                                     -8.248    14.326 r  pll_clk.u_clk_pll/inst/plle2_adv_inst/CLKOUT1
                         clock pessimism             -0.601    13.725    
                         clock uncertainty           -0.068    13.656    
                         output delay                -1.000    12.656    
  -------------------------------------------------------------------
                         required time                         12.656    
                         arrival time                         -12.431    
  -------------------------------------------------------------------
                         slack                                  0.226    

Slack (MET) :             0.231ns  (required time - arrival time)
  Source:                 u_axi_ram/u_axi_sram_sp/ax_req_q_len_reg[3]/C
                            (rising edge-triggered cell FDCE clocked by sys_clk  {rise@0.000ns fall@10.000ns period=20.000ns})
  Destination:            base_ram_be_n[3]
                            (output port clocked by sys_clk  {rise@0.000ns fall@10.000ns period=20.000ns})
  Path Group:             sys_clk
  Path Type:              Max at Slow Process Corner
  Requirement:            20.000ns  (sys_clk rise@20.000ns - sys_clk rise@0.000ns)
  Data Path Delay:        14.747ns  (logic 6.855ns (46.485%)  route 7.892ns (53.515%))
  Logic Levels:           13  (CARRY4=7 LUT4=2 LUT6=3 OBUF=1)
  Output Delay:           1.000ns
  Clock Path Skew:        -3.954ns (DCD - SCD + CPR)
    Destination Clock Delay (DCD):    -5.674ns = ( 14.326 - 20.000 ) 
    Source Clock Delay      (SCD):    -2.322ns
    Clock Pessimism Removal (CPR):    -0.601ns
  Clock Uncertainty:      0.068ns  ((TSJ^2 + DJ^2)^1/2) / 2 + PE
    Total System Jitter     (TSJ):    0.071ns
    Discrete Jitter          (DJ):    0.117ns
    Phase Error              (PE):    0.000ns

    Location             Delay type                Incr(ns)  Path(ns)    Netlist Resource(s)
  -------------------------------------------------------------------    -------------------
                         (clock sys_clk rise edge)    0.000     0.000 r  
    K21                                               0.000     0.000 r  clk (IN)
                         net (fo=0)                   0.000     0.000    pll_clk.u_clk_pll/inst/clk_in1
    K21                  IBUF (Prop_ibuf_I_O)         1.463     1.463 r  pll_clk.u_clk_pll/inst/clkin1_ibufg/O
                         net (fo=1, routed)           1.253     2.716    pll_clk.u_clk_pll/inst/clk_in1_clk_pll
    PLLE2_ADV_X0Y3       PLLE2_ADV (Prop_plle2_adv_CLKIN1_CLKOUT1)
                                                     -8.991    -6.275 r  pll_clk.u_clk_pll/inst/plle2_adv_inst/CLKOUT1
                         net (fo=1, routed)           1.837    -4.438    pll_clk.u_clk_pll/inst/sys_clk_clk_pll
    BUFGCTRL_X0Y17       BUFG (Prop_bufg_I_O)         0.096    -4.342 r  pll_clk.u_clk_pll/inst/clkout2_buf/O
                         net (fo=1121, routed)        2.020    -2.322    u_axi_ram/u_axi_sram_sp/sys_clk
    SLICE_X3Y65          FDCE                                         r  u_axi_ram/u_axi_sram_sp/ax_req_q_len_reg[3]/C
  -------------------------------------------------------------------    -------------------
    SLICE_X3Y65          FDCE (Prop_fdce_C_Q)         0.419    -1.903 r  u_axi_ram/u_axi_sram_sp/ax_req_q_len_reg[3]/Q
                         net (fo=57, routed)          1.129    -0.773    u_axi_ram/u_axi_sram_sp/len[3]
    SLICE_X3Y65          LUT6 (Prop_lut6_I2_O)        0.297    -0.476 r  u_axi_ram/u_axi_sram_sp/addr_o1_carry_i_16/O
                         net (fo=1, routed)           0.633     0.157    u_axi_ram/u_axi_sram_sp/p_0_out[8]
    SLICE_X1Y65          CARRY4 (Prop_carry4_DI[2]_CO[3])
                                                      0.398     0.555 r  u_axi_ram/u_axi_sram_sp/addr_o1_carry_i_10/CO[3]
                         net (fo=1, routed)           0.000     0.555    u_axi_ram/u_axi_sram_sp/addr_o1_carry_i_10_n_0
    SLICE_X1Y66          CARRY4 (Prop_carry4_CI_CO[3])
                                                      0.114     0.669 r  u_axi_ram/u_axi_sram_sp/addr_o1_carry__0_i_12/CO[3]
                         net (fo=1, routed)           0.000     0.669    u_axi_ram/u_axi_sram_sp/addr_o1_carry__0_i_12_n_0
    SLICE_X1Y67          CARRY4 (Prop_carry4_CI_CO[3])
                                                      0.114     0.783 r  u_axi_ram/u_axi_sram_sp/addr_o1_carry__0_i_10/CO[3]
                         net (fo=1, routed)           0.000     0.783    u_axi_ram/u_axi_sram_sp/addr_o1_carry__0_i_10_n_0
    SLICE_X1Y68          CARRY4 (Prop_carry4_CI_CO[3])
                                                      0.114     0.897 r  u_axi_ram/u_axi_sram_sp/addr_o1_carry__1_i_12/CO[3]
                         net (fo=1, routed)           0.000     0.897    u_axi_ram/u_axi_sram_sp/addr_o1_carry__1_i_12_n_0
    SLICE_X1Y69          CARRY4 (Prop_carry4_CI_CO[3])
                                                      0.114     1.011 r  u_axi_ram/u_axi_sram_sp/addr_o1_carry__1_i_10/CO[3]
                         net (fo=1, routed)           0.000     1.011    u_axi_ram/u_axi_sram_sp/addr_o1_carry__1_i_10_n_0
    SLICE_X1Y70          CARRY4 (Prop_carry4_CI_O[1])
                                                      0.334     1.345 r  u_axi_ram/u_axi_sram_sp/addr_o1_carry__2_i_9/O[1]
                         net (fo=3, routed)           1.031     2.376    u_axi_ram/u_axi_sram_sp/upper_wrap_boundary[27]
    SLICE_X0Y67          LUT4 (Prop_lut4_I1_O)        0.303     2.679 r  u_axi_ram/u_axi_sram_sp/addr_o1_carry__2_i_6/O
                         net (fo=1, routed)           0.000     2.679    u_axi_ram/u_axi_sram_sp/addr_o1_carry__2_i_6_n_0
    SLICE_X0Y67          CARRY4 (Prop_carry4_S[0]_CO[2])
                                                      0.536     3.215 r  u_axi_ram/u_axi_sram_sp/addr_o1_carry__2/CO[2]
                         net (fo=6, routed)           0.607     3.822    u_axi_ram/u_axi_sram_sp/addr_o1
    SLICE_X3Y69          LUT4 (Prop_lut4_I1_O)        0.313     4.135 r  u_axi_ram/u_axi_sram_sp/base_ram_addr_OBUF[19]_inst_i_9/O
                         net (fo=17, routed)          0.654     4.789    u_axi_ram/u_axi_sram_sp/base_ram_addr_OBUF[19]_inst_i_9_n_0
    SLICE_X3Y70          LUT6 (Prop_lut6_I2_O)        0.124     4.913 r  u_axi_ram/u_axi_sram_sp/base_ram_be_n_OBUF[3]_inst_i_3/O
                         net (fo=18, routed)          2.161     7.074    u_axi_ram/u_axi_sram_sp/in13[22]
    SLICE_X3Y135         LUT6 (Prop_lut6_I3_O)        0.124     7.198 r  u_axi_ram/u_axi_sram_sp/base_ram_be_n_OBUF[3]_inst_i_1/O
                         net (fo=1, routed)           1.676     8.874    base_ram_be_n_OBUF[3]
    K25                  OBUF (Prop_obuf_I_O)         3.551    12.425 r  base_ram_be_n_OBUF[3]_inst/O
                         net (fo=0)                   0.000    12.425    base_ram_be_n[3]
    K25                                                               r  base_ram_be_n[3] (OUT)
  -------------------------------------------------------------------    -------------------

                         (clock sys_clk rise edge)   20.000    20.000 r  
    K21                                               0.000    20.000 r  clk (IN)
                         net (fo=0)                   0.000    20.000    pll_clk.u_clk_pll/inst/clk_in1
    K21                  IBUF (Prop_ibuf_I_O)         1.393    21.393 r  pll_clk.u_clk_pll/inst/clkin1_ibufg/O
                         net (fo=1, routed)           1.181    22.573    pll_clk.u_clk_pll/inst/clk_in1_clk_pll
    PLLE2_ADV_X0Y3       PLLE2_ADV (Prop_plle2_adv_CLKIN1_CLKOUT1)
                                                     -8.248    14.326 r  pll_clk.u_clk_pll/inst/plle2_adv_inst/CLKOUT1
                         clock pessimism             -0.601    13.725    
                         clock uncertainty           -0.068    13.656    
                         output delay                -1.000    12.656    
  -------------------------------------------------------------------
                         required time                         12.656    
                         arrival time                         -12.425    
  -------------------------------------------------------------------
                         slack                                  0.231    





Min Delay Paths
--------------------------------------------------------------------------------------
Slack (MET) :             0.024ns  (arrival time - required time)
  Source:                 u_confreg/s_rdata_reg[22]/C
                            (rising edge-triggered cell FDRE clocked by sys_clk  {rise@0.000ns fall@10.000ns period=20.000ns})
  Destination:            u_axi_cdc/rFifo/ram_reg_0_7_18_23/RAMC/I
                            (rising edge-triggered cell RAMD32 clocked by sys_clk  {rise@0.000ns fall@10.000ns period=20.000ns})
  Path Group:             sys_clk
  Path Type:              Hold (Min at Fast Process Corner)
  Requirement:            0.000ns  (sys_clk rise@0.000ns - sys_clk rise@0.000ns)
  Data Path Delay:        0.511ns  (logic 0.209ns (40.911%)  route 0.302ns (59.089%))
  Logic Levels:           1  (LUT6=1)
  Clock Path Skew:        0.343ns (DCD - SCD - CPR)
    Destination Clock Delay (DCD):    -0.260ns
    Source Clock Delay      (SCD):    -0.566ns
    Clock Pessimism Removal (CPR):    -0.037ns

    Location             Delay type                Incr(ns)  Path(ns)    Netlist Resource(s)
  -------------------------------------------------------------------    -------------------
                         (clock sys_clk rise edge)    0.000     0.000 r  
    K21                                               0.000     0.000 r  clk (IN)
                         net (fo=0)                   0.000     0.000    pll_clk.u_clk_pll/inst/clk_in1
    K21                  IBUF (Prop_ibuf_I_O)         0.231     0.231 r  pll_clk.u_clk_pll/inst/clkin1_ibufg/O
                         net (fo=1, routed)           0.440     0.671    pll_clk.u_clk_pll/inst/clk_in1_clk_pll
    PLLE2_ADV_X0Y3       PLLE2_ADV (Prop_plle2_adv_CLKIN1_CLKOUT1)
                                                     -2.520    -1.848 r  pll_clk.u_clk_pll/inst/plle2_adv_inst/CLKOUT1
                         net (fo=1, routed)           0.560    -1.289    pll_clk.u_clk_pll/inst/sys_clk_clk_pll
    BUFGCTRL_X0Y17       BUFG (Prop_bufg_I_O)         0.026    -1.263 r  pll_clk.u_clk_pll/inst/clkout2_buf/O
                         net (fo=1121, routed)        0.696    -0.566    u_confreg/sys_clk
    SLICE_X14Y52         FDRE                                         r  u_confreg/s_rdata_reg[22]/C
  -------------------------------------------------------------------    -------------------
    SLICE_X14Y52         FDRE (Prop_fdre_C_Q)         0.164    -0.402 r  u_confreg/s_rdata_reg[22]/Q
                         net (fo=1, routed)           0.146    -0.256    u_AxiCrossbar_1x4/axiIn_readOnly_decoder/_zz_ram_port1_reg[31]_0[21]
    SLICE_X13Y50         LUT6 (Prop_lut6_I4_O)        0.045    -0.211 r  u_AxiCrossbar_1x4/axiIn_readOnly_decoder/ram_reg_0_7_18_23_i_6/O
                         net (fo=1, routed)           0.156    -0.056    u_axi_cdc/rFifo/ram_reg_0_7_18_23/DIC0
    SLICE_X14Y48         RAMD32                                       r  u_axi_cdc/rFifo/ram_reg_0_7_18_23/RAMC/I
  -------------------------------------------------------------------    -------------------

                         (clock sys_clk rise edge)    0.000     0.000 r  
    K21                                               0.000     0.000 r  clk (IN)
                         net (fo=0)                   0.000     0.000    pll_clk.u_clk_pll/inst/clk_in1
    K21                  IBUF (Prop_ibuf_I_O)         0.419     0.419 r  pll_clk.u_clk_pll/inst/clkin1_ibufg/O
                         net (fo=1, routed)           0.481     0.900    pll_clk.u_clk_pll/inst/clk_in1_clk_pll
    PLLE2_ADV_X0Y3       PLLE2_ADV (Prop_plle2_adv_CLKIN1_CLKOUT1)
                                                     -2.847    -1.947 r  pll_clk.u_clk_pll/inst/plle2_adv_inst/CLKOUT1
                         net (fo=1, routed)           0.611    -1.337    pll_clk.u_clk_pll/inst/sys_clk_clk_pll
    BUFGCTRL_X0Y17       BUFG (Prop_bufg_I_O)         0.029    -1.308 r  pll_clk.u_clk_pll/inst/clkout2_buf/O
                         net (fo=1121, routed)        1.048    -0.260    u_axi_cdc/rFifo/ram_reg_0_7_18_23/WCLK
    SLICE_X14Y48         RAMD32                                       r  u_axi_cdc/rFifo/ram_reg_0_7_18_23/RAMC/CLK
                         clock pessimism              0.037    -0.223    
    SLICE_X14Y48         RAMD32 (Hold_ramd32_CLK_I)
                                                      0.144    -0.079    u_axi_cdc/rFifo/ram_reg_0_7_18_23/RAMC
  -------------------------------------------------------------------
                         required time                          0.079    
                         arrival time                          -0.056    
  -------------------------------------------------------------------
                         slack                                  0.024    

Slack (MET) :             0.035ns  (arrival time - required time)
  Source:                 u_axi_uart_controller/uart0/regs/transmitter/fifo_tx/top_reg[0]/C
                            (rising edge-triggered cell FDRE clocked by sys_clk  {rise@0.000ns fall@10.000ns period=20.000ns})
  Destination:            u_axi_uart_controller/uart0/regs/transmitter/fifo_tx/tfifo/ram_reg_0_15_0_5/RAMA/WADR0
                            (rising edge-triggered cell RAMD32 clocked by sys_clk  {rise@0.000ns fall@10.000ns period=20.000ns})
  Path Group:             sys_clk
  Path Type:              Hold (Min at Fast Process Corner)
  Requirement:            0.000ns  (sys_clk rise@0.000ns - sys_clk rise@0.000ns)
  Data Path Delay:        0.358ns  (logic 0.141ns (39.370%)  route 0.217ns (60.630%))
  Logic Levels:           0  
  Clock Path Skew:        0.013ns (DCD - SCD - CPR)
    Destination Clock Delay (DCD):    -0.307ns
    Source Clock Delay      (SCD):    -0.538ns
    Clock Pessimism Removal (CPR):    0.218ns

    Location             Delay type                Incr(ns)  Path(ns)    Netlist Resource(s)
  -------------------------------------------------------------------    -------------------
                         (clock sys_clk rise edge)    0.000     0.000 r  
    K21                                               0.000     0.000 r  clk (IN)
                         net (fo=0)                   0.000     0.000    pll_clk.u_clk_pll/inst/clk_in1
    K21                  IBUF (Prop_ibuf_I_O)         0.231     0.231 r  pll_clk.u_clk_pll/inst/clkin1_ibufg/O
                         net (fo=1, routed)           0.440     0.671    pll_clk.u_clk_pll/inst/clk_in1_clk_pll
    PLLE2_ADV_X0Y3       PLLE2_ADV (Prop_plle2_adv_CLKIN1_CLKOUT1)
                                                     -2.520    -1.848 r  pll_clk.u_clk_pll/inst/plle2_adv_inst/CLKOUT1
                         net (fo=1, routed)           0.560    -1.289    pll_clk.u_clk_pll/inst/sys_clk_clk_pll
    BUFGCTRL_X0Y17       BUFG (Prop_bufg_I_O)         0.026    -1.263 r  pll_clk.u_clk_pll/inst/clkout2_buf/O
                         net (fo=1121, routed)        0.724    -0.538    u_axi_uart_controller/uart0/regs/transmitter/fifo_tx/sys_clk
    SLICE_X3Y59          FDRE                                         r  u_axi_uart_controller/uart0/regs/transmitter/fifo_tx/top_reg[0]/C
  -------------------------------------------------------------------    -------------------
    SLICE_X3Y59          FDRE (Prop_fdre_C_Q)         0.141    -0.397 r  u_axi_uart_controller/uart0/regs/transmitter/fifo_tx/top_reg[0]/Q
                         net (fo=20, routed)          0.217    -0.180    u_axi_uart_controller/uart0/regs/transmitter/fifo_tx/tfifo/ram_reg_0_15_0_5/ADDRD0
    SLICE_X2Y59          RAMD32                                       r  u_axi_uart_controller/uart0/regs/transmitter/fifo_tx/tfifo/ram_reg_0_15_0_5/RAMA/WADR0
  -------------------------------------------------------------------    -------------------

                         (clock sys_clk rise edge)    0.000     0.000 r  
    K21                                               0.000     0.000 r  clk (IN)
                         net (fo=0)                   0.000     0.000    pll_clk.u_clk_pll/inst/clk_in1
    K21                  IBUF (Prop_ibuf_I_O)         0.419     0.419 r  pll_clk.u_clk_pll/inst/clkin1_ibufg/O
                         net (fo=1, routed)           0.481     0.900    pll_clk.u_clk_pll/inst/clk_in1_clk_pll
    PLLE2_ADV_X0Y3       PLLE2_ADV (Prop_plle2_adv_CLKIN1_CLKOUT1)
                                                     -2.847    -1.947 r  pll_clk.u_clk_pll/inst/plle2_adv_inst/CLKOUT1
                         net (fo=1, routed)           0.611    -1.337    pll_clk.u_clk_pll/inst/sys_clk_clk_pll
    BUFGCTRL_X0Y17       BUFG (Prop_bufg_I_O)         0.029    -1.308 r  pll_clk.u_clk_pll/inst/clkout2_buf/O
                         net (fo=1121, routed)        1.001    -0.307    u_axi_uart_controller/uart0/regs/transmitter/fifo_tx/tfifo/ram_reg_0_15_0_5/WCLK
    SLICE_X2Y59          RAMD32                                       r  u_axi_uart_controller/uart0/regs/transmitter/fifo_tx/tfifo/ram_reg_0_15_0_5/RAMA/CLK
                         clock pessimism             -0.218    -0.525    
    SLICE_X2Y59          RAMD32 (Hold_ramd32_CLK_WADR0)
                                                      0.310    -0.215    u_axi_uart_controller/uart0/regs/transmitter/fifo_tx/tfifo/ram_reg_0_15_0_5/RAMA
  -------------------------------------------------------------------
                         required time                          0.215    
                         arrival time                          -0.180    
  -------------------------------------------------------------------
                         slack                                  0.035    

Slack (MET) :             0.035ns  (arrival time - required time)
  Source:                 u_axi_uart_controller/uart0/regs/transmitter/fifo_tx/top_reg[0]/C
                            (rising edge-triggered cell FDRE clocked by sys_clk  {rise@0.000ns fall@10.000ns period=20.000ns})
  Destination:            u_axi_uart_controller/uart0/regs/transmitter/fifo_tx/tfifo/ram_reg_0_15_0_5/RAMA_D1/WADR0
                            (rising edge-triggered cell RAMD32 clocked by sys_clk  {rise@0.000ns fall@10.000ns period=20.000ns})
  Path Group:             sys_clk
  Path Type:              Hold (Min at Fast Process Corner)
  Requirement:            0.000ns  (sys_clk rise@0.000ns - sys_clk rise@0.000ns)
  Data Path Delay:        0.358ns  (logic 0.141ns (39.370%)  route 0.217ns (60.630%))
  Logic Levels:           0  
  Clock Path Skew:        0.013ns (DCD - SCD - CPR)
    Destination Clock Delay (DCD):    -0.307ns
    Source Clock Delay      (SCD):    -0.538ns
    Clock Pessimism Removal (CPR):    0.218ns

    Location             Delay type                Incr(ns)  Path(ns)    Netlist Resource(s)
  -------------------------------------------------------------------    -------------------
                         (clock sys_clk rise edge)    0.000     0.000 r  
    K21                                               0.000     0.000 r  clk (IN)
                         net (fo=0)                   0.000     0.000    pll_clk.u_clk_pll/inst/clk_in1
    K21                  IBUF (Prop_ibuf_I_O)         0.231     0.231 r  pll_clk.u_clk_pll/inst/clkin1_ibufg/O
                         net (fo=1, routed)           0.440     0.671    pll_clk.u_clk_pll/inst/clk_in1_clk_pll
    PLLE2_ADV_X0Y3       PLLE2_ADV (Prop_plle2_adv_CLKIN1_CLKOUT1)
                                                     -2.520    -1.848 r  pll_clk.u_clk_pll/inst/plle2_adv_inst/CLKOUT1
                         net (fo=1, routed)           0.560    -1.289    pll_clk.u_clk_pll/inst/sys_clk_clk_pll
    BUFGCTRL_X0Y17       BUFG (Prop_bufg_I_O)         0.026    -1.263 r  pll_clk.u_clk_pll/inst/clkout2_buf/O
                         net (fo=1121, routed)        0.724    -0.538    u_axi_uart_controller/uart0/regs/transmitter/fifo_tx/sys_clk
    SLICE_X3Y59          FDRE                                         r  u_axi_uart_controller/uart0/regs/transmitter/fifo_tx/top_reg[0]/C
  -------------------------------------------------------------------    -------------------
    SLICE_X3Y59          FDRE (Prop_fdre_C_Q)         0.141    -0.397 r  u_axi_uart_controller/uart0/regs/transmitter/fifo_tx/top_reg[0]/Q
                         net (fo=20, routed)          0.217    -0.180    u_axi_uart_controller/uart0/regs/transmitter/fifo_tx/tfifo/ram_reg_0_15_0_5/ADDRD0
    SLICE_X2Y59          RAMD32                                       r  u_axi_uart_controller/uart0/regs/transmitter/fifo_tx/tfifo/ram_reg_0_15_0_5/RAMA_D1/WADR0
  -------------------------------------------------------------------    -------------------

                         (clock sys_clk rise edge)    0.000     0.000 r  
    K21                                               0.000     0.000 r  clk (IN)
                         net (fo=0)                   0.000     0.000    pll_clk.u_clk_pll/inst/clk_in1
    K21                  IBUF (Prop_ibuf_I_O)         0.419     0.419 r  pll_clk.u_clk_pll/inst/clkin1_ibufg/O
                         net (fo=1, routed)           0.481     0.900    pll_clk.u_clk_pll/inst/clk_in1_clk_pll
    PLLE2_ADV_X0Y3       PLLE2_ADV (Prop_plle2_adv_CLKIN1_CLKOUT1)
                                                     -2.847    -1.947 r  pll_clk.u_clk_pll/inst/plle2_adv_inst/CLKOUT1
                         net (fo=1, routed)           0.611    -1.337    pll_clk.u_clk_pll/inst/sys_clk_clk_pll
    BUFGCTRL_X0Y17       BUFG (Prop_bufg_I_O)         0.029    -1.308 r  pll_clk.u_clk_pll/inst/clkout2_buf/O
                         net (fo=1121, routed)        1.001    -0.307    u_axi_uart_controller/uart0/regs/transmitter/fifo_tx/tfifo/ram_reg_0_15_0_5/WCLK
    SLICE_X2Y59          RAMD32                                       r  u_axi_uart_controller/uart0/regs/transmitter/fifo_tx/tfifo/ram_reg_0_15_0_5/RAMA_D1/CLK
                         clock pessimism             -0.218    -0.525    
    SLICE_X2Y59          RAMD32 (Hold_ramd32_CLK_WADR0)
                                                      0.310    -0.215    u_axi_uart_controller/uart0/regs/transmitter/fifo_tx/tfifo/ram_reg_0_15_0_5/RAMA_D1
  -------------------------------------------------------------------
                         required time                          0.215    
                         arrival time                          -0.180    
  -------------------------------------------------------------------
                         slack                                  0.035    

Slack (MET) :             0.035ns  (arrival time - required time)
  Source:                 u_axi_uart_controller/uart0/regs/transmitter/fifo_tx/top_reg[0]/C
                            (rising edge-triggered cell FDRE clocked by sys_clk  {rise@0.000ns fall@10.000ns period=20.000ns})
  Destination:            u_axi_uart_controller/uart0/regs/transmitter/fifo_tx/tfifo/ram_reg_0_15_0_5/RAMB/WADR0
                            (rising edge-triggered cell RAMD32 clocked by sys_clk  {rise@0.000ns fall@10.000ns period=20.000ns})
  Path Group:             sys_clk
  Path Type:              Hold (Min at Fast Process Corner)
  Requirement:            0.000ns  (sys_clk rise@0.000ns - sys_clk rise@0.000ns)
  Data Path Delay:        0.358ns  (logic 0.141ns (39.370%)  route 0.217ns (60.630%))
  Logic Levels:           0  
  Clock Path Skew:        0.013ns (DCD - SCD - CPR)
    Destination Clock Delay (DCD):    -0.307ns
    Source Clock Delay      (SCD):    -0.538ns
    Clock Pessimism Removal (CPR):    0.218ns

    Location             Delay type                Incr(ns)  Path(ns)    Netlist Resource(s)
  -------------------------------------------------------------------    -------------------
                         (clock sys_clk rise edge)    0.000     0.000 r  
    K21                                               0.000     0.000 r  clk (IN)
                         net (fo=0)                   0.000     0.000    pll_clk.u_clk_pll/inst/clk_in1
    K21                  IBUF (Prop_ibuf_I_O)         0.231     0.231 r  pll_clk.u_clk_pll/inst/clkin1_ibufg/O
                         net (fo=1, routed)           0.440     0.671    pll_clk.u_clk_pll/inst/clk_in1_clk_pll
    PLLE2_ADV_X0Y3       PLLE2_ADV (Prop_plle2_adv_CLKIN1_CLKOUT1)
                                                     -2.520    -1.848 r  pll_clk.u_clk_pll/inst/plle2_adv_inst/CLKOUT1
                         net (fo=1, routed)           0.560    -1.289    pll_clk.u_clk_pll/inst/sys_clk_clk_pll
    BUFGCTRL_X0Y17       BUFG (Prop_bufg_I_O)         0.026    -1.263 r  pll_clk.u_clk_pll/inst/clkout2_buf/O
                         net (fo=1121, routed)        0.724    -0.538    u_axi_uart_controller/uart0/regs/transmitter/fifo_tx/sys_clk
    SLICE_X3Y59          FDRE                                         r  u_axi_uart_controller/uart0/regs/transmitter/fifo_tx/top_reg[0]/C
  -------------------------------------------------------------------    -------------------
    SLICE_X3Y59          FDRE (Prop_fdre_C_Q)         0.141    -0.397 r  u_axi_uart_controller/uart0/regs/transmitter/fifo_tx/top_reg[0]/Q
                         net (fo=20, routed)          0.217    -0.180    u_axi_uart_controller/uart0/regs/transmitter/fifo_tx/tfifo/ram_reg_0_15_0_5/ADDRD0
    SLICE_X2Y59          RAMD32                                       r  u_axi_uart_controller/uart0/regs/transmitter/fifo_tx/tfifo/ram_reg_0_15_0_5/RAMB/WADR0
  -------------------------------------------------------------------    -------------------

                         (clock sys_clk rise edge)    0.000     0.000 r  
    K21                                               0.000     0.000 r  clk (IN)
                         net (fo=0)                   0.000     0.000    pll_clk.u_clk_pll/inst/clk_in1
    K21                  IBUF (Prop_ibuf_I_O)         0.419     0.419 r  pll_clk.u_clk_pll/inst/clkin1_ibufg/O
                         net (fo=1, routed)           0.481     0.900    pll_clk.u_clk_pll/inst/clk_in1_clk_pll
    PLLE2_ADV_X0Y3       PLLE2_ADV (Prop_plle2_adv_CLKIN1_CLKOUT1)
                                                     -2.847    -1.947 r  pll_clk.u_clk_pll/inst/plle2_adv_inst/CLKOUT1
                         net (fo=1, routed)           0.611    -1.337    pll_clk.u_clk_pll/inst/sys_clk_clk_pll
    BUFGCTRL_X0Y17       BUFG (Prop_bufg_I_O)         0.029    -1.308 r  pll_clk.u_clk_pll/inst/clkout2_buf/O
                         net (fo=1121, routed)        1.001    -0.307    u_axi_uart_controller/uart0/regs/transmitter/fifo_tx/tfifo/ram_reg_0_15_0_5/WCLK
    SLICE_X2Y59          RAMD32                                       r  u_axi_uart_controller/uart0/regs/transmitter/fifo_tx/tfifo/ram_reg_0_15_0_5/RAMB/CLK
                         clock pessimism             -0.218    -0.525    
    SLICE_X2Y59          RAMD32 (Hold_ramd32_CLK_WADR0)
                                                      0.310    -0.215    u_axi_uart_controller/uart0/regs/transmitter/fifo_tx/tfifo/ram_reg_0_15_0_5/RAMB
  -------------------------------------------------------------------
                         required time                          0.215    
                         arrival time                          -0.180    
  -------------------------------------------------------------------
                         slack                                  0.035    

Slack (MET) :             0.035ns  (arrival time - required time)
  Source:                 u_axi_uart_controller/uart0/regs/transmitter/fifo_tx/top_reg[0]/C
                            (rising edge-triggered cell FDRE clocked by sys_clk  {rise@0.000ns fall@10.000ns period=20.000ns})
  Destination:            u_axi_uart_controller/uart0/regs/transmitter/fifo_tx/tfifo/ram_reg_0_15_0_5/RAMB_D1/WADR0
                            (rising edge-triggered cell RAMD32 clocked by sys_clk  {rise@0.000ns fall@10.000ns period=20.000ns})
  Path Group:             sys_clk
  Path Type:              Hold (Min at Fast Process Corner)
  Requirement:            0.000ns  (sys_clk rise@0.000ns - sys_clk rise@0.000ns)
  Data Path Delay:        0.358ns  (logic 0.141ns (39.370%)  route 0.217ns (60.630%))
  Logic Levels:           0  
  Clock Path Skew:        0.013ns (DCD - SCD - CPR)
    Destination Clock Delay (DCD):    -0.307ns
    Source Clock Delay      (SCD):    -0.538ns
    Clock Pessimism Removal (CPR):    0.218ns

    Location             Delay type                Incr(ns)  Path(ns)    Netlist Resource(s)
  -------------------------------------------------------------------    -------------------
                         (clock sys_clk rise edge)    0.000     0.000 r  
    K21                                               0.000     0.000 r  clk (IN)
                         net (fo=0)                   0.000     0.000    pll_clk.u_clk_pll/inst/clk_in1
    K21                  IBUF (Prop_ibuf_I_O)         0.231     0.231 r  pll_clk.u_clk_pll/inst/clkin1_ibufg/O
                         net (fo=1, routed)           0.440     0.671    pll_clk.u_clk_pll/inst/clk_in1_clk_pll
    PLLE2_ADV_X0Y3       PLLE2_ADV (Prop_plle2_adv_CLKIN1_CLKOUT1)
                                                     -2.520    -1.848 r  pll_clk.u_clk_pll/inst/plle2_adv_inst/CLKOUT1
                         net (fo=1, routed)           0.560    -1.289    pll_clk.u_clk_pll/inst/sys_clk_clk_pll
    BUFGCTRL_X0Y17       BUFG (Prop_bufg_I_O)         0.026    -1.263 r  pll_clk.u_clk_pll/inst/clkout2_buf/O
                         net (fo=1121, routed)        0.724    -0.538    u_axi_uart_controller/uart0/regs/transmitter/fifo_tx/sys_clk
    SLICE_X3Y59          FDRE                                         r  u_axi_uart_controller/uart0/regs/transmitter/fifo_tx/top_reg[0]/C
  -------------------------------------------------------------------    -------------------
    SLICE_X3Y59          FDRE (Prop_fdre_C_Q)         0.141    -0.397 r  u_axi_uart_controller/uart0/regs/transmitter/fifo_tx/top_reg[0]/Q
                         net (fo=20, routed)          0.217    -0.180    u_axi_uart_controller/uart0/regs/transmitter/fifo_tx/tfifo/ram_reg_0_15_0_5/ADDRD0
    SLICE_X2Y59          RAMD32                                       r  u_axi_uart_controller/uart0/regs/transmitter/fifo_tx/tfifo/ram_reg_0_15_0_5/RAMB_D1/WADR0
  -------------------------------------------------------------------    -------------------

                         (clock sys_clk rise edge)    0.000     0.000 r  
    K21                                               0.000     0.000 r  clk (IN)
                         net (fo=0)                   0.000     0.000    pll_clk.u_clk_pll/inst/clk_in1
    K21                  IBUF (Prop_ibuf_I_O)         0.419     0.419 r  pll_clk.u_clk_pll/inst/clkin1_ibufg/O
                         net (fo=1, routed)           0.481     0.900    pll_clk.u_clk_pll/inst/clk_in1_clk_pll
    PLLE2_ADV_X0Y3       PLLE2_ADV (Prop_plle2_adv_CLKIN1_CLKOUT1)
                                                     -2.847    -1.947 r  pll_clk.u_clk_pll/inst/plle2_adv_inst/CLKOUT1
                         net (fo=1, routed)           0.611    -1.337    pll_clk.u_clk_pll/inst/sys_clk_clk_pll
    BUFGCTRL_X0Y17       BUFG (Prop_bufg_I_O)         0.029    -1.308 r  pll_clk.u_clk_pll/inst/clkout2_buf/O
                         net (fo=1121, routed)        1.001    -0.307    u_axi_uart_controller/uart0/regs/transmitter/fifo_tx/tfifo/ram_reg_0_15_0_5/WCLK
    SLICE_X2Y59          RAMD32                                       r  u_axi_uart_controller/uart0/regs/transmitter/fifo_tx/tfifo/ram_reg_0_15_0_5/RAMB_D1/CLK
                         clock pessimism             -0.218    -0.525    
    SLICE_X2Y59          RAMD32 (Hold_ramd32_CLK_WADR0)
                                                      0.310    -0.215    u_axi_uart_controller/uart0/regs/transmitter/fifo_tx/tfifo/ram_reg_0_15_0_5/RAMB_D1
  -------------------------------------------------------------------
                         required time                          0.215    
                         arrival time                          -0.180    
  -------------------------------------------------------------------
                         slack                                  0.035    

Slack (MET) :             0.035ns  (arrival time - required time)
  Source:                 u_axi_uart_controller/uart0/regs/transmitter/fifo_tx/top_reg[0]/C
                            (rising edge-triggered cell FDRE clocked by sys_clk  {rise@0.000ns fall@10.000ns period=20.000ns})
  Destination:            u_axi_uart_controller/uart0/regs/transmitter/fifo_tx/tfifo/ram_reg_0_15_0_5/RAMC/WADR0
                            (rising edge-triggered cell RAMD32 clocked by sys_clk  {rise@0.000ns fall@10.000ns period=20.000ns})
  Path Group:             sys_clk
  Path Type:              Hold (Min at Fast Process Corner)
  Requirement:            0.000ns  (sys_clk rise@0.000ns - sys_clk rise@0.000ns)
  Data Path Delay:        0.358ns  (logic 0.141ns (39.370%)  route 0.217ns (60.630%))
  Logic Levels:           0  
  Clock Path Skew:        0.013ns (DCD - SCD - CPR)
    Destination Clock Delay (DCD):    -0.307ns
    Source Clock Delay      (SCD):    -0.538ns
    Clock Pessimism Removal (CPR):    0.218ns

    Location             Delay type                Incr(ns)  Path(ns)    Netlist Resource(s)
  -------------------------------------------------------------------    -------------------
                         (clock sys_clk rise edge)    0.000     0.000 r  
    K21                                               0.000     0.000 r  clk (IN)
                         net (fo=0)                   0.000     0.000    pll_clk.u_clk_pll/inst/clk_in1
    K21                  IBUF (Prop_ibuf_I_O)         0.231     0.231 r  pll_clk.u_clk_pll/inst/clkin1_ibufg/O
                         net (fo=1, routed)           0.440     0.671    pll_clk.u_clk_pll/inst/clk_in1_clk_pll
    PLLE2_ADV_X0Y3       PLLE2_ADV (Prop_plle2_adv_CLKIN1_CLKOUT1)
                                                     -2.520    -1.848 r  pll_clk.u_clk_pll/inst/plle2_adv_inst/CLKOUT1
                         net (fo=1, routed)           0.560    -1.289    pll_clk.u_clk_pll/inst/sys_clk_clk_pll
    BUFGCTRL_X0Y17       BUFG (Prop_bufg_I_O)         0.026    -1.263 r  pll_clk.u_clk_pll/inst/clkout2_buf/O
                         net (fo=1121, routed)        0.724    -0.538    u_axi_uart_controller/uart0/regs/transmitter/fifo_tx/sys_clk
    SLICE_X3Y59          FDRE                                         r  u_axi_uart_controller/uart0/regs/transmitter/fifo_tx/top_reg[0]/C
  -------------------------------------------------------------------    -------------------
    SLICE_X3Y59          FDRE (Prop_fdre_C_Q)         0.141    -0.397 r  u_axi_uart_controller/uart0/regs/transmitter/fifo_tx/top_reg[0]/Q
                         net (fo=20, routed)          0.217    -0.180    u_axi_uart_controller/uart0/regs/transmitter/fifo_tx/tfifo/ram_reg_0_15_0_5/ADDRD0
    SLICE_X2Y59          RAMD32                                       r  u_axi_uart_controller/uart0/regs/transmitter/fifo_tx/tfifo/ram_reg_0_15_0_5/RAMC/WADR0
  -------------------------------------------------------------------    -------------------

                         (clock sys_clk rise edge)    0.000     0.000 r  
    K21                                               0.000     0.000 r  clk (IN)
                         net (fo=0)                   0.000     0.000    pll_clk.u_clk_pll/inst/clk_in1
    K21                  IBUF (Prop_ibuf_I_O)         0.419     0.419 r  pll_clk.u_clk_pll/inst/clkin1_ibufg/O
                         net (fo=1, routed)           0.481     0.900    pll_clk.u_clk_pll/inst/clk_in1_clk_pll
    PLLE2_ADV_X0Y3       PLLE2_ADV (Prop_plle2_adv_CLKIN1_CLKOUT1)
                                                     -2.847    -1.947 r  pll_clk.u_clk_pll/inst/plle2_adv_inst/CLKOUT1
                         net (fo=1, routed)           0.611    -1.337    pll_clk.u_clk_pll/inst/sys_clk_clk_pll
    BUFGCTRL_X0Y17       BUFG (Prop_bufg_I_O)         0.029    -1.308 r  pll_clk.u_clk_pll/inst/clkout2_buf/O
                         net (fo=1121, routed)        1.001    -0.307    u_axi_uart_controller/uart0/regs/transmitter/fifo_tx/tfifo/ram_reg_0_15_0_5/WCLK
    SLICE_X2Y59          RAMD32                                       r  u_axi_uart_controller/uart0/regs/transmitter/fifo_tx/tfifo/ram_reg_0_15_0_5/RAMC/CLK
                         clock pessimism             -0.218    -0.525    
    SLICE_X2Y59          RAMD32 (Hold_ramd32_CLK_WADR0)
                                                      0.310    -0.215    u_axi_uart_controller/uart0/regs/transmitter/fifo_tx/tfifo/ram_reg_0_15_0_5/RAMC
  -------------------------------------------------------------------
                         required time                          0.215    
                         arrival time                          -0.180    
  -------------------------------------------------------------------
                         slack                                  0.035    

Slack (MET) :             0.035ns  (arrival time - required time)
  Source:                 u_axi_uart_controller/uart0/regs/transmitter/fifo_tx/top_reg[0]/C
                            (rising edge-triggered cell FDRE clocked by sys_clk  {rise@0.000ns fall@10.000ns period=20.000ns})
  Destination:            u_axi_uart_controller/uart0/regs/transmitter/fifo_tx/tfifo/ram_reg_0_15_0_5/RAMC_D1/WADR0
                            (rising edge-triggered cell RAMD32 clocked by sys_clk  {rise@0.000ns fall@10.000ns period=20.000ns})
  Path Group:             sys_clk
  Path Type:              Hold (Min at Fast Process Corner)
  Requirement:            0.000ns  (sys_clk rise@0.000ns - sys_clk rise@0.000ns)
  Data Path Delay:        0.358ns  (logic 0.141ns (39.370%)  route 0.217ns (60.630%))
  Logic Levels:           0  
  Clock Path Skew:        0.013ns (DCD - SCD - CPR)
    Destination Clock Delay (DCD):    -0.307ns
    Source Clock Delay      (SCD):    -0.538ns
    Clock Pessimism Removal (CPR):    0.218ns

    Location             Delay type                Incr(ns)  Path(ns)    Netlist Resource(s)
  -------------------------------------------------------------------    -------------------
                         (clock sys_clk rise edge)    0.000     0.000 r  
    K21                                               0.000     0.000 r  clk (IN)
                         net (fo=0)                   0.000     0.000    pll_clk.u_clk_pll/inst/clk_in1
    K21                  IBUF (Prop_ibuf_I_O)         0.231     0.231 r  pll_clk.u_clk_pll/inst/clkin1_ibufg/O
                         net (fo=1, routed)           0.440     0.671    pll_clk.u_clk_pll/inst/clk_in1_clk_pll
    PLLE2_ADV_X0Y3       PLLE2_ADV (Prop_plle2_adv_CLKIN1_CLKOUT1)
                                                     -2.520    -1.848 r  pll_clk.u_clk_pll/inst/plle2_adv_inst/CLKOUT1
                         net (fo=1, routed)           0.560    -1.289    pll_clk.u_clk_pll/inst/sys_clk_clk_pll
    BUFGCTRL_X0Y17       BUFG (Prop_bufg_I_O)         0.026    -1.263 r  pll_clk.u_clk_pll/inst/clkout2_buf/O
                         net (fo=1121, routed)        0.724    -0.538    u_axi_uart_controller/uart0/regs/transmitter/fifo_tx/sys_clk
    SLICE_X3Y59          FDRE                                         r  u_axi_uart_controller/uart0/regs/transmitter/fifo_tx/top_reg[0]/C
  -------------------------------------------------------------------    -------------------
    SLICE_X3Y59          FDRE (Prop_fdre_C_Q)         0.141    -0.397 r  u_axi_uart_controller/uart0/regs/transmitter/fifo_tx/top_reg[0]/Q
                         net (fo=20, routed)          0.217    -0.180    u_axi_uart_controller/uart0/regs/transmitter/fifo_tx/tfifo/ram_reg_0_15_0_5/ADDRD0
    SLICE_X2Y59          RAMD32                                       r  u_axi_uart_controller/uart0/regs/transmitter/fifo_tx/tfifo/ram_reg_0_15_0_5/RAMC_D1/WADR0
  -------------------------------------------------------------------    -------------------

                         (clock sys_clk rise edge)    0.000     0.000 r  
    K21                                               0.000     0.000 r  clk (IN)
                         net (fo=0)                   0.000     0.000    pll_clk.u_clk_pll/inst/clk_in1
    K21                  IBUF (Prop_ibuf_I_O)         0.419     0.419 r  pll_clk.u_clk_pll/inst/clkin1_ibufg/O
                         net (fo=1, routed)           0.481     0.900    pll_clk.u_clk_pll/inst/clk_in1_clk_pll
    PLLE2_ADV_X0Y3       PLLE2_ADV (Prop_plle2_adv_CLKIN1_CLKOUT1)
                                                     -2.847    -1.947 r  pll_clk.u_clk_pll/inst/plle2_adv_inst/CLKOUT1
                         net (fo=1, routed)           0.611    -1.337    pll_clk.u_clk_pll/inst/sys_clk_clk_pll
    BUFGCTRL_X0Y17       BUFG (Prop_bufg_I_O)         0.029    -1.308 r  pll_clk.u_clk_pll/inst/clkout2_buf/O
                         net (fo=1121, routed)        1.001    -0.307    u_axi_uart_controller/uart0/regs/transmitter/fifo_tx/tfifo/ram_reg_0_15_0_5/WCLK
    SLICE_X2Y59          RAMD32                                       r  u_axi_uart_controller/uart0/regs/transmitter/fifo_tx/tfifo/ram_reg_0_15_0_5/RAMC_D1/CLK
                         clock pessimism             -0.218    -0.525    
    SLICE_X2Y59          RAMD32 (Hold_ramd32_CLK_WADR0)
                                                      0.310    -0.215    u_axi_uart_controller/uart0/regs/transmitter/fifo_tx/tfifo/ram_reg_0_15_0_5/RAMC_D1
  -------------------------------------------------------------------
                         required time                          0.215    
                         arrival time                          -0.180    
  -------------------------------------------------------------------
                         slack                                  0.035    

Slack (MET) :             0.035ns  (arrival time - required time)
  Source:                 u_axi_uart_controller/uart0/regs/transmitter/fifo_tx/top_reg[0]/C
                            (rising edge-triggered cell FDRE clocked by sys_clk  {rise@0.000ns fall@10.000ns period=20.000ns})
  Destination:            u_axi_uart_controller/uart0/regs/transmitter/fifo_tx/tfifo/ram_reg_0_15_0_5/RAMD/ADR0
                            (rising edge-triggered cell RAMS32 clocked by sys_clk  {rise@0.000ns fall@10.000ns period=20.000ns})
  Path Group:             sys_clk
  Path Type:              Hold (Min at Fast Process Corner)
  Requirement:            0.000ns  (sys_clk rise@0.000ns - sys_clk rise@0.000ns)
  Data Path Delay:        0.358ns  (logic 0.141ns (39.370%)  route 0.217ns (60.630%))
  Logic Levels:           0  
  Clock Path Skew:        0.013ns (DCD - SCD - CPR)
    Destination Clock Delay (DCD):    -0.307ns
    Source Clock Delay      (SCD):    -0.538ns
    Clock Pessimism Removal (CPR):    0.218ns

    Location             Delay type                Incr(ns)  Path(ns)    Netlist Resource(s)
  -------------------------------------------------------------------    -------------------
                         (clock sys_clk rise edge)    0.000     0.000 r  
    K21                                               0.000     0.000 r  clk (IN)
                         net (fo=0)                   0.000     0.000    pll_clk.u_clk_pll/inst/clk_in1
    K21                  IBUF (Prop_ibuf_I_O)         0.231     0.231 r  pll_clk.u_clk_pll/inst/clkin1_ibufg/O
                         net (fo=1, routed)           0.440     0.671    pll_clk.u_clk_pll/inst/clk_in1_clk_pll
    PLLE2_ADV_X0Y3       PLLE2_ADV (Prop_plle2_adv_CLKIN1_CLKOUT1)
                                                     -2.520    -1.848 r  pll_clk.u_clk_pll/inst/plle2_adv_inst/CLKOUT1
                         net (fo=1, routed)           0.560    -1.289    pll_clk.u_clk_pll/inst/sys_clk_clk_pll
    BUFGCTRL_X0Y17       BUFG (Prop_bufg_I_O)         0.026    -1.263 r  pll_clk.u_clk_pll/inst/clkout2_buf/O
                         net (fo=1121, routed)        0.724    -0.538    u_axi_uart_controller/uart0/regs/transmitter/fifo_tx/sys_clk
    SLICE_X3Y59          FDRE                                         r  u_axi_uart_controller/uart0/regs/transmitter/fifo_tx/top_reg[0]/C
  -------------------------------------------------------------------    -------------------
    SLICE_X3Y59          FDRE (Prop_fdre_C_Q)         0.141    -0.397 r  u_axi_uart_controller/uart0/regs/transmitter/fifo_tx/top_reg[0]/Q
                         net (fo=20, routed)          0.217    -0.180    u_axi_uart_controller/uart0/regs/transmitter/fifo_tx/tfifo/ram_reg_0_15_0_5/ADDRD0
    SLICE_X2Y59          RAMS32                                       r  u_axi_uart_controller/uart0/regs/transmitter/fifo_tx/tfifo/ram_reg_0_15_0_5/RAMD/ADR0
  -------------------------------------------------------------------    -------------------

                         (clock sys_clk rise edge)    0.000     0.000 r  
    K21                                               0.000     0.000 r  clk (IN)
                         net (fo=0)                   0.000     0.000    pll_clk.u_clk_pll/inst/clk_in1
    K21                  IBUF (Prop_ibuf_I_O)         0.419     0.419 r  pll_clk.u_clk_pll/inst/clkin1_ibufg/O
                         net (fo=1, routed)           0.481     0.900    pll_clk.u_clk_pll/inst/clk_in1_clk_pll
    PLLE2_ADV_X0Y3       PLLE2_ADV (Prop_plle2_adv_CLKIN1_CLKOUT1)
                                                     -2.847    -1.947 r  pll_clk.u_clk_pll/inst/plle2_adv_inst/CLKOUT1
                         net (fo=1, routed)           0.611    -1.337    pll_clk.u_clk_pll/inst/sys_clk_clk_pll
    BUFGCTRL_X0Y17       BUFG (Prop_bufg_I_O)         0.029    -1.308 r  pll_clk.u_clk_pll/inst/clkout2_buf/O
                         net (fo=1121, routed)        1.001    -0.307    u_axi_uart_controller/uart0/regs/transmitter/fifo_tx/tfifo/ram_reg_0_15_0_5/WCLK
    SLICE_X2Y59          RAMS32                                       r  u_axi_uart_controller/uart0/regs/transmitter/fifo_tx/tfifo/ram_reg_0_15_0_5/RAMD/CLK
                         clock pessimism             -0.218    -0.525    
    SLICE_X2Y59          RAMS32 (Hold_rams32_CLK_ADR0)
                                                      0.310    -0.215    u_axi_uart_controller/uart0/regs/transmitter/fifo_tx/tfifo/ram_reg_0_15_0_5/RAMD
  -------------------------------------------------------------------
                         required time                          0.215    
                         arrival time                          -0.180    
  -------------------------------------------------------------------
                         slack                                  0.035    

Slack (MET) :             0.035ns  (arrival time - required time)
  Source:                 u_axi_uart_controller/uart0/regs/transmitter/fifo_tx/top_reg[0]/C
                            (rising edge-triggered cell FDRE clocked by sys_clk  {rise@0.000ns fall@10.000ns period=20.000ns})
  Destination:            u_axi_uart_controller/uart0/regs/transmitter/fifo_tx/tfifo/ram_reg_0_15_0_5/RAMD_D1/ADR0
                            (rising edge-triggered cell RAMS32 clocked by sys_clk  {rise@0.000ns fall@10.000ns period=20.000ns})
  Path Group:             sys_clk
  Path Type:              Hold (Min at Fast Process Corner)
  Requirement:            0.000ns  (sys_clk rise@0.000ns - sys_clk rise@0.000ns)
  Data Path Delay:        0.358ns  (logic 0.141ns (39.370%)  route 0.217ns (60.630%))
  Logic Levels:           0  
  Clock Path Skew:        0.013ns (DCD - SCD - CPR)
    Destination Clock Delay (DCD):    -0.307ns
    Source Clock Delay      (SCD):    -0.538ns
    Clock Pessimism Removal (CPR):    0.218ns

    Location             Delay type                Incr(ns)  Path(ns)    Netlist Resource(s)
  -------------------------------------------------------------------    -------------------
                         (clock sys_clk rise edge)    0.000     0.000 r  
    K21                                               0.000     0.000 r  clk (IN)
                         net (fo=0)                   0.000     0.000    pll_clk.u_clk_pll/inst/clk_in1
    K21                  IBUF (Prop_ibuf_I_O)         0.231     0.231 r  pll_clk.u_clk_pll/inst/clkin1_ibufg/O
                         net (fo=1, routed)           0.440     0.671    pll_clk.u_clk_pll/inst/clk_in1_clk_pll
    PLLE2_ADV_X0Y3       PLLE2_ADV (Prop_plle2_adv_CLKIN1_CLKOUT1)
                                                     -2.520    -1.848 r  pll_clk.u_clk_pll/inst/plle2_adv_inst/CLKOUT1
                         net (fo=1, routed)           0.560    -1.289    pll_clk.u_clk_pll/inst/sys_clk_clk_pll
    BUFGCTRL_X0Y17       BUFG (Prop_bufg_I_O)         0.026    -1.263 r  pll_clk.u_clk_pll/inst/clkout2_buf/O
                         net (fo=1121, routed)        0.724    -0.538    u_axi_uart_controller/uart0/regs/transmitter/fifo_tx/sys_clk
    SLICE_X3Y59          FDRE                                         r  u_axi_uart_controller/uart0/regs/transmitter/fifo_tx/top_reg[0]/C
  -------------------------------------------------------------------    -------------------
    SLICE_X3Y59          FDRE (Prop_fdre_C_Q)         0.141    -0.397 r  u_axi_uart_controller/uart0/regs/transmitter/fifo_tx/top_reg[0]/Q
                         net (fo=20, routed)          0.217    -0.180    u_axi_uart_controller/uart0/regs/transmitter/fifo_tx/tfifo/ram_reg_0_15_0_5/ADDRD0
    SLICE_X2Y59          RAMS32                                       r  u_axi_uart_controller/uart0/regs/transmitter/fifo_tx/tfifo/ram_reg_0_15_0_5/RAMD_D1/ADR0
  -------------------------------------------------------------------    -------------------

                         (clock sys_clk rise edge)    0.000     0.000 r  
    K21                                               0.000     0.000 r  clk (IN)
                         net (fo=0)                   0.000     0.000    pll_clk.u_clk_pll/inst/clk_in1
    K21                  IBUF (Prop_ibuf_I_O)         0.419     0.419 r  pll_clk.u_clk_pll/inst/clkin1_ibufg/O
                         net (fo=1, routed)           0.481     0.900    pll_clk.u_clk_pll/inst/clk_in1_clk_pll
    PLLE2_ADV_X0Y3       PLLE2_ADV (Prop_plle2_adv_CLKIN1_CLKOUT1)
                                                     -2.847    -1.947 r  pll_clk.u_clk_pll/inst/plle2_adv_inst/CLKOUT1
                         net (fo=1, routed)           0.611    -1.337    pll_clk.u_clk_pll/inst/sys_clk_clk_pll
    BUFGCTRL_X0Y17       BUFG (Prop_bufg_I_O)         0.029    -1.308 r  pll_clk.u_clk_pll/inst/clkout2_buf/O
                         net (fo=1121, routed)        1.001    -0.307    u_axi_uart_controller/uart0/regs/transmitter/fifo_tx/tfifo/ram_reg_0_15_0_5/WCLK
    SLICE_X2Y59          RAMS32                                       r  u_axi_uart_controller/uart0/regs/transmitter/fifo_tx/tfifo/ram_reg_0_15_0_5/RAMD_D1/CLK
                         clock pessimism             -0.218    -0.525    
    SLICE_X2Y59          RAMS32 (Hold_rams32_CLK_ADR0)
                                                      0.310    -0.215    u_axi_uart_controller/uart0/regs/transmitter/fifo_tx/tfifo/ram_reg_0_15_0_5/RAMD_D1
  -------------------------------------------------------------------
                         required time                          0.215    
                         arrival time                          -0.180    
  -------------------------------------------------------------------
                         slack                                  0.035    

Slack (MET) :             0.085ns  (arrival time - required time)
  Source:                 u_axi_uart_controller/uart0/regs/transmitter/fifo_tx/top_reg[1]/C
                            (rising edge-triggered cell FDRE clocked by sys_clk  {rise@0.000ns fall@10.000ns period=20.000ns})
  Destination:            u_axi_uart_controller/uart0/regs/transmitter/fifo_tx/tfifo/ram_reg_0_15_0_5/RAMA/WADR1
                            (rising edge-triggered cell RAMD32 clocked by sys_clk  {rise@0.000ns fall@10.000ns period=20.000ns})
  Path Group:             sys_clk
  Path Type:              Hold (Min at Fast Process Corner)
  Requirement:            0.000ns  (sys_clk rise@0.000ns - sys_clk rise@0.000ns)
  Data Path Delay:        0.353ns  (logic 0.128ns (36.271%)  route 0.225ns (63.729%))
  Logic Levels:           0  
  Clock Path Skew:        0.013ns (DCD - SCD - CPR)
    Destination Clock Delay (DCD):    -0.307ns
    Source Clock Delay      (SCD):    -0.538ns
    Clock Pessimism Removal (CPR):    0.218ns

    Location             Delay type                Incr(ns)  Path(ns)    Netlist Resource(s)
  -------------------------------------------------------------------    -------------------
                         (clock sys_clk rise edge)    0.000     0.000 r  
    K21                                               0.000     0.000 r  clk (IN)
                         net (fo=0)                   0.000     0.000    pll_clk.u_clk_pll/inst/clk_in1
    K21                  IBUF (Prop_ibuf_I_O)         0.231     0.231 r  pll_clk.u_clk_pll/inst/clkin1_ibufg/O
                         net (fo=1, routed)           0.440     0.671    pll_clk.u_clk_pll/inst/clk_in1_clk_pll
    PLLE2_ADV_X0Y3       PLLE2_ADV (Prop_plle2_adv_CLKIN1_CLKOUT1)
                                                     -2.520    -1.848 r  pll_clk.u_clk_pll/inst/plle2_adv_inst/CLKOUT1
                         net (fo=1, routed)           0.560    -1.289    pll_clk.u_clk_pll/inst/sys_clk_clk_pll
    BUFGCTRL_X0Y17       BUFG (Prop_bufg_I_O)         0.026    -1.263 r  pll_clk.u_clk_pll/inst/clkout2_buf/O
                         net (fo=1121, routed)        0.724    -0.538    u_axi_uart_controller/uart0/regs/transmitter/fifo_tx/sys_clk
    SLICE_X3Y59          FDRE                                         r  u_axi_uart_controller/uart0/regs/transmitter/fifo_tx/top_reg[1]/C
  -------------------------------------------------------------------    -------------------
    SLICE_X3Y59          FDRE (Prop_fdre_C_Q)         0.128    -0.410 r  u_axi_uart_controller/uart0/regs/transmitter/fifo_tx/top_reg[1]/Q
                         net (fo=19, routed)          0.225    -0.185    u_axi_uart_controller/uart0/regs/transmitter/fifo_tx/tfifo/ram_reg_0_15_0_5/ADDRD1
    SLICE_X2Y59          RAMD32                                       r  u_axi_uart_controller/uart0/regs/transmitter/fifo_tx/tfifo/ram_reg_0_15_0_5/RAMA/WADR1
  -------------------------------------------------------------------    -------------------

                         (clock sys_clk rise edge)    0.000     0.000 r  
    K21                                               0.000     0.000 r  clk (IN)
                         net (fo=0)                   0.000     0.000    pll_clk.u_clk_pll/inst/clk_in1
    K21                  IBUF (Prop_ibuf_I_O)         0.419     0.419 r  pll_clk.u_clk_pll/inst/clkin1_ibufg/O
                         net (fo=1, routed)           0.481     0.900    pll_clk.u_clk_pll/inst/clk_in1_clk_pll
    PLLE2_ADV_X0Y3       PLLE2_ADV (Prop_plle2_adv_CLKIN1_CLKOUT1)
                                                     -2.847    -1.947 r  pll_clk.u_clk_pll/inst/plle2_adv_inst/CLKOUT1
                         net (fo=1, routed)           0.611    -1.337    pll_clk.u_clk_pll/inst/sys_clk_clk_pll
    BUFGCTRL_X0Y17       BUFG (Prop_bufg_I_O)         0.029    -1.308 r  pll_clk.u_clk_pll/inst/clkout2_buf/O
                         net (fo=1121, routed)        1.001    -0.307    u_axi_uart_controller/uart0/regs/transmitter/fifo_tx/tfifo/ram_reg_0_15_0_5/WCLK
    SLICE_X2Y59          RAMD32                                       r  u_axi_uart_controller/uart0/regs/transmitter/fifo_tx/tfifo/ram_reg_0_15_0_5/RAMA/CLK
                         clock pessimism             -0.218    -0.525    
    SLICE_X2Y59          RAMD32 (Hold_ramd32_CLK_WADR1)
                                                      0.255    -0.270    u_axi_uart_controller/uart0/regs/transmitter/fifo_tx/tfifo/ram_reg_0_15_0_5/RAMA
  -------------------------------------------------------------------
                         required time                          0.270    
                         arrival time                          -0.185    
  -------------------------------------------------------------------
                         slack                                  0.085    





Pulse Width Checks
--------------------------------------------------------------------------------------
Clock Name:         sys_clk
Waveform(ns):       { 0.000 10.000 }
Period(ns):         20.000
Sources:            { pll_clk.u_clk_pll/inst/plle2_adv_inst/CLKOUT1 }

Check Type        Corner  Lib Pin            Reference Pin  Required(ns)  Actual(ns)  Slack(ns)  Location        Pin
Min Period        n/a     BUFG/I             n/a            2.155         20.000      17.845     BUFGCTRL_X0Y17  pll_clk.u_clk_pll/inst/clkout2_buf/I
Min Period        n/a     PLLE2_ADV/CLKOUT1  n/a            1.249         20.000      18.751     PLLE2_ADV_X0Y3  pll_clk.u_clk_pll/inst/plle2_adv_inst/CLKOUT1
Min Period        n/a     FDRE/C             n/a            1.000         20.000      19.000     SLICE_X7Y59     u_axi_uart_controller/uart0/regs/repeat_reg_reg[0]/C
Min Period        n/a     FDRE/C             n/a            1.000         20.000      19.000     SLICE_X13Y58    u_axi_uart_controller/uart0/regs/repeat_reg_reg[1]/C
Min Period        n/a     FDSE/C             n/a            1.000         20.000      19.000     SLICE_X14Y59    u_axi_uart_controller/uart0/regs/repeat_reg_reg[2]/C
Min Period        n/a     FDRE/C             n/a            1.000         20.000      19.000     SLICE_X19Y62    u_axi_uart_controller/uart0/regs/rf_pop_reg/C
Min Period        n/a     FDRE/C             n/a            1.000         20.000      19.000     SLICE_X16Y60    u_axi_uart_controller/uart0/regs/rls_int_d_reg/C
Min Period        n/a     FDRE/C             n/a            1.000         20.000      19.000     SLICE_X17Y60    u_axi_uart_controller/uart0/regs/rls_int_pnd_reg/C
Min Period        n/a     FDRE/C             n/a            1.000         20.000      19.000     SLICE_X9Y59     u_axi_uart_controller/uart0/regs/rx_pol_reg/C
Min Period        n/a     FDRE/C             n/a            1.000         20.000      19.000     SLICE_X17Y58    u_axi_uart_controller/uart0/regs/rx_reset_reg/C
Max Period        n/a     PLLE2_ADV/CLKOUT1  n/a            160.000       20.000      140.000    PLLE2_ADV_X0Y3  pll_clk.u_clk_pll/inst/plle2_adv_inst/CLKOUT1
Low Pulse Width   Slow    RAMD32/CLK         n/a            1.250         10.000      8.750      SLICE_X2Y59     u_axi_uart_controller/uart0/regs/transmitter/fifo_tx/tfifo/ram_reg_0_15_0_5/RAMA/CLK
Low Pulse Width   Slow    RAMD32/CLK         n/a            1.250         10.000      8.750      SLICE_X2Y59     u_axi_uart_controller/uart0/regs/transmitter/fifo_tx/tfifo/ram_reg_0_15_0_5/RAMA_D1/CLK
Low Pulse Width   Slow    RAMD32/CLK         n/a            1.250         10.000      8.750      SLICE_X2Y59     u_axi_uart_controller/uart0/regs/transmitter/fifo_tx/tfifo/ram_reg_0_15_0_5/RAMB/CLK
Low Pulse Width   Slow    RAMD32/CLK         n/a            1.250         10.000      8.750      SLICE_X2Y59     u_axi_uart_controller/uart0/regs/transmitter/fifo_tx/tfifo/ram_reg_0_15_0_5/RAMB_D1/CLK
Low Pulse Width   Slow    RAMD32/CLK         n/a            1.250         10.000      8.750      SLICE_X2Y59     u_axi_uart_controller/uart0/regs/transmitter/fifo_tx/tfifo/ram_reg_0_15_0_5/RAMC/CLK
Low Pulse Width   Slow    RAMD32/CLK         n/a            1.250         10.000      8.750      SLICE_X2Y59     u_axi_uart_controller/uart0/regs/transmitter/fifo_tx/tfifo/ram_reg_0_15_0_5/RAMC_D1/CLK
Low Pulse Width   Slow    RAMS32/CLK         n/a            1.250         10.000      8.750      SLICE_X2Y59     u_axi_uart_controller/uart0/regs/transmitter/fifo_tx/tfifo/ram_reg_0_15_0_5/RAMD/CLK
Low Pulse Width   Slow    RAMS32/CLK         n/a            1.250         10.000      8.750      SLICE_X2Y59     u_axi_uart_controller/uart0/regs/transmitter/fifo_tx/tfifo/ram_reg_0_15_0_5/RAMD_D1/CLK
Low Pulse Width   Slow    RAMD32/CLK         n/a            1.250         10.000      8.750      SLICE_X16Y48    u_axi_cdc/rFifo/ram_reg_0_7_0_5/RAMA/CLK
Low Pulse Width   Slow    RAMD32/CLK         n/a            1.250         10.000      8.750      SLICE_X16Y48    u_axi_cdc/rFifo/ram_reg_0_7_0_5/RAMA_D1/CLK
High Pulse Width  Slow    RAMD32/CLK         n/a            1.250         10.000      8.750      SLICE_X2Y58     u_axi_uart_controller/uart0/regs/transmitter/fifo_tx/tfifo/ram_reg_0_15_6_7/RAMA/CLK
High Pulse Width  Slow    RAMD32/CLK         n/a            1.250         10.000      8.750      SLICE_X2Y58     u_axi_uart_controller/uart0/regs/transmitter/fifo_tx/tfifo/ram_reg_0_15_6_7/RAMA_D1/CLK
High Pulse Width  Slow    RAMD32/CLK         n/a            1.250         10.000      8.750      SLICE_X2Y58     u_axi_uart_controller/uart0/regs/transmitter/fifo_tx/tfifo/ram_reg_0_15_6_7/RAMB/CLK
High Pulse Width  Slow    RAMD32/CLK         n/a            1.250         10.000      8.750      SLICE_X2Y58     u_axi_uart_controller/uart0/regs/transmitter/fifo_tx/tfifo/ram_reg_0_15_6_7/RAMB_D1/CLK
High Pulse Width  Slow    RAMD32/CLK         n/a            1.250         10.000      8.750      SLICE_X2Y58     u_axi_uart_controller/uart0/regs/transmitter/fifo_tx/tfifo/ram_reg_0_15_6_7/RAMC/CLK
High Pulse Width  Slow    RAMD32/CLK         n/a            1.250         10.000      8.750      SLICE_X2Y58     u_axi_uart_controller/uart0/regs/transmitter/fifo_tx/tfifo/ram_reg_0_15_6_7/RAMC_D1/CLK
High Pulse Width  Slow    RAMS32/CLK         n/a            1.250         10.000      8.750      SLICE_X2Y58     u_axi_uart_controller/uart0/regs/transmitter/fifo_tx/tfifo/ram_reg_0_15_6_7/RAMD/CLK
High Pulse Width  Slow    RAMS32/CLK         n/a            1.250         10.000      8.750      SLICE_X2Y58     u_axi_uart_controller/uart0/regs/transmitter/fifo_tx/tfifo/ram_reg_0_15_6_7/RAMD_D1/CLK
High Pulse Width  Slow    RAMD32/CLK         n/a            1.250         10.000      8.750      SLICE_X2Y59     u_axi_uart_controller/uart0/regs/transmitter/fifo_tx/tfifo/ram_reg_0_15_0_5/RAMA/CLK
High Pulse Width  Fast    RAMD32/CLK         n/a            1.250         10.000      8.750      SLICE_X2Y59     u_axi_uart_controller/uart0/regs/transmitter/fifo_tx/tfifo/ram_reg_0_15_0_5/RAMA/CLK



---------------------------------------------------------------------------------------------------
Path Group:  **async_default**
From Clock:  cpu_clk
  To Clock:  cpu_clk

Setup :            0  Failing Endpoints,  Worst Slack       26.326ns,  Total Violation        0.000ns
Hold  :            0  Failing Endpoints,  Worst Slack        0.766ns,  Total Violation        0.000ns
---------------------------------------------------------------------------------------------------


Max Delay Paths
--------------------------------------------------------------------------------------
Slack (MET) :             26.326ns  (required time - arrival time)
  Source:                 u_axi_cdc/bFifo/bufferCC_12/buffers_1_reg/C
                            (rising edge-triggered cell FDCE clocked by cpu_clk  {rise@0.000ns fall@15.161ns period=30.323ns})
  Destination:            u_axi_cdc/bFifo/popCC_ptrToPush_reg[2]/CLR
                            (recovery check against rising-edge clock cpu_clk  {rise@0.000ns fall@15.161ns period=30.323ns})
  Path Group:             **async_default**
  Path Type:              Recovery (Max at Slow Process Corner)
  Requirement:            30.323ns  (cpu_clk rise@30.323ns - cpu_clk rise@0.000ns)
  Data Path Delay:        3.265ns  (logic 0.718ns (21.991%)  route 2.547ns (78.009%))
  Logic Levels:           1  (LUT1=1)
  Clock Path Skew:        -0.299ns (DCD - SCD + CPR)
    Destination Clock Delay (DCD):    -2.009ns = ( 28.313 - 30.323 ) 
    Source Clock Delay      (SCD):    -2.209ns
    Clock Pessimism Removal (CPR):    -0.498ns
  Clock Uncertainty:      0.072ns  ((TSJ^2 + DJ^2)^1/2) / 2 + PE
    Total System Jitter     (TSJ):    0.071ns
    Discrete Jitter          (DJ):    0.125ns
    Phase Error              (PE):    0.000ns

    Location             Delay type                Incr(ns)  Path(ns)    Netlist Resource(s)
  -------------------------------------------------------------------    -------------------
                         (clock cpu_clk rise edge)    0.000     0.000 r  
    K21                                               0.000     0.000 r  clk (IN)
                         net (fo=0)                   0.000     0.000    pll_clk.u_clk_pll/inst/clk_in1
    K21                  IBUF (Prop_ibuf_I_O)         1.463     1.463 r  pll_clk.u_clk_pll/inst/clkin1_ibufg/O
                         net (fo=1, routed)           1.253     2.716    pll_clk.u_clk_pll/inst/clk_in1_clk_pll
    PLLE2_ADV_X0Y3       PLLE2_ADV (Prop_plle2_adv_CLKIN1_CLKOUT0)
                                                     -8.991    -6.275 r  pll_clk.u_clk_pll/inst/plle2_adv_inst/CLKOUT0
                         net (fo=1, routed)           1.837    -4.438    pll_clk.u_clk_pll/inst/cpu_clk_clk_pll
    BUFGCTRL_X0Y16       BUFG (Prop_bufg_I_O)         0.096    -4.342 r  pll_clk.u_clk_pll/inst/clkout1_buf/O
                         net (fo=6480, routed)        2.133    -2.209    u_axi_cdc/bFifo/bufferCC_12/cpu_clk
    SLICE_X11Y46         FDCE                                         r  u_axi_cdc/bFifo/bufferCC_12/buffers_1_reg/C
  -------------------------------------------------------------------    -------------------
    SLICE_X11Y46         FDCE (Prop_fdce_C_Q)         0.419    -1.790 r  u_axi_cdc/bFifo/bufferCC_12/buffers_1_reg/Q
                         net (fo=1, routed)           0.647    -1.143    u_axi_cdc/bFifo/bufferCC_12/buffers_1
    SLICE_X11Y46         LUT1 (Prop_lut1_I0_O)        0.299    -0.844 f  u_axi_cdc/bFifo/bufferCC_12/popCC_popPtr[2]_i_2/O
                         net (fo=30, routed)          1.900     1.056    u_axi_cdc/bFifo/buffers_1_reg
    SLICE_X22Y51         FDCE                                         f  u_axi_cdc/bFifo/popCC_ptrToPush_reg[2]/CLR
  -------------------------------------------------------------------    -------------------

                         (clock cpu_clk rise edge)   30.323    30.323 r  
    K21                                               0.000    30.323 r  clk (IN)
                         net (fo=0)                   0.000    30.323    pll_clk.u_clk_pll/inst/clk_in1
    K21                  IBUF (Prop_ibuf_I_O)         1.393    31.715 r  pll_clk.u_clk_pll/inst/clkin1_ibufg/O
                         net (fo=1, routed)           1.181    32.896    pll_clk.u_clk_pll/inst/clk_in1_clk_pll
    PLLE2_ADV_X0Y3       PLLE2_ADV (Prop_plle2_adv_CLKIN1_CLKOUT0)
                                                     -8.248    24.648 r  pll_clk.u_clk_pll/inst/plle2_adv_inst/CLKOUT0
                         net (fo=1, routed)           1.755    26.403    pll_clk.u_clk_pll/inst/cpu_clk_clk_pll
    BUFGCTRL_X0Y16       BUFG (Prop_bufg_I_O)         0.091    26.494 r  pll_clk.u_clk_pll/inst/clkout1_buf/O
                         net (fo=6480, routed)        1.819    28.313    u_axi_cdc/bFifo/cpu_clk
    SLICE_X22Y51         FDCE                                         r  u_axi_cdc/bFifo/popCC_ptrToPush_reg[2]/C
                         clock pessimism             -0.498    27.815    
                         clock uncertainty           -0.072    27.743    
    SLICE_X22Y51         FDCE (Recov_fdce_C_CLR)     -0.361    27.382    u_axi_cdc/bFifo/popCC_ptrToPush_reg[2]
  -------------------------------------------------------------------
                         required time                         27.382    
                         arrival time                          -1.056    
  -------------------------------------------------------------------
                         slack                                 26.326    

Slack (MET) :             26.368ns  (required time - arrival time)
  Source:                 u_axi_cdc/bFifo/bufferCC_12/buffers_1_reg/C
                            (rising edge-triggered cell FDCE clocked by cpu_clk  {rise@0.000ns fall@15.161ns period=30.323ns})
  Destination:            u_axi_cdc/bFifo/popCC_addressGen_rValid_reg/CLR
                            (recovery check against rising-edge clock cpu_clk  {rise@0.000ns fall@15.161ns period=30.323ns})
  Path Group:             **async_default**
  Path Type:              Recovery (Max at Slow Process Corner)
  Requirement:            30.323ns  (cpu_clk rise@30.323ns - cpu_clk rise@0.000ns)
  Data Path Delay:        3.265ns  (logic 0.718ns (21.991%)  route 2.547ns (78.009%))
  Logic Levels:           1  (LUT1=1)
  Clock Path Skew:        -0.299ns (DCD - SCD + CPR)
    Destination Clock Delay (DCD):    -2.009ns = ( 28.313 - 30.323 ) 
    Source Clock Delay      (SCD):    -2.209ns
    Clock Pessimism Removal (CPR):    -0.498ns
  Clock Uncertainty:      0.072ns  ((TSJ^2 + DJ^2)^1/2) / 2 + PE
    Total System Jitter     (TSJ):    0.071ns
    Discrete Jitter          (DJ):    0.125ns
    Phase Error              (PE):    0.000ns

    Location             Delay type                Incr(ns)  Path(ns)    Netlist Resource(s)
  -------------------------------------------------------------------    -------------------
                         (clock cpu_clk rise edge)    0.000     0.000 r  
    K21                                               0.000     0.000 r  clk (IN)
                         net (fo=0)                   0.000     0.000    pll_clk.u_clk_pll/inst/clk_in1
    K21                  IBUF (Prop_ibuf_I_O)         1.463     1.463 r  pll_clk.u_clk_pll/inst/clkin1_ibufg/O
                         net (fo=1, routed)           1.253     2.716    pll_clk.u_clk_pll/inst/clk_in1_clk_pll
    PLLE2_ADV_X0Y3       PLLE2_ADV (Prop_plle2_adv_CLKIN1_CLKOUT0)
                                                     -8.991    -6.275 r  pll_clk.u_clk_pll/inst/plle2_adv_inst/CLKOUT0
                         net (fo=1, routed)           1.837    -4.438    pll_clk.u_clk_pll/inst/cpu_clk_clk_pll
    BUFGCTRL_X0Y16       BUFG (Prop_bufg_I_O)         0.096    -4.342 r  pll_clk.u_clk_pll/inst/clkout1_buf/O
                         net (fo=6480, routed)        2.133    -2.209    u_axi_cdc/bFifo/bufferCC_12/cpu_clk
    SLICE_X11Y46         FDCE                                         r  u_axi_cdc/bFifo/bufferCC_12/buffers_1_reg/C
  -------------------------------------------------------------------    -------------------
    SLICE_X11Y46         FDCE (Prop_fdce_C_Q)         0.419    -1.790 r  u_axi_cdc/bFifo/bufferCC_12/buffers_1_reg/Q
                         net (fo=1, routed)           0.647    -1.143    u_axi_cdc/bFifo/bufferCC_12/buffers_1
    SLICE_X11Y46         LUT1 (Prop_lut1_I0_O)        0.299    -0.844 f  u_axi_cdc/bFifo/bufferCC_12/popCC_popPtr[2]_i_2/O
                         net (fo=30, routed)          1.900     1.056    u_axi_cdc/bFifo/buffers_1_reg
    SLICE_X22Y51         FDCE                                         f  u_axi_cdc/bFifo/popCC_addressGen_rValid_reg/CLR
  -------------------------------------------------------------------    -------------------

                         (clock cpu_clk rise edge)   30.323    30.323 r  
    K21                                               0.000    30.323 r  clk (IN)
                         net (fo=0)                   0.000    30.323    pll_clk.u_clk_pll/inst/clk_in1
    K21                  IBUF (Prop_ibuf_I_O)         1.393    31.715 r  pll_clk.u_clk_pll/inst/clkin1_ibufg/O
                         net (fo=1, routed)           1.181    32.896    pll_clk.u_clk_pll/inst/clk_in1_clk_pll
    PLLE2_ADV_X0Y3       PLLE2_ADV (Prop_plle2_adv_CLKIN1_CLKOUT0)
                                                     -8.248    24.648 r  pll_clk.u_clk_pll/inst/plle2_adv_inst/CLKOUT0
                         net (fo=1, routed)           1.755    26.403    pll_clk.u_clk_pll/inst/cpu_clk_clk_pll
    BUFGCTRL_X0Y16       BUFG (Prop_bufg_I_O)         0.091    26.494 r  pll_clk.u_clk_pll/inst/clkout1_buf/O
                         net (fo=6480, routed)        1.819    28.313    u_axi_cdc/bFifo/cpu_clk
    SLICE_X22Y51         FDCE                                         r  u_axi_cdc/bFifo/popCC_addressGen_rValid_reg/C
                         clock pessimism             -0.498    27.815    
                         clock uncertainty           -0.072    27.743    
    SLICE_X22Y51         FDCE (Recov_fdce_C_CLR)     -0.319    27.424    u_axi_cdc/bFifo/popCC_addressGen_rValid_reg
  -------------------------------------------------------------------
                         required time                         27.424    
                         arrival time                          -1.056    
  -------------------------------------------------------------------
                         slack                                 26.368    

Slack (MET) :             26.368ns  (required time - arrival time)
  Source:                 u_axi_cdc/bFifo/bufferCC_12/buffers_1_reg/C
                            (rising edge-triggered cell FDCE clocked by cpu_clk  {rise@0.000ns fall@15.161ns period=30.323ns})
  Destination:            u_axi_cdc/bFifo/popCC_popPtr_reg[0]/CLR
                            (recovery check against rising-edge clock cpu_clk  {rise@0.000ns fall@15.161ns period=30.323ns})
  Path Group:             **async_default**
  Path Type:              Recovery (Max at Slow Process Corner)
  Requirement:            30.323ns  (cpu_clk rise@30.323ns - cpu_clk rise@0.000ns)
  Data Path Delay:        3.265ns  (logic 0.718ns (21.991%)  route 2.547ns (78.009%))
  Logic Levels:           1  (LUT1=1)
  Clock Path Skew:        -0.299ns (DCD - SCD + CPR)
    Destination Clock Delay (DCD):    -2.009ns = ( 28.313 - 30.323 ) 
    Source Clock Delay      (SCD):    -2.209ns
    Clock Pessimism Removal (CPR):    -0.498ns
  Clock Uncertainty:      0.072ns  ((TSJ^2 + DJ^2)^1/2) / 2 + PE
    Total System Jitter     (TSJ):    0.071ns
    Discrete Jitter          (DJ):    0.125ns
    Phase Error              (PE):    0.000ns

    Location             Delay type                Incr(ns)  Path(ns)    Netlist Resource(s)
  -------------------------------------------------------------------    -------------------
                         (clock cpu_clk rise edge)    0.000     0.000 r  
    K21                                               0.000     0.000 r  clk (IN)
                         net (fo=0)                   0.000     0.000    pll_clk.u_clk_pll/inst/clk_in1
    K21                  IBUF (Prop_ibuf_I_O)         1.463     1.463 r  pll_clk.u_clk_pll/inst/clkin1_ibufg/O
                         net (fo=1, routed)           1.253     2.716    pll_clk.u_clk_pll/inst/clk_in1_clk_pll
    PLLE2_ADV_X0Y3       PLLE2_ADV (Prop_plle2_adv_CLKIN1_CLKOUT0)
                                                     -8.991    -6.275 r  pll_clk.u_clk_pll/inst/plle2_adv_inst/CLKOUT0
                         net (fo=1, routed)           1.837    -4.438    pll_clk.u_clk_pll/inst/cpu_clk_clk_pll
    BUFGCTRL_X0Y16       BUFG (Prop_bufg_I_O)         0.096    -4.342 r  pll_clk.u_clk_pll/inst/clkout1_buf/O
                         net (fo=6480, routed)        2.133    -2.209    u_axi_cdc/bFifo/bufferCC_12/cpu_clk
    SLICE_X11Y46         FDCE                                         r  u_axi_cdc/bFifo/bufferCC_12/buffers_1_reg/C
  -------------------------------------------------------------------    -------------------
    SLICE_X11Y46         FDCE (Prop_fdce_C_Q)         0.419    -1.790 r  u_axi_cdc/bFifo/bufferCC_12/buffers_1_reg/Q
                         net (fo=1, routed)           0.647    -1.143    u_axi_cdc/bFifo/bufferCC_12/buffers_1
    SLICE_X11Y46         LUT1 (Prop_lut1_I0_O)        0.299    -0.844 f  u_axi_cdc/bFifo/bufferCC_12/popCC_popPtr[2]_i_2/O
                         net (fo=30, routed)          1.900     1.056    u_axi_cdc/bFifo/buffers_1_reg
    SLICE_X22Y51         FDCE                                         f  u_axi_cdc/bFifo/popCC_popPtr_reg[0]/CLR
  -------------------------------------------------------------------    -------------------

                         (clock cpu_clk rise edge)   30.323    30.323 r  
    K21                                               0.000    30.323 r  clk (IN)
                         net (fo=0)                   0.000    30.323    pll_clk.u_clk_pll/inst/clk_in1
    K21                  IBUF (Prop_ibuf_I_O)         1.393    31.715 r  pll_clk.u_clk_pll/inst/clkin1_ibufg/O
                         net (fo=1, routed)           1.181    32.896    pll_clk.u_clk_pll/inst/clk_in1_clk_pll
    PLLE2_ADV_X0Y3       PLLE2_ADV (Prop_plle2_adv_CLKIN1_CLKOUT0)
                                                     -8.248    24.648 r  pll_clk.u_clk_pll/inst/plle2_adv_inst/CLKOUT0
                         net (fo=1, routed)           1.755    26.403    pll_clk.u_clk_pll/inst/cpu_clk_clk_pll
    BUFGCTRL_X0Y16       BUFG (Prop_bufg_I_O)         0.091    26.494 r  pll_clk.u_clk_pll/inst/clkout1_buf/O
                         net (fo=6480, routed)        1.819    28.313    u_axi_cdc/bFifo/cpu_clk
    SLICE_X22Y51         FDCE                                         r  u_axi_cdc/bFifo/popCC_popPtr_reg[0]/C
                         clock pessimism             -0.498    27.815    
                         clock uncertainty           -0.072    27.743    
    SLICE_X22Y51         FDCE (Recov_fdce_C_CLR)     -0.319    27.424    u_axi_cdc/bFifo/popCC_popPtr_reg[0]
  -------------------------------------------------------------------
                         required time                         27.424    
                         arrival time                          -1.056    
  -------------------------------------------------------------------
                         slack                                 26.368    

Slack (MET) :             26.368ns  (required time - arrival time)
  Source:                 u_axi_cdc/bFifo/bufferCC_12/buffers_1_reg/C
                            (rising edge-triggered cell FDCE clocked by cpu_clk  {rise@0.000ns fall@15.161ns period=30.323ns})
  Destination:            u_axi_cdc/bFifo/popCC_ptrToPush_reg[0]/CLR
                            (recovery check against rising-edge clock cpu_clk  {rise@0.000ns fall@15.161ns period=30.323ns})
  Path Group:             **async_default**
  Path Type:              Recovery (Max at Slow Process Corner)
  Requirement:            30.323ns  (cpu_clk rise@30.323ns - cpu_clk rise@0.000ns)
  Data Path Delay:        3.265ns  (logic 0.718ns (21.991%)  route 2.547ns (78.009%))
  Logic Levels:           1  (LUT1=1)
  Clock Path Skew:        -0.299ns (DCD - SCD + CPR)
    Destination Clock Delay (DCD):    -2.009ns = ( 28.313 - 30.323 ) 
    Source Clock Delay      (SCD):    -2.209ns
    Clock Pessimism Removal (CPR):    -0.498ns
  Clock Uncertainty:      0.072ns  ((TSJ^2 + DJ^2)^1/2) / 2 + PE
    Total System Jitter     (TSJ):    0.071ns
    Discrete Jitter          (DJ):    0.125ns
    Phase Error              (PE):    0.000ns

    Location             Delay type                Incr(ns)  Path(ns)    Netlist Resource(s)
  -------------------------------------------------------------------    -------------------
                         (clock cpu_clk rise edge)    0.000     0.000 r  
    K21                                               0.000     0.000 r  clk (IN)
                         net (fo=0)                   0.000     0.000    pll_clk.u_clk_pll/inst/clk_in1
    K21                  IBUF (Prop_ibuf_I_O)         1.463     1.463 r  pll_clk.u_clk_pll/inst/clkin1_ibufg/O
                         net (fo=1, routed)           1.253     2.716    pll_clk.u_clk_pll/inst/clk_in1_clk_pll
    PLLE2_ADV_X0Y3       PLLE2_ADV (Prop_plle2_adv_CLKIN1_CLKOUT0)
                                                     -8.991    -6.275 r  pll_clk.u_clk_pll/inst/plle2_adv_inst/CLKOUT0
                         net (fo=1, routed)           1.837    -4.438    pll_clk.u_clk_pll/inst/cpu_clk_clk_pll
    BUFGCTRL_X0Y16       BUFG (Prop_bufg_I_O)         0.096    -4.342 r  pll_clk.u_clk_pll/inst/clkout1_buf/O
                         net (fo=6480, routed)        2.133    -2.209    u_axi_cdc/bFifo/bufferCC_12/cpu_clk
    SLICE_X11Y46         FDCE                                         r  u_axi_cdc/bFifo/bufferCC_12/buffers_1_reg/C
  -------------------------------------------------------------------    -------------------
    SLICE_X11Y46         FDCE (Prop_fdce_C_Q)         0.419    -1.790 r  u_axi_cdc/bFifo/bufferCC_12/buffers_1_reg/Q
                         net (fo=1, routed)           0.647    -1.143    u_axi_cdc/bFifo/bufferCC_12/buffers_1
    SLICE_X11Y46         LUT1 (Prop_lut1_I0_O)        0.299    -0.844 f  u_axi_cdc/bFifo/bufferCC_12/popCC_popPtr[2]_i_2/O
                         net (fo=30, routed)          1.900     1.056    u_axi_cdc/bFifo/buffers_1_reg
    SLICE_X22Y51         FDCE                                         f  u_axi_cdc/bFifo/popCC_ptrToPush_reg[0]/CLR
  -------------------------------------------------------------------    -------------------

                         (clock cpu_clk rise edge)   30.323    30.323 r  
    K21                                               0.000    30.323 r  clk (IN)
                         net (fo=0)                   0.000    30.323    pll_clk.u_clk_pll/inst/clk_in1
    K21                  IBUF (Prop_ibuf_I_O)         1.393    31.715 r  pll_clk.u_clk_pll/inst/clkin1_ibufg/O
                         net (fo=1, routed)           1.181    32.896    pll_clk.u_clk_pll/inst/clk_in1_clk_pll
    PLLE2_ADV_X0Y3       PLLE2_ADV (Prop_plle2_adv_CLKIN1_CLKOUT0)
                                                     -8.248    24.648 r  pll_clk.u_clk_pll/inst/plle2_adv_inst/CLKOUT0
                         net (fo=1, routed)           1.755    26.403    pll_clk.u_clk_pll/inst/cpu_clk_clk_pll
    BUFGCTRL_X0Y16       BUFG (Prop_bufg_I_O)         0.091    26.494 r  pll_clk.u_clk_pll/inst/clkout1_buf/O
                         net (fo=6480, routed)        1.819    28.313    u_axi_cdc/bFifo/cpu_clk
    SLICE_X22Y51         FDCE                                         r  u_axi_cdc/bFifo/popCC_ptrToPush_reg[0]/C
                         clock pessimism             -0.498    27.815    
                         clock uncertainty           -0.072    27.743    
    SLICE_X22Y51         FDCE (Recov_fdce_C_CLR)     -0.319    27.424    u_axi_cdc/bFifo/popCC_ptrToPush_reg[0]
  -------------------------------------------------------------------
                         required time                         27.424    
                         arrival time                          -1.056    
  -------------------------------------------------------------------
                         slack                                 26.368    

Slack (MET) :             26.368ns  (required time - arrival time)
  Source:                 u_axi_cdc/bFifo/bufferCC_12/buffers_1_reg/C
                            (rising edge-triggered cell FDCE clocked by cpu_clk  {rise@0.000ns fall@15.161ns period=30.323ns})
  Destination:            u_axi_cdc/bFifo/popCC_ptrToPush_reg[1]/CLR
                            (recovery check against rising-edge clock cpu_clk  {rise@0.000ns fall@15.161ns period=30.323ns})
  Path Group:             **async_default**
  Path Type:              Recovery (Max at Slow Process Corner)
  Requirement:            30.323ns  (cpu_clk rise@30.323ns - cpu_clk rise@0.000ns)
  Data Path Delay:        3.265ns  (logic 0.718ns (21.991%)  route 2.547ns (78.009%))
  Logic Levels:           1  (LUT1=1)
  Clock Path Skew:        -0.299ns (DCD - SCD + CPR)
    Destination Clock Delay (DCD):    -2.009ns = ( 28.313 - 30.323 ) 
    Source Clock Delay      (SCD):    -2.209ns
    Clock Pessimism Removal (CPR):    -0.498ns
  Clock Uncertainty:      0.072ns  ((TSJ^2 + DJ^2)^1/2) / 2 + PE
    Total System Jitter     (TSJ):    0.071ns
    Discrete Jitter          (DJ):    0.125ns
    Phase Error              (PE):    0.000ns

    Location             Delay type                Incr(ns)  Path(ns)    Netlist Resource(s)
  -------------------------------------------------------------------    -------------------
                         (clock cpu_clk rise edge)    0.000     0.000 r  
    K21                                               0.000     0.000 r  clk (IN)
                         net (fo=0)                   0.000     0.000    pll_clk.u_clk_pll/inst/clk_in1
    K21                  IBUF (Prop_ibuf_I_O)         1.463     1.463 r  pll_clk.u_clk_pll/inst/clkin1_ibufg/O
                         net (fo=1, routed)           1.253     2.716    pll_clk.u_clk_pll/inst/clk_in1_clk_pll
    PLLE2_ADV_X0Y3       PLLE2_ADV (Prop_plle2_adv_CLKIN1_CLKOUT0)
                                                     -8.991    -6.275 r  pll_clk.u_clk_pll/inst/plle2_adv_inst/CLKOUT0
                         net (fo=1, routed)           1.837    -4.438    pll_clk.u_clk_pll/inst/cpu_clk_clk_pll
    BUFGCTRL_X0Y16       BUFG (Prop_bufg_I_O)         0.096    -4.342 r  pll_clk.u_clk_pll/inst/clkout1_buf/O
                         net (fo=6480, routed)        2.133    -2.209    u_axi_cdc/bFifo/bufferCC_12/cpu_clk
    SLICE_X11Y46         FDCE                                         r  u_axi_cdc/bFifo/bufferCC_12/buffers_1_reg/C
  -------------------------------------------------------------------    -------------------
    SLICE_X11Y46         FDCE (Prop_fdce_C_Q)         0.419    -1.790 r  u_axi_cdc/bFifo/bufferCC_12/buffers_1_reg/Q
                         net (fo=1, routed)           0.647    -1.143    u_axi_cdc/bFifo/bufferCC_12/buffers_1
    SLICE_X11Y46         LUT1 (Prop_lut1_I0_O)        0.299    -0.844 f  u_axi_cdc/bFifo/bufferCC_12/popCC_popPtr[2]_i_2/O
                         net (fo=30, routed)          1.900     1.056    u_axi_cdc/bFifo/buffers_1_reg
    SLICE_X22Y51         FDCE                                         f  u_axi_cdc/bFifo/popCC_ptrToPush_reg[1]/CLR
  -------------------------------------------------------------------    -------------------

                         (clock cpu_clk rise edge)   30.323    30.323 r  
    K21                                               0.000    30.323 r  clk (IN)
                         net (fo=0)                   0.000    30.323    pll_clk.u_clk_pll/inst/clk_in1
    K21                  IBUF (Prop_ibuf_I_O)         1.393    31.715 r  pll_clk.u_clk_pll/inst/clkin1_ibufg/O
                         net (fo=1, routed)           1.181    32.896    pll_clk.u_clk_pll/inst/clk_in1_clk_pll
    PLLE2_ADV_X0Y3       PLLE2_ADV (Prop_plle2_adv_CLKIN1_CLKOUT0)
                                                     -8.248    24.648 r  pll_clk.u_clk_pll/inst/plle2_adv_inst/CLKOUT0
                         net (fo=1, routed)           1.755    26.403    pll_clk.u_clk_pll/inst/cpu_clk_clk_pll
    BUFGCTRL_X0Y16       BUFG (Prop_bufg_I_O)         0.091    26.494 r  pll_clk.u_clk_pll/inst/clkout1_buf/O
                         net (fo=6480, routed)        1.819    28.313    u_axi_cdc/bFifo/cpu_clk
    SLICE_X22Y51         FDCE                                         r  u_axi_cdc/bFifo/popCC_ptrToPush_reg[1]/C
                         clock pessimism             -0.498    27.815    
                         clock uncertainty           -0.072    27.743    
    SLICE_X22Y51         FDCE (Recov_fdce_C_CLR)     -0.319    27.424    u_axi_cdc/bFifo/popCC_ptrToPush_reg[1]
  -------------------------------------------------------------------
                         required time                         27.424    
                         arrival time                          -1.056    
  -------------------------------------------------------------------
                         slack                                 26.368    

Slack (MET) :             26.584ns  (required time - arrival time)
  Source:                 pll_clk.u_rst_cpu/delay_reg[1]/C
                            (rising edge-triggered cell FDCE clocked by cpu_clk  {rise@0.000ns fall@15.161ns period=30.323ns})
  Destination:            u_axi_cdc/wFifo/pushCC_pushPtrGray_reg[0]/CLR
                            (recovery check against rising-edge clock cpu_clk  {rise@0.000ns fall@15.161ns period=30.323ns})
  Path Group:             **async_default**
  Path Type:              Recovery (Max at Slow Process Corner)
  Requirement:            30.323ns  (cpu_clk rise@30.323ns - cpu_clk rise@0.000ns)
  Data Path Delay:        3.410ns  (logic 0.642ns (18.830%)  route 2.768ns (81.170%))
  Logic Levels:           1  (LUT1=1)
  Clock Path Skew:        0.148ns (DCD - SCD + CPR)
    Destination Clock Delay (DCD):    -1.751ns = ( 28.572 - 30.323 ) 
    Source Clock Delay      (SCD):    -2.397ns
    Clock Pessimism Removal (CPR):    -0.498ns
  Clock Uncertainty:      0.072ns  ((TSJ^2 + DJ^2)^1/2) / 2 + PE
    Total System Jitter     (TSJ):    0.071ns
    Discrete Jitter          (DJ):    0.125ns
    Phase Error              (PE):    0.000ns

    Location             Delay type                Incr(ns)  Path(ns)    Netlist Resource(s)
  -------------------------------------------------------------------    -------------------
                         (clock cpu_clk rise edge)    0.000     0.000 r  
    K21                                               0.000     0.000 r  clk (IN)
                         net (fo=0)                   0.000     0.000    pll_clk.u_clk_pll/inst/clk_in1
    K21                  IBUF (Prop_ibuf_I_O)         1.463     1.463 r  pll_clk.u_clk_pll/inst/clkin1_ibufg/O
                         net (fo=1, routed)           1.253     2.716    pll_clk.u_clk_pll/inst/clk_in1_clk_pll
    PLLE2_ADV_X0Y3       PLLE2_ADV (Prop_plle2_adv_CLKIN1_CLKOUT0)
                                                     -8.991    -6.275 r  pll_clk.u_clk_pll/inst/plle2_adv_inst/CLKOUT0
                         net (fo=1, routed)           1.837    -4.438    pll_clk.u_clk_pll/inst/cpu_clk_clk_pll
    BUFGCTRL_X0Y16       BUFG (Prop_bufg_I_O)         0.096    -4.342 r  pll_clk.u_clk_pll/inst/clkout1_buf/O
                         net (fo=6480, routed)        1.945    -2.397    pll_clk.u_rst_cpu/cpu_clk
    SLICE_X22Y53         FDCE                                         r  pll_clk.u_rst_cpu/delay_reg[1]/C
  -------------------------------------------------------------------    -------------------
    SLICE_X22Y53         FDCE (Prop_fdce_C_Q)         0.518    -1.879 r  pll_clk.u_rst_cpu/delay_reg[1]/Q
                         net (fo=1, routed)           0.661    -1.217    pll_clk.u_rst_cpu/cpu_resetn
    SLICE_X22Y53         LUT1 (Prop_lut1_I0_O)        0.124    -1.093 f  pll_clk.u_rst_cpu/reset_i_1/O
                         net (fo=40, routed)          2.106     1.013    u_axi_cdc/wFifo/p_0_in
    SLICE_X3Y43          FDCE                                         f  u_axi_cdc/wFifo/pushCC_pushPtrGray_reg[0]/CLR
  -------------------------------------------------------------------    -------------------

                         (clock cpu_clk rise edge)   30.323    30.323 r  
    K21                                               0.000    30.323 r  clk (IN)
                         net (fo=0)                   0.000    30.323    pll_clk.u_clk_pll/inst/clk_in1
    K21                  IBUF (Prop_ibuf_I_O)         1.393    31.715 r  pll_clk.u_clk_pll/inst/clkin1_ibufg/O
                         net (fo=1, routed)           1.181    32.896    pll_clk.u_clk_pll/inst/clk_in1_clk_pll
    PLLE2_ADV_X0Y3       PLLE2_ADV (Prop_plle2_adv_CLKIN1_CLKOUT0)
                                                     -8.248    24.648 r  pll_clk.u_clk_pll/inst/plle2_adv_inst/CLKOUT0
                         net (fo=1, routed)           1.755    26.403    pll_clk.u_clk_pll/inst/cpu_clk_clk_pll
    BUFGCTRL_X0Y16       BUFG (Prop_bufg_I_O)         0.091    26.494 r  pll_clk.u_clk_pll/inst/clkout1_buf/O
                         net (fo=6480, routed)        2.078    28.572    u_axi_cdc/wFifo/cpu_clk
    SLICE_X3Y43          FDCE                                         r  u_axi_cdc/wFifo/pushCC_pushPtrGray_reg[0]/C
                         clock pessimism             -0.498    28.074    
                         clock uncertainty           -0.072    28.002    
    SLICE_X3Y43          FDCE (Recov_fdce_C_CLR)     -0.405    27.597    u_axi_cdc/wFifo/pushCC_pushPtrGray_reg[0]
  -------------------------------------------------------------------
                         required time                         27.597    
                         arrival time                          -1.013    
  -------------------------------------------------------------------
                         slack                                 26.584    

Slack (MET) :             26.584ns  (required time - arrival time)
  Source:                 pll_clk.u_rst_cpu/delay_reg[1]/C
                            (rising edge-triggered cell FDCE clocked by cpu_clk  {rise@0.000ns fall@15.161ns period=30.323ns})
  Destination:            u_axi_cdc/wFifo/pushCC_pushPtrGray_reg[1]/CLR
                            (recovery check against rising-edge clock cpu_clk  {rise@0.000ns fall@15.161ns period=30.323ns})
  Path Group:             **async_default**
  Path Type:              Recovery (Max at Slow Process Corner)
  Requirement:            30.323ns  (cpu_clk rise@30.323ns - cpu_clk rise@0.000ns)
  Data Path Delay:        3.410ns  (logic 0.642ns (18.830%)  route 2.768ns (81.170%))
  Logic Levels:           1  (LUT1=1)
  Clock Path Skew:        0.148ns (DCD - SCD + CPR)
    Destination Clock Delay (DCD):    -1.751ns = ( 28.572 - 30.323 ) 
    Source Clock Delay      (SCD):    -2.397ns
    Clock Pessimism Removal (CPR):    -0.498ns
  Clock Uncertainty:      0.072ns  ((TSJ^2 + DJ^2)^1/2) / 2 + PE
    Total System Jitter     (TSJ):    0.071ns
    Discrete Jitter          (DJ):    0.125ns
    Phase Error              (PE):    0.000ns

    Location             Delay type                Incr(ns)  Path(ns)    Netlist Resource(s)
  -------------------------------------------------------------------    -------------------
                         (clock cpu_clk rise edge)    0.000     0.000 r  
    K21                                               0.000     0.000 r  clk (IN)
                         net (fo=0)                   0.000     0.000    pll_clk.u_clk_pll/inst/clk_in1
    K21                  IBUF (Prop_ibuf_I_O)         1.463     1.463 r  pll_clk.u_clk_pll/inst/clkin1_ibufg/O
                         net (fo=1, routed)           1.253     2.716    pll_clk.u_clk_pll/inst/clk_in1_clk_pll
    PLLE2_ADV_X0Y3       PLLE2_ADV (Prop_plle2_adv_CLKIN1_CLKOUT0)
                                                     -8.991    -6.275 r  pll_clk.u_clk_pll/inst/plle2_adv_inst/CLKOUT0
                         net (fo=1, routed)           1.837    -4.438    pll_clk.u_clk_pll/inst/cpu_clk_clk_pll
    BUFGCTRL_X0Y16       BUFG (Prop_bufg_I_O)         0.096    -4.342 r  pll_clk.u_clk_pll/inst/clkout1_buf/O
                         net (fo=6480, routed)        1.945    -2.397    pll_clk.u_rst_cpu/cpu_clk
    SLICE_X22Y53         FDCE                                         r  pll_clk.u_rst_cpu/delay_reg[1]/C
  -------------------------------------------------------------------    -------------------
    SLICE_X22Y53         FDCE (Prop_fdce_C_Q)         0.518    -1.879 r  pll_clk.u_rst_cpu/delay_reg[1]/Q
                         net (fo=1, routed)           0.661    -1.217    pll_clk.u_rst_cpu/cpu_resetn
    SLICE_X22Y53         LUT1 (Prop_lut1_I0_O)        0.124    -1.093 f  pll_clk.u_rst_cpu/reset_i_1/O
                         net (fo=40, routed)          2.106     1.013    u_axi_cdc/wFifo/p_0_in
    SLICE_X3Y43          FDCE                                         f  u_axi_cdc/wFifo/pushCC_pushPtrGray_reg[1]/CLR
  -------------------------------------------------------------------    -------------------

                         (clock cpu_clk rise edge)   30.323    30.323 r  
    K21                                               0.000    30.323 r  clk (IN)
                         net (fo=0)                   0.000    30.323    pll_clk.u_clk_pll/inst/clk_in1
    K21                  IBUF (Prop_ibuf_I_O)         1.393    31.715 r  pll_clk.u_clk_pll/inst/clkin1_ibufg/O
                         net (fo=1, routed)           1.181    32.896    pll_clk.u_clk_pll/inst/clk_in1_clk_pll
    PLLE2_ADV_X0Y3       PLLE2_ADV (Prop_plle2_adv_CLKIN1_CLKOUT0)
                                                     -8.248    24.648 r  pll_clk.u_clk_pll/inst/plle2_adv_inst/CLKOUT0
                         net (fo=1, routed)           1.755    26.403    pll_clk.u_clk_pll/inst/cpu_clk_clk_pll
    BUFGCTRL_X0Y16       BUFG (Prop_bufg_I_O)         0.091    26.494 r  pll_clk.u_clk_pll/inst/clkout1_buf/O
                         net (fo=6480, routed)        2.078    28.572    u_axi_cdc/wFifo/cpu_clk
    SLICE_X3Y43          FDCE                                         r  u_axi_cdc/wFifo/pushCC_pushPtrGray_reg[1]/C
                         clock pessimism             -0.498    28.074    
                         clock uncertainty           -0.072    28.002    
    SLICE_X3Y43          FDCE (Recov_fdce_C_CLR)     -0.405    27.597    u_axi_cdc/wFifo/pushCC_pushPtrGray_reg[1]
  -------------------------------------------------------------------
                         required time                         27.597    
                         arrival time                          -1.013    
  -------------------------------------------------------------------
                         slack                                 26.584    

Slack (MET) :             26.584ns  (required time - arrival time)
  Source:                 pll_clk.u_rst_cpu/delay_reg[1]/C
                            (rising edge-triggered cell FDCE clocked by cpu_clk  {rise@0.000ns fall@15.161ns period=30.323ns})
  Destination:            u_axi_cdc/wFifo/pushCC_pushPtrGray_reg[2]/CLR
                            (recovery check against rising-edge clock cpu_clk  {rise@0.000ns fall@15.161ns period=30.323ns})
  Path Group:             **async_default**
  Path Type:              Recovery (Max at Slow Process Corner)
  Requirement:            30.323ns  (cpu_clk rise@30.323ns - cpu_clk rise@0.000ns)
  Data Path Delay:        3.410ns  (logic 0.642ns (18.830%)  route 2.768ns (81.170%))
  Logic Levels:           1  (LUT1=1)
  Clock Path Skew:        0.148ns (DCD - SCD + CPR)
    Destination Clock Delay (DCD):    -1.751ns = ( 28.572 - 30.323 ) 
    Source Clock Delay      (SCD):    -2.397ns
    Clock Pessimism Removal (CPR):    -0.498ns
  Clock Uncertainty:      0.072ns  ((TSJ^2 + DJ^2)^1/2) / 2 + PE
    Total System Jitter     (TSJ):    0.071ns
    Discrete Jitter          (DJ):    0.125ns
    Phase Error              (PE):    0.000ns

    Location             Delay type                Incr(ns)  Path(ns)    Netlist Resource(s)
  -------------------------------------------------------------------    -------------------
                         (clock cpu_clk rise edge)    0.000     0.000 r  
    K21                                               0.000     0.000 r  clk (IN)
                         net (fo=0)                   0.000     0.000    pll_clk.u_clk_pll/inst/clk_in1
    K21                  IBUF (Prop_ibuf_I_O)         1.463     1.463 r  pll_clk.u_clk_pll/inst/clkin1_ibufg/O
                         net (fo=1, routed)           1.253     2.716    pll_clk.u_clk_pll/inst/clk_in1_clk_pll
    PLLE2_ADV_X0Y3       PLLE2_ADV (Prop_plle2_adv_CLKIN1_CLKOUT0)
                                                     -8.991    -6.275 r  pll_clk.u_clk_pll/inst/plle2_adv_inst/CLKOUT0
                         net (fo=1, routed)           1.837    -4.438    pll_clk.u_clk_pll/inst/cpu_clk_clk_pll
    BUFGCTRL_X0Y16       BUFG (Prop_bufg_I_O)         0.096    -4.342 r  pll_clk.u_clk_pll/inst/clkout1_buf/O
                         net (fo=6480, routed)        1.945    -2.397    pll_clk.u_rst_cpu/cpu_clk
    SLICE_X22Y53         FDCE                                         r  pll_clk.u_rst_cpu/delay_reg[1]/C
  -------------------------------------------------------------------    -------------------
    SLICE_X22Y53         FDCE (Prop_fdce_C_Q)         0.518    -1.879 r  pll_clk.u_rst_cpu/delay_reg[1]/Q
                         net (fo=1, routed)           0.661    -1.217    pll_clk.u_rst_cpu/cpu_resetn
    SLICE_X22Y53         LUT1 (Prop_lut1_I0_O)        0.124    -1.093 f  pll_clk.u_rst_cpu/reset_i_1/O
                         net (fo=40, routed)          2.106     1.013    u_axi_cdc/wFifo/p_0_in
    SLICE_X3Y43          FDCE                                         f  u_axi_cdc/wFifo/pushCC_pushPtrGray_reg[2]/CLR
  -------------------------------------------------------------------    -------------------

                         (clock cpu_clk rise edge)   30.323    30.323 r  
    K21                                               0.000    30.323 r  clk (IN)
                         net (fo=0)                   0.000    30.323    pll_clk.u_clk_pll/inst/clk_in1
    K21                  IBUF (Prop_ibuf_I_O)         1.393    31.715 r  pll_clk.u_clk_pll/inst/clkin1_ibufg/O
                         net (fo=1, routed)           1.181    32.896    pll_clk.u_clk_pll/inst/clk_in1_clk_pll
    PLLE2_ADV_X0Y3       PLLE2_ADV (Prop_plle2_adv_CLKIN1_CLKOUT0)
                                                     -8.248    24.648 r  pll_clk.u_clk_pll/inst/plle2_adv_inst/CLKOUT0
                         net (fo=1, routed)           1.755    26.403    pll_clk.u_clk_pll/inst/cpu_clk_clk_pll
    BUFGCTRL_X0Y16       BUFG (Prop_bufg_I_O)         0.091    26.494 r  pll_clk.u_clk_pll/inst/clkout1_buf/O
                         net (fo=6480, routed)        2.078    28.572    u_axi_cdc/wFifo/cpu_clk
    SLICE_X3Y43          FDCE                                         r  u_axi_cdc/wFifo/pushCC_pushPtrGray_reg[2]/C
                         clock pessimism             -0.498    28.074    
                         clock uncertainty           -0.072    28.002    
    SLICE_X3Y43          FDCE (Recov_fdce_C_CLR)     -0.405    27.597    u_axi_cdc/wFifo/pushCC_pushPtrGray_reg[2]
  -------------------------------------------------------------------
                         required time                         27.597    
                         arrival time                          -1.013    
  -------------------------------------------------------------------
                         slack                                 26.584    

Slack (MET) :             26.584ns  (required time - arrival time)
  Source:                 pll_clk.u_rst_cpu/delay_reg[1]/C
                            (rising edge-triggered cell FDCE clocked by cpu_clk  {rise@0.000ns fall@15.161ns period=30.323ns})
  Destination:            u_axi_cdc/wFifo/pushCC_pushPtrGray_reg[3]/CLR
                            (recovery check against rising-edge clock cpu_clk  {rise@0.000ns fall@15.161ns period=30.323ns})
  Path Group:             **async_default**
  Path Type:              Recovery (Max at Slow Process Corner)
  Requirement:            30.323ns  (cpu_clk rise@30.323ns - cpu_clk rise@0.000ns)
  Data Path Delay:        3.410ns  (logic 0.642ns (18.830%)  route 2.768ns (81.170%))
  Logic Levels:           1  (LUT1=1)
  Clock Path Skew:        0.148ns (DCD - SCD + CPR)
    Destination Clock Delay (DCD):    -1.751ns = ( 28.572 - 30.323 ) 
    Source Clock Delay      (SCD):    -2.397ns
    Clock Pessimism Removal (CPR):    -0.498ns
  Clock Uncertainty:      0.072ns  ((TSJ^2 + DJ^2)^1/2) / 2 + PE
    Total System Jitter     (TSJ):    0.071ns
    Discrete Jitter          (DJ):    0.125ns
    Phase Error              (PE):    0.000ns

    Location             Delay type                Incr(ns)  Path(ns)    Netlist Resource(s)
  -------------------------------------------------------------------    -------------------
                         (clock cpu_clk rise edge)    0.000     0.000 r  
    K21                                               0.000     0.000 r  clk (IN)
                         net (fo=0)                   0.000     0.000    pll_clk.u_clk_pll/inst/clk_in1
    K21                  IBUF (Prop_ibuf_I_O)         1.463     1.463 r  pll_clk.u_clk_pll/inst/clkin1_ibufg/O
                         net (fo=1, routed)           1.253     2.716    pll_clk.u_clk_pll/inst/clk_in1_clk_pll
    PLLE2_ADV_X0Y3       PLLE2_ADV (Prop_plle2_adv_CLKIN1_CLKOUT0)
                                                     -8.991    -6.275 r  pll_clk.u_clk_pll/inst/plle2_adv_inst/CLKOUT0
                         net (fo=1, routed)           1.837    -4.438    pll_clk.u_clk_pll/inst/cpu_clk_clk_pll
    BUFGCTRL_X0Y16       BUFG (Prop_bufg_I_O)         0.096    -4.342 r  pll_clk.u_clk_pll/inst/clkout1_buf/O
                         net (fo=6480, routed)        1.945    -2.397    pll_clk.u_rst_cpu/cpu_clk
    SLICE_X22Y53         FDCE                                         r  pll_clk.u_rst_cpu/delay_reg[1]/C
  -------------------------------------------------------------------    -------------------
    SLICE_X22Y53         FDCE (Prop_fdce_C_Q)         0.518    -1.879 r  pll_clk.u_rst_cpu/delay_reg[1]/Q
                         net (fo=1, routed)           0.661    -1.217    pll_clk.u_rst_cpu/cpu_resetn
    SLICE_X22Y53         LUT1 (Prop_lut1_I0_O)        0.124    -1.093 f  pll_clk.u_rst_cpu/reset_i_1/O
                         net (fo=40, routed)          2.106     1.013    u_axi_cdc/wFifo/p_0_in
    SLICE_X3Y43          FDCE                                         f  u_axi_cdc/wFifo/pushCC_pushPtrGray_reg[3]/CLR
  -------------------------------------------------------------------    -------------------

                         (clock cpu_clk rise edge)   30.323    30.323 r  
    K21                                               0.000    30.323 r  clk (IN)
                         net (fo=0)                   0.000    30.323    pll_clk.u_clk_pll/inst/clk_in1
    K21                  IBUF (Prop_ibuf_I_O)         1.393    31.715 r  pll_clk.u_clk_pll/inst/clkin1_ibufg/O
                         net (fo=1, routed)           1.181    32.896    pll_clk.u_clk_pll/inst/clk_in1_clk_pll
    PLLE2_ADV_X0Y3       PLLE2_ADV (Prop_plle2_adv_CLKIN1_CLKOUT0)
                                                     -8.248    24.648 r  pll_clk.u_clk_pll/inst/plle2_adv_inst/CLKOUT0
                         net (fo=1, routed)           1.755    26.403    pll_clk.u_clk_pll/inst/cpu_clk_clk_pll
    BUFGCTRL_X0Y16       BUFG (Prop_bufg_I_O)         0.091    26.494 r  pll_clk.u_clk_pll/inst/clkout1_buf/O
                         net (fo=6480, routed)        2.078    28.572    u_axi_cdc/wFifo/cpu_clk
    SLICE_X3Y43          FDCE                                         r  u_axi_cdc/wFifo/pushCC_pushPtrGray_reg[3]/C
                         clock pessimism             -0.498    28.074    
                         clock uncertainty           -0.072    28.002    
    SLICE_X3Y43          FDCE (Recov_fdce_C_CLR)     -0.405    27.597    u_axi_cdc/wFifo/pushCC_pushPtrGray_reg[3]
  -------------------------------------------------------------------
                         required time                         27.597    
                         arrival time                          -1.013    
  -------------------------------------------------------------------
                         slack                                 26.584    

Slack (MET) :             26.584ns  (required time - arrival time)
  Source:                 pll_clk.u_rst_cpu/delay_reg[1]/C
                            (rising edge-triggered cell FDCE clocked by cpu_clk  {rise@0.000ns fall@15.161ns period=30.323ns})
  Destination:            u_axi_cdc/wFifo/pushCC_pushPtr_reg[0]/CLR
                            (recovery check against rising-edge clock cpu_clk  {rise@0.000ns fall@15.161ns period=30.323ns})
  Path Group:             **async_default**
  Path Type:              Recovery (Max at Slow Process Corner)
  Requirement:            30.323ns  (cpu_clk rise@30.323ns - cpu_clk rise@0.000ns)
  Data Path Delay:        3.410ns  (logic 0.642ns (18.830%)  route 2.768ns (81.170%))
  Logic Levels:           1  (LUT1=1)
  Clock Path Skew:        0.148ns (DCD - SCD + CPR)
    Destination Clock Delay (DCD):    -1.751ns = ( 28.572 - 30.323 ) 
    Source Clock Delay      (SCD):    -2.397ns
    Clock Pessimism Removal (CPR):    -0.498ns
  Clock Uncertainty:      0.072ns  ((TSJ^2 + DJ^2)^1/2) / 2 + PE
    Total System Jitter     (TSJ):    0.071ns
    Discrete Jitter          (DJ):    0.125ns
    Phase Error              (PE):    0.000ns

    Location             Delay type                Incr(ns)  Path(ns)    Netlist Resource(s)
  -------------------------------------------------------------------    -------------------
                         (clock cpu_clk rise edge)    0.000     0.000 r  
    K21                                               0.000     0.000 r  clk (IN)
                         net (fo=0)                   0.000     0.000    pll_clk.u_clk_pll/inst/clk_in1
    K21                  IBUF (Prop_ibuf_I_O)         1.463     1.463 r  pll_clk.u_clk_pll/inst/clkin1_ibufg/O
                         net (fo=1, routed)           1.253     2.716    pll_clk.u_clk_pll/inst/clk_in1_clk_pll
    PLLE2_ADV_X0Y3       PLLE2_ADV (Prop_plle2_adv_CLKIN1_CLKOUT0)
                                                     -8.991    -6.275 r  pll_clk.u_clk_pll/inst/plle2_adv_inst/CLKOUT0
                         net (fo=1, routed)           1.837    -4.438    pll_clk.u_clk_pll/inst/cpu_clk_clk_pll
    BUFGCTRL_X0Y16       BUFG (Prop_bufg_I_O)         0.096    -4.342 r  pll_clk.u_clk_pll/inst/clkout1_buf/O
                         net (fo=6480, routed)        1.945    -2.397    pll_clk.u_rst_cpu/cpu_clk
    SLICE_X22Y53         FDCE                                         r  pll_clk.u_rst_cpu/delay_reg[1]/C
  -------------------------------------------------------------------    -------------------
    SLICE_X22Y53         FDCE (Prop_fdce_C_Q)         0.518    -1.879 r  pll_clk.u_rst_cpu/delay_reg[1]/Q
                         net (fo=1, routed)           0.661    -1.217    pll_clk.u_rst_cpu/cpu_resetn
    SLICE_X22Y53         LUT1 (Prop_lut1_I0_O)        0.124    -1.093 f  pll_clk.u_rst_cpu/reset_i_1/O
                         net (fo=40, routed)          2.106     1.013    u_axi_cdc/wFifo/p_0_in
    SLICE_X3Y43          FDCE                                         f  u_axi_cdc/wFifo/pushCC_pushPtr_reg[0]/CLR
  -------------------------------------------------------------------    -------------------

                         (clock cpu_clk rise edge)   30.323    30.323 r  
    K21                                               0.000    30.323 r  clk (IN)
                         net (fo=0)                   0.000    30.323    pll_clk.u_clk_pll/inst/clk_in1
    K21                  IBUF (Prop_ibuf_I_O)         1.393    31.715 r  pll_clk.u_clk_pll/inst/clkin1_ibufg/O
                         net (fo=1, routed)           1.181    32.896    pll_clk.u_clk_pll/inst/clk_in1_clk_pll
    PLLE2_ADV_X0Y3       PLLE2_ADV (Prop_plle2_adv_CLKIN1_CLKOUT0)
                                                     -8.248    24.648 r  pll_clk.u_clk_pll/inst/plle2_adv_inst/CLKOUT0
                         net (fo=1, routed)           1.755    26.403    pll_clk.u_clk_pll/inst/cpu_clk_clk_pll
    BUFGCTRL_X0Y16       BUFG (Prop_bufg_I_O)         0.091    26.494 r  pll_clk.u_clk_pll/inst/clkout1_buf/O
                         net (fo=6480, routed)        2.078    28.572    u_axi_cdc/wFifo/cpu_clk
    SLICE_X3Y43          FDCE                                         r  u_axi_cdc/wFifo/pushCC_pushPtr_reg[0]/C
                         clock pessimism             -0.498    28.074    
                         clock uncertainty           -0.072    28.002    
    SLICE_X3Y43          FDCE (Recov_fdce_C_CLR)     -0.405    27.597    u_axi_cdc/wFifo/pushCC_pushPtr_reg[0]
  -------------------------------------------------------------------
                         required time                         27.597    
                         arrival time                          -1.013    
  -------------------------------------------------------------------
                         slack                                 26.584    





Min Delay Paths
--------------------------------------------------------------------------------------
Slack (MET) :             0.766ns  (arrival time - required time)
  Source:                 pll_clk.u_rst_cpu/delay_reg[1]/C
                            (rising edge-triggered cell FDCE clocked by cpu_clk  {rise@0.000ns fall@15.161ns period=30.323ns})
  Destination:            u_axi_cdc/wFifo/popToPushGray_buffercc/buffers_0_reg[1]/CLR
                            (removal check against rising-edge clock cpu_clk  {rise@0.000ns fall@15.161ns period=30.323ns})
  Path Group:             **async_default**
  Path Type:              Removal (Min at Fast Process Corner)
  Requirement:            0.000ns  (cpu_clk rise@0.000ns - cpu_clk rise@0.000ns)
  Data Path Delay:        1.049ns  (logic 0.209ns (19.927%)  route 0.840ns (80.073%))
  Logic Levels:           1  (LUT1=1)
  Clock Path Skew:        0.375ns (DCD - SCD - CPR)
    Destination Clock Delay (DCD):    -0.232ns
    Source Clock Delay      (SCD):    -0.570ns
    Clock Pessimism Removal (CPR):    -0.037ns

    Location             Delay type                Incr(ns)  Path(ns)    Netlist Resource(s)
  -------------------------------------------------------------------    -------------------
                         (clock cpu_clk rise edge)    0.000     0.000 r  
    K21                                               0.000     0.000 r  clk (IN)
                         net (fo=0)                   0.000     0.000    pll_clk.u_clk_pll/inst/clk_in1
    K21                  IBUF (Prop_ibuf_I_O)         0.231     0.231 r  pll_clk.u_clk_pll/inst/clkin1_ibufg/O
                         net (fo=1, routed)           0.440     0.671    pll_clk.u_clk_pll/inst/clk_in1_clk_pll
    PLLE2_ADV_X0Y3       PLLE2_ADV (Prop_plle2_adv_CLKIN1_CLKOUT0)
                                                     -2.520    -1.848 r  pll_clk.u_clk_pll/inst/plle2_adv_inst/CLKOUT0
                         net (fo=1, routed)           0.560    -1.289    pll_clk.u_clk_pll/inst/cpu_clk_clk_pll
    BUFGCTRL_X0Y16       BUFG (Prop_bufg_I_O)         0.026    -1.263 r  pll_clk.u_clk_pll/inst/clkout1_buf/O
                         net (fo=6480, routed)        0.692    -0.570    pll_clk.u_rst_cpu/cpu_clk
    SLICE_X22Y53         FDCE                                         r  pll_clk.u_rst_cpu/delay_reg[1]/C
  -------------------------------------------------------------------    -------------------
    SLICE_X22Y53         FDCE (Prop_fdce_C_Q)         0.164    -0.406 r  pll_clk.u_rst_cpu/delay_reg[1]/Q
                         net (fo=1, routed)           0.223    -0.183    pll_clk.u_rst_cpu/cpu_resetn
    SLICE_X22Y53         LUT1 (Prop_lut1_I0_O)        0.045    -0.138 f  pll_clk.u_rst_cpu/reset_i_1/O
                         net (fo=40, routed)          0.617     0.478    u_axi_cdc/wFifo/popToPushGray_buffercc/p_0_in
    SLICE_X4Y44          FDCE                                         f  u_axi_cdc/wFifo/popToPushGray_buffercc/buffers_0_reg[1]/CLR
  -------------------------------------------------------------------    -------------------

                         (clock cpu_clk rise edge)    0.000     0.000 r  
    K21                                               0.000     0.000 r  clk (IN)
                         net (fo=0)                   0.000     0.000    pll_clk.u_clk_pll/inst/clk_in1
    K21                  IBUF (Prop_ibuf_I_O)         0.419     0.419 r  pll_clk.u_clk_pll/inst/clkin1_ibufg/O
                         net (fo=1, routed)           0.481     0.900    pll_clk.u_clk_pll/inst/clk_in1_clk_pll
    PLLE2_ADV_X0Y3       PLLE2_ADV (Prop_plle2_adv_CLKIN1_CLKOUT0)
                                                     -2.847    -1.947 r  pll_clk.u_clk_pll/inst/plle2_adv_inst/CLKOUT0
                         net (fo=1, routed)           0.611    -1.337    pll_clk.u_clk_pll/inst/cpu_clk_clk_pll
    BUFGCTRL_X0Y16       BUFG (Prop_bufg_I_O)         0.029    -1.308 r  pll_clk.u_clk_pll/inst/clkout1_buf/O
                         net (fo=6480, routed)        1.076    -0.232    u_axi_cdc/wFifo/popToPushGray_buffercc/cpu_clk
    SLICE_X4Y44          FDCE                                         r  u_axi_cdc/wFifo/popToPushGray_buffercc/buffers_0_reg[1]/C
                         clock pessimism              0.037    -0.195    
    SLICE_X4Y44          FDCE (Remov_fdce_C_CLR)     -0.092    -0.287    u_axi_cdc/wFifo/popToPushGray_buffercc/buffers_0_reg[1]
  -------------------------------------------------------------------
                         required time                          0.287    
                         arrival time                           0.478    
  -------------------------------------------------------------------
                         slack                                  0.766    

Slack (MET) :             0.766ns  (arrival time - required time)
  Source:                 pll_clk.u_rst_cpu/delay_reg[1]/C
                            (rising edge-triggered cell FDCE clocked by cpu_clk  {rise@0.000ns fall@15.161ns period=30.323ns})
  Destination:            u_axi_cdc/wFifo/popToPushGray_buffercc/buffers_1_reg[1]/CLR
                            (removal check against rising-edge clock cpu_clk  {rise@0.000ns fall@15.161ns period=30.323ns})
  Path Group:             **async_default**
  Path Type:              Removal (Min at Fast Process Corner)
  Requirement:            0.000ns  (cpu_clk rise@0.000ns - cpu_clk rise@0.000ns)
  Data Path Delay:        1.049ns  (logic 0.209ns (19.927%)  route 0.840ns (80.073%))
  Logic Levels:           1  (LUT1=1)
  Clock Path Skew:        0.375ns (DCD - SCD - CPR)
    Destination Clock Delay (DCD):    -0.232ns
    Source Clock Delay      (SCD):    -0.570ns
    Clock Pessimism Removal (CPR):    -0.037ns

    Location             Delay type                Incr(ns)  Path(ns)    Netlist Resource(s)
  -------------------------------------------------------------------    -------------------
                         (clock cpu_clk rise edge)    0.000     0.000 r  
    K21                                               0.000     0.000 r  clk (IN)
                         net (fo=0)                   0.000     0.000    pll_clk.u_clk_pll/inst/clk_in1
    K21                  IBUF (Prop_ibuf_I_O)         0.231     0.231 r  pll_clk.u_clk_pll/inst/clkin1_ibufg/O
                         net (fo=1, routed)           0.440     0.671    pll_clk.u_clk_pll/inst/clk_in1_clk_pll
    PLLE2_ADV_X0Y3       PLLE2_ADV (Prop_plle2_adv_CLKIN1_CLKOUT0)
                                                     -2.520    -1.848 r  pll_clk.u_clk_pll/inst/plle2_adv_inst/CLKOUT0
                         net (fo=1, routed)           0.560    -1.289    pll_clk.u_clk_pll/inst/cpu_clk_clk_pll
    BUFGCTRL_X0Y16       BUFG (Prop_bufg_I_O)         0.026    -1.263 r  pll_clk.u_clk_pll/inst/clkout1_buf/O
                         net (fo=6480, routed)        0.692    -0.570    pll_clk.u_rst_cpu/cpu_clk
    SLICE_X22Y53         FDCE                                         r  pll_clk.u_rst_cpu/delay_reg[1]/C
  -------------------------------------------------------------------    -------------------
    SLICE_X22Y53         FDCE (Prop_fdce_C_Q)         0.164    -0.406 r  pll_clk.u_rst_cpu/delay_reg[1]/Q
                         net (fo=1, routed)           0.223    -0.183    pll_clk.u_rst_cpu/cpu_resetn
    SLICE_X22Y53         LUT1 (Prop_lut1_I0_O)        0.045    -0.138 f  pll_clk.u_rst_cpu/reset_i_1/O
                         net (fo=40, routed)          0.617     0.478    u_axi_cdc/wFifo/popToPushGray_buffercc/p_0_in
    SLICE_X4Y44          FDCE                                         f  u_axi_cdc/wFifo/popToPushGray_buffercc/buffers_1_reg[1]/CLR
  -------------------------------------------------------------------    -------------------

                         (clock cpu_clk rise edge)    0.000     0.000 r  
    K21                                               0.000     0.000 r  clk (IN)
                         net (fo=0)                   0.000     0.000    pll_clk.u_clk_pll/inst/clk_in1
    K21                  IBUF (Prop_ibuf_I_O)         0.419     0.419 r  pll_clk.u_clk_pll/inst/clkin1_ibufg/O
                         net (fo=1, routed)           0.481     0.900    pll_clk.u_clk_pll/inst/clk_in1_clk_pll
    PLLE2_ADV_X0Y3       PLLE2_ADV (Prop_plle2_adv_CLKIN1_CLKOUT0)
                                                     -2.847    -1.947 r  pll_clk.u_clk_pll/inst/plle2_adv_inst/CLKOUT0
                         net (fo=1, routed)           0.611    -1.337    pll_clk.u_clk_pll/inst/cpu_clk_clk_pll
    BUFGCTRL_X0Y16       BUFG (Prop_bufg_I_O)         0.029    -1.308 r  pll_clk.u_clk_pll/inst/clkout1_buf/O
                         net (fo=6480, routed)        1.076    -0.232    u_axi_cdc/wFifo/popToPushGray_buffercc/cpu_clk
    SLICE_X4Y44          FDCE                                         r  u_axi_cdc/wFifo/popToPushGray_buffercc/buffers_1_reg[1]/C
                         clock pessimism              0.037    -0.195    
    SLICE_X4Y44          FDCE (Remov_fdce_C_CLR)     -0.092    -0.287    u_axi_cdc/wFifo/popToPushGray_buffercc/buffers_1_reg[1]
  -------------------------------------------------------------------
                         required time                          0.287    
                         arrival time                           0.478    
  -------------------------------------------------------------------
                         slack                                  0.766    

Slack (MET) :             0.789ns  (arrival time - required time)
  Source:                 u_axi_cdc/bFifo/bufferCC_12/buffers_1_reg/C
                            (rising edge-triggered cell FDCE clocked by cpu_clk  {rise@0.000ns fall@15.161ns period=30.323ns})
  Destination:            u_axi_cdc/rFifo/pushToPopGray_buffercc/buffers_0_reg[0]/CLR
                            (removal check against rising-edge clock cpu_clk  {rise@0.000ns fall@15.161ns period=30.323ns})
  Path Group:             **async_default**
  Path Type:              Removal (Min at Fast Process Corner)
  Requirement:            0.000ns  (cpu_clk rise@0.000ns - cpu_clk rise@0.000ns)
  Data Path Delay:        0.735ns  (logic 0.227ns (30.873%)  route 0.508ns (69.127%))
  Logic Levels:           1  (LUT1=1)
  Clock Path Skew:        0.038ns (DCD - SCD - CPR)
    Destination Clock Delay (DCD):    -0.261ns
    Source Clock Delay      (SCD):    -0.495ns
    Clock Pessimism Removal (CPR):    0.196ns

    Location             Delay type                Incr(ns)  Path(ns)    Netlist Resource(s)
  -------------------------------------------------------------------    -------------------
                         (clock cpu_clk rise edge)    0.000     0.000 r  
    K21                                               0.000     0.000 r  clk (IN)
                         net (fo=0)                   0.000     0.000    pll_clk.u_clk_pll/inst/clk_in1
    K21                  IBUF (Prop_ibuf_I_O)         0.231     0.231 r  pll_clk.u_clk_pll/inst/clkin1_ibufg/O
                         net (fo=1, routed)           0.440     0.671    pll_clk.u_clk_pll/inst/clk_in1_clk_pll
    PLLE2_ADV_X0Y3       PLLE2_ADV (Prop_plle2_adv_CLKIN1_CLKOUT0)
                                                     -2.520    -1.848 r  pll_clk.u_clk_pll/inst/plle2_adv_inst/CLKOUT0
                         net (fo=1, routed)           0.560    -1.289    pll_clk.u_clk_pll/inst/cpu_clk_clk_pll
    BUFGCTRL_X0Y16       BUFG (Prop_bufg_I_O)         0.026    -1.263 r  pll_clk.u_clk_pll/inst/clkout1_buf/O
                         net (fo=6480, routed)        0.768    -0.495    u_axi_cdc/bFifo/bufferCC_12/cpu_clk
    SLICE_X11Y46         FDCE                                         r  u_axi_cdc/bFifo/bufferCC_12/buffers_1_reg/C
  -------------------------------------------------------------------    -------------------
    SLICE_X11Y46         FDCE (Prop_fdce_C_Q)         0.128    -0.367 r  u_axi_cdc/bFifo/bufferCC_12/buffers_1_reg/Q
                         net (fo=1, routed)           0.217    -0.150    u_axi_cdc/bFifo/bufferCC_12/buffers_1
    SLICE_X11Y46         LUT1 (Prop_lut1_I0_O)        0.099    -0.051 f  u_axi_cdc/bFifo/bufferCC_12/popCC_popPtr[2]_i_2/O
                         net (fo=30, routed)          0.291     0.240    u_axi_cdc/rFifo/pushToPopGray_buffercc/buffers_0_reg[3]_1
    SLICE_X15Y46         FDCE                                         f  u_axi_cdc/rFifo/pushToPopGray_buffercc/buffers_0_reg[0]/CLR
  -------------------------------------------------------------------    -------------------

                         (clock cpu_clk rise edge)    0.000     0.000 r  
    K21                                               0.000     0.000 r  clk (IN)
                         net (fo=0)                   0.000     0.000    pll_clk.u_clk_pll/inst/clk_in1
    K21                  IBUF (Prop_ibuf_I_O)         0.419     0.419 r  pll_clk.u_clk_pll/inst/clkin1_ibufg/O
                         net (fo=1, routed)           0.481     0.900    pll_clk.u_clk_pll/inst/clk_in1_clk_pll
    PLLE2_ADV_X0Y3       PLLE2_ADV (Prop_plle2_adv_CLKIN1_CLKOUT0)
                                                     -2.847    -1.947 r  pll_clk.u_clk_pll/inst/plle2_adv_inst/CLKOUT0
                         net (fo=1, routed)           0.611    -1.337    pll_clk.u_clk_pll/inst/cpu_clk_clk_pll
    BUFGCTRL_X0Y16       BUFG (Prop_bufg_I_O)         0.029    -1.308 r  pll_clk.u_clk_pll/inst/clkout1_buf/O
                         net (fo=6480, routed)        1.047    -0.261    u_axi_cdc/rFifo/pushToPopGray_buffercc/cpu_clk
    SLICE_X15Y46         FDCE                                         r  u_axi_cdc/rFifo/pushToPopGray_buffercc/buffers_0_reg[0]/C
                         clock pessimism             -0.196    -0.457    
    SLICE_X15Y46         FDCE (Remov_fdce_C_CLR)     -0.092    -0.549    u_axi_cdc/rFifo/pushToPopGray_buffercc/buffers_0_reg[0]
  -------------------------------------------------------------------
                         required time                          0.549    
                         arrival time                           0.240    
  -------------------------------------------------------------------
                         slack                                  0.789    

Slack (MET) :             0.789ns  (arrival time - required time)
  Source:                 u_axi_cdc/bFifo/bufferCC_12/buffers_1_reg/C
                            (rising edge-triggered cell FDCE clocked by cpu_clk  {rise@0.000ns fall@15.161ns period=30.323ns})
  Destination:            u_axi_cdc/rFifo/pushToPopGray_buffercc/buffers_0_reg[2]/CLR
                            (removal check against rising-edge clock cpu_clk  {rise@0.000ns fall@15.161ns period=30.323ns})
  Path Group:             **async_default**
  Path Type:              Removal (Min at Fast Process Corner)
  Requirement:            0.000ns  (cpu_clk rise@0.000ns - cpu_clk rise@0.000ns)
  Data Path Delay:        0.735ns  (logic 0.227ns (30.873%)  route 0.508ns (69.127%))
  Logic Levels:           1  (LUT1=1)
  Clock Path Skew:        0.038ns (DCD - SCD - CPR)
    Destination Clock Delay (DCD):    -0.261ns
    Source Clock Delay      (SCD):    -0.495ns
    Clock Pessimism Removal (CPR):    0.196ns

    Location             Delay type                Incr(ns)  Path(ns)    Netlist Resource(s)
  -------------------------------------------------------------------    -------------------
                         (clock cpu_clk rise edge)    0.000     0.000 r  
    K21                                               0.000     0.000 r  clk (IN)
                         net (fo=0)                   0.000     0.000    pll_clk.u_clk_pll/inst/clk_in1
    K21                  IBUF (Prop_ibuf_I_O)         0.231     0.231 r  pll_clk.u_clk_pll/inst/clkin1_ibufg/O
                         net (fo=1, routed)           0.440     0.671    pll_clk.u_clk_pll/inst/clk_in1_clk_pll
    PLLE2_ADV_X0Y3       PLLE2_ADV (Prop_plle2_adv_CLKIN1_CLKOUT0)
                                                     -2.520    -1.848 r  pll_clk.u_clk_pll/inst/plle2_adv_inst/CLKOUT0
                         net (fo=1, routed)           0.560    -1.289    pll_clk.u_clk_pll/inst/cpu_clk_clk_pll
    BUFGCTRL_X0Y16       BUFG (Prop_bufg_I_O)         0.026    -1.263 r  pll_clk.u_clk_pll/inst/clkout1_buf/O
                         net (fo=6480, routed)        0.768    -0.495    u_axi_cdc/bFifo/bufferCC_12/cpu_clk
    SLICE_X11Y46         FDCE                                         r  u_axi_cdc/bFifo/bufferCC_12/buffers_1_reg/C
  -------------------------------------------------------------------    -------------------
    SLICE_X11Y46         FDCE (Prop_fdce_C_Q)         0.128    -0.367 r  u_axi_cdc/bFifo/bufferCC_12/buffers_1_reg/Q
                         net (fo=1, routed)           0.217    -0.150    u_axi_cdc/bFifo/bufferCC_12/buffers_1
    SLICE_X11Y46         LUT1 (Prop_lut1_I0_O)        0.099    -0.051 f  u_axi_cdc/bFifo/bufferCC_12/popCC_popPtr[2]_i_2/O
                         net (fo=30, routed)          0.291     0.240    u_axi_cdc/rFifo/pushToPopGray_buffercc/buffers_0_reg[3]_1
    SLICE_X15Y46         FDCE                                         f  u_axi_cdc/rFifo/pushToPopGray_buffercc/buffers_0_reg[2]/CLR
  -------------------------------------------------------------------    -------------------

                         (clock cpu_clk rise edge)    0.000     0.000 r  
    K21                                               0.000     0.000 r  clk (IN)
                         net (fo=0)                   0.000     0.000    pll_clk.u_clk_pll/inst/clk_in1
    K21                  IBUF (Prop_ibuf_I_O)         0.419     0.419 r  pll_clk.u_clk_pll/inst/clkin1_ibufg/O
                         net (fo=1, routed)           0.481     0.900    pll_clk.u_clk_pll/inst/clk_in1_clk_pll
    PLLE2_ADV_X0Y3       PLLE2_ADV (Prop_plle2_adv_CLKIN1_CLKOUT0)
                                                     -2.847    -1.947 r  pll_clk.u_clk_pll/inst/plle2_adv_inst/CLKOUT0
                         net (fo=1, routed)           0.611    -1.337    pll_clk.u_clk_pll/inst/cpu_clk_clk_pll
    BUFGCTRL_X0Y16       BUFG (Prop_bufg_I_O)         0.029    -1.308 r  pll_clk.u_clk_pll/inst/clkout1_buf/O
                         net (fo=6480, routed)        1.047    -0.261    u_axi_cdc/rFifo/pushToPopGray_buffercc/cpu_clk
    SLICE_X15Y46         FDCE                                         r  u_axi_cdc/rFifo/pushToPopGray_buffercc/buffers_0_reg[2]/C
                         clock pessimism             -0.196    -0.457    
    SLICE_X15Y46         FDCE (Remov_fdce_C_CLR)     -0.092    -0.549    u_axi_cdc/rFifo/pushToPopGray_buffercc/buffers_0_reg[2]
  -------------------------------------------------------------------
                         required time                          0.549    
                         arrival time                           0.240    
  -------------------------------------------------------------------
                         slack                                  0.789    

Slack (MET) :             0.789ns  (arrival time - required time)
  Source:                 u_axi_cdc/bFifo/bufferCC_12/buffers_1_reg/C
                            (rising edge-triggered cell FDCE clocked by cpu_clk  {rise@0.000ns fall@15.161ns period=30.323ns})
  Destination:            u_axi_cdc/rFifo/pushToPopGray_buffercc/buffers_1_reg[0]/CLR
                            (removal check against rising-edge clock cpu_clk  {rise@0.000ns fall@15.161ns period=30.323ns})
  Path Group:             **async_default**
  Path Type:              Removal (Min at Fast Process Corner)
  Requirement:            0.000ns  (cpu_clk rise@0.000ns - cpu_clk rise@0.000ns)
  Data Path Delay:        0.735ns  (logic 0.227ns (30.873%)  route 0.508ns (69.127%))
  Logic Levels:           1  (LUT1=1)
  Clock Path Skew:        0.038ns (DCD - SCD - CPR)
    Destination Clock Delay (DCD):    -0.261ns
    Source Clock Delay      (SCD):    -0.495ns
    Clock Pessimism Removal (CPR):    0.196ns

    Location             Delay type                Incr(ns)  Path(ns)    Netlist Resource(s)
  -------------------------------------------------------------------    -------------------
                         (clock cpu_clk rise edge)    0.000     0.000 r  
    K21                                               0.000     0.000 r  clk (IN)
                         net (fo=0)                   0.000     0.000    pll_clk.u_clk_pll/inst/clk_in1
    K21                  IBUF (Prop_ibuf_I_O)         0.231     0.231 r  pll_clk.u_clk_pll/inst/clkin1_ibufg/O
                         net (fo=1, routed)           0.440     0.671    pll_clk.u_clk_pll/inst/clk_in1_clk_pll
    PLLE2_ADV_X0Y3       PLLE2_ADV (Prop_plle2_adv_CLKIN1_CLKOUT0)
                                                     -2.520    -1.848 r  pll_clk.u_clk_pll/inst/plle2_adv_inst/CLKOUT0
                         net (fo=1, routed)           0.560    -1.289    pll_clk.u_clk_pll/inst/cpu_clk_clk_pll
    BUFGCTRL_X0Y16       BUFG (Prop_bufg_I_O)         0.026    -1.263 r  pll_clk.u_clk_pll/inst/clkout1_buf/O
                         net (fo=6480, routed)        0.768    -0.495    u_axi_cdc/bFifo/bufferCC_12/cpu_clk
    SLICE_X11Y46         FDCE                                         r  u_axi_cdc/bFifo/bufferCC_12/buffers_1_reg/C
  -------------------------------------------------------------------    -------------------
    SLICE_X11Y46         FDCE (Prop_fdce_C_Q)         0.128    -0.367 r  u_axi_cdc/bFifo/bufferCC_12/buffers_1_reg/Q
                         net (fo=1, routed)           0.217    -0.150    u_axi_cdc/bFifo/bufferCC_12/buffers_1
    SLICE_X11Y46         LUT1 (Prop_lut1_I0_O)        0.099    -0.051 f  u_axi_cdc/bFifo/bufferCC_12/popCC_popPtr[2]_i_2/O
                         net (fo=30, routed)          0.291     0.240    u_axi_cdc/rFifo/pushToPopGray_buffercc/buffers_0_reg[3]_1
    SLICE_X15Y46         FDCE                                         f  u_axi_cdc/rFifo/pushToPopGray_buffercc/buffers_1_reg[0]/CLR
  -------------------------------------------------------------------    -------------------

                         (clock cpu_clk rise edge)    0.000     0.000 r  
    K21                                               0.000     0.000 r  clk (IN)
                         net (fo=0)                   0.000     0.000    pll_clk.u_clk_pll/inst/clk_in1
    K21                  IBUF (Prop_ibuf_I_O)         0.419     0.419 r  pll_clk.u_clk_pll/inst/clkin1_ibufg/O
                         net (fo=1, routed)           0.481     0.900    pll_clk.u_clk_pll/inst/clk_in1_clk_pll
    PLLE2_ADV_X0Y3       PLLE2_ADV (Prop_plle2_adv_CLKIN1_CLKOUT0)
                                                     -2.847    -1.947 r  pll_clk.u_clk_pll/inst/plle2_adv_inst/CLKOUT0
                         net (fo=1, routed)           0.611    -1.337    pll_clk.u_clk_pll/inst/cpu_clk_clk_pll
    BUFGCTRL_X0Y16       BUFG (Prop_bufg_I_O)         0.029    -1.308 r  pll_clk.u_clk_pll/inst/clkout1_buf/O
                         net (fo=6480, routed)        1.047    -0.261    u_axi_cdc/rFifo/pushToPopGray_buffercc/cpu_clk
    SLICE_X15Y46         FDCE                                         r  u_axi_cdc/rFifo/pushToPopGray_buffercc/buffers_1_reg[0]/C
                         clock pessimism             -0.196    -0.457    
    SLICE_X15Y46         FDCE (Remov_fdce_C_CLR)     -0.092    -0.549    u_axi_cdc/rFifo/pushToPopGray_buffercc/buffers_1_reg[0]
  -------------------------------------------------------------------
                         required time                          0.549    
                         arrival time                           0.240    
  -------------------------------------------------------------------
                         slack                                  0.789    

Slack (MET) :             0.789ns  (arrival time - required time)
  Source:                 u_axi_cdc/bFifo/bufferCC_12/buffers_1_reg/C
                            (rising edge-triggered cell FDCE clocked by cpu_clk  {rise@0.000ns fall@15.161ns period=30.323ns})
  Destination:            u_axi_cdc/rFifo/pushToPopGray_buffercc/buffers_1_reg[2]/CLR
                            (removal check against rising-edge clock cpu_clk  {rise@0.000ns fall@15.161ns period=30.323ns})
  Path Group:             **async_default**
  Path Type:              Removal (Min at Fast Process Corner)
  Requirement:            0.000ns  (cpu_clk rise@0.000ns - cpu_clk rise@0.000ns)
  Data Path Delay:        0.735ns  (logic 0.227ns (30.873%)  route 0.508ns (69.127%))
  Logic Levels:           1  (LUT1=1)
  Clock Path Skew:        0.038ns (DCD - SCD - CPR)
    Destination Clock Delay (DCD):    -0.261ns
    Source Clock Delay      (SCD):    -0.495ns
    Clock Pessimism Removal (CPR):    0.196ns

    Location             Delay type                Incr(ns)  Path(ns)    Netlist Resource(s)
  -------------------------------------------------------------------    -------------------
                         (clock cpu_clk rise edge)    0.000     0.000 r  
    K21                                               0.000     0.000 r  clk (IN)
                         net (fo=0)                   0.000     0.000    pll_clk.u_clk_pll/inst/clk_in1
    K21                  IBUF (Prop_ibuf_I_O)         0.231     0.231 r  pll_clk.u_clk_pll/inst/clkin1_ibufg/O
                         net (fo=1, routed)           0.440     0.671    pll_clk.u_clk_pll/inst/clk_in1_clk_pll
    PLLE2_ADV_X0Y3       PLLE2_ADV (Prop_plle2_adv_CLKIN1_CLKOUT0)
                                                     -2.520    -1.848 r  pll_clk.u_clk_pll/inst/plle2_adv_inst/CLKOUT0
                         net (fo=1, routed)           0.560    -1.289    pll_clk.u_clk_pll/inst/cpu_clk_clk_pll
    BUFGCTRL_X0Y16       BUFG (Prop_bufg_I_O)         0.026    -1.263 r  pll_clk.u_clk_pll/inst/clkout1_buf/O
                         net (fo=6480, routed)        0.768    -0.495    u_axi_cdc/bFifo/bufferCC_12/cpu_clk
    SLICE_X11Y46         FDCE                                         r  u_axi_cdc/bFifo/bufferCC_12/buffers_1_reg/C
  -------------------------------------------------------------------    -------------------
    SLICE_X11Y46         FDCE (Prop_fdce_C_Q)         0.128    -0.367 r  u_axi_cdc/bFifo/bufferCC_12/buffers_1_reg/Q
                         net (fo=1, routed)           0.217    -0.150    u_axi_cdc/bFifo/bufferCC_12/buffers_1
    SLICE_X11Y46         LUT1 (Prop_lut1_I0_O)        0.099    -0.051 f  u_axi_cdc/bFifo/bufferCC_12/popCC_popPtr[2]_i_2/O
                         net (fo=30, routed)          0.291     0.240    u_axi_cdc/rFifo/pushToPopGray_buffercc/buffers_0_reg[3]_1
    SLICE_X15Y46         FDCE                                         f  u_axi_cdc/rFifo/pushToPopGray_buffercc/buffers_1_reg[2]/CLR
  -------------------------------------------------------------------    -------------------

                         (clock cpu_clk rise edge)    0.000     0.000 r  
    K21                                               0.000     0.000 r  clk (IN)
                         net (fo=0)                   0.000     0.000    pll_clk.u_clk_pll/inst/clk_in1
    K21                  IBUF (Prop_ibuf_I_O)         0.419     0.419 r  pll_clk.u_clk_pll/inst/clkin1_ibufg/O
                         net (fo=1, routed)           0.481     0.900    pll_clk.u_clk_pll/inst/clk_in1_clk_pll
    PLLE2_ADV_X0Y3       PLLE2_ADV (Prop_plle2_adv_CLKIN1_CLKOUT0)
                                                     -2.847    -1.947 r  pll_clk.u_clk_pll/inst/plle2_adv_inst/CLKOUT0
                         net (fo=1, routed)           0.611    -1.337    pll_clk.u_clk_pll/inst/cpu_clk_clk_pll
    BUFGCTRL_X0Y16       BUFG (Prop_bufg_I_O)         0.029    -1.308 r  pll_clk.u_clk_pll/inst/clkout1_buf/O
                         net (fo=6480, routed)        1.047    -0.261    u_axi_cdc/rFifo/pushToPopGray_buffercc/cpu_clk
    SLICE_X15Y46         FDCE                                         r  u_axi_cdc/rFifo/pushToPopGray_buffercc/buffers_1_reg[2]/C
                         clock pessimism             -0.196    -0.457    
    SLICE_X15Y46         FDCE (Remov_fdce_C_CLR)     -0.092    -0.549    u_axi_cdc/rFifo/pushToPopGray_buffercc/buffers_1_reg[2]
  -------------------------------------------------------------------
                         required time                          0.549    
                         arrival time                           0.240    
  -------------------------------------------------------------------
                         slack                                  0.789    

Slack (MET) :             0.830ns  (arrival time - required time)
  Source:                 pll_clk.u_rst_cpu/delay_reg[1]/C
                            (rising edge-triggered cell FDCE clocked by cpu_clk  {rise@0.000ns fall@15.161ns period=30.323ns})
  Destination:            u_axi_cdc/awFifo/pushCC_pushPtr_reg[0]/CLR
                            (removal check against rising-edge clock cpu_clk  {rise@0.000ns fall@15.161ns period=30.323ns})
  Path Group:             **async_default**
  Path Type:              Removal (Min at Fast Process Corner)
  Requirement:            0.000ns  (cpu_clk rise@0.000ns - cpu_clk rise@0.000ns)
  Data Path Delay:        1.113ns  (logic 0.209ns (18.776%)  route 0.904ns (81.224%))
  Logic Levels:           1  (LUT1=1)
  Clock Path Skew:        0.375ns (DCD - SCD - CPR)
    Destination Clock Delay (DCD):    -0.232ns
    Source Clock Delay      (SCD):    -0.570ns
    Clock Pessimism Removal (CPR):    -0.037ns

    Location             Delay type                Incr(ns)  Path(ns)    Netlist Resource(s)
  -------------------------------------------------------------------    -------------------
                         (clock cpu_clk rise edge)    0.000     0.000 r  
    K21                                               0.000     0.000 r  clk (IN)
                         net (fo=0)                   0.000     0.000    pll_clk.u_clk_pll/inst/clk_in1
    K21                  IBUF (Prop_ibuf_I_O)         0.231     0.231 r  pll_clk.u_clk_pll/inst/clkin1_ibufg/O
                         net (fo=1, routed)           0.440     0.671    pll_clk.u_clk_pll/inst/clk_in1_clk_pll
    PLLE2_ADV_X0Y3       PLLE2_ADV (Prop_plle2_adv_CLKIN1_CLKOUT0)
                                                     -2.520    -1.848 r  pll_clk.u_clk_pll/inst/plle2_adv_inst/CLKOUT0
                         net (fo=1, routed)           0.560    -1.289    pll_clk.u_clk_pll/inst/cpu_clk_clk_pll
    BUFGCTRL_X0Y16       BUFG (Prop_bufg_I_O)         0.026    -1.263 r  pll_clk.u_clk_pll/inst/clkout1_buf/O
                         net (fo=6480, routed)        0.692    -0.570    pll_clk.u_rst_cpu/cpu_clk
    SLICE_X22Y53         FDCE                                         r  pll_clk.u_rst_cpu/delay_reg[1]/C
  -------------------------------------------------------------------    -------------------
    SLICE_X22Y53         FDCE (Prop_fdce_C_Q)         0.164    -0.406 r  pll_clk.u_rst_cpu/delay_reg[1]/Q
                         net (fo=1, routed)           0.223    -0.183    pll_clk.u_rst_cpu/cpu_resetn
    SLICE_X22Y53         LUT1 (Prop_lut1_I0_O)        0.045    -0.138 f  pll_clk.u_rst_cpu/reset_i_1/O
                         net (fo=40, routed)          0.681     0.543    u_axi_cdc/awFifo/p_0_in
    SLICE_X4Y43          FDCE                                         f  u_axi_cdc/awFifo/pushCC_pushPtr_reg[0]/CLR
  -------------------------------------------------------------------    -------------------

                         (clock cpu_clk rise edge)    0.000     0.000 r  
    K21                                               0.000     0.000 r  clk (IN)
                         net (fo=0)                   0.000     0.000    pll_clk.u_clk_pll/inst/clk_in1
    K21                  IBUF (Prop_ibuf_I_O)         0.419     0.419 r  pll_clk.u_clk_pll/inst/clkin1_ibufg/O
                         net (fo=1, routed)           0.481     0.900    pll_clk.u_clk_pll/inst/clk_in1_clk_pll
    PLLE2_ADV_X0Y3       PLLE2_ADV (Prop_plle2_adv_CLKIN1_CLKOUT0)
                                                     -2.847    -1.947 r  pll_clk.u_clk_pll/inst/plle2_adv_inst/CLKOUT0
                         net (fo=1, routed)           0.611    -1.337    pll_clk.u_clk_pll/inst/cpu_clk_clk_pll
    BUFGCTRL_X0Y16       BUFG (Prop_bufg_I_O)         0.029    -1.308 r  pll_clk.u_clk_pll/inst/clkout1_buf/O
                         net (fo=6480, routed)        1.076    -0.232    u_axi_cdc/awFifo/cpu_clk
    SLICE_X4Y43          FDCE                                         r  u_axi_cdc/awFifo/pushCC_pushPtr_reg[0]/C
                         clock pessimism              0.037    -0.195    
    SLICE_X4Y43          FDCE (Remov_fdce_C_CLR)     -0.092    -0.287    u_axi_cdc/awFifo/pushCC_pushPtr_reg[0]
  -------------------------------------------------------------------
                         required time                          0.287    
                         arrival time                           0.543    
  -------------------------------------------------------------------
                         slack                                  0.830    

Slack (MET) :             0.830ns  (arrival time - required time)
  Source:                 pll_clk.u_rst_cpu/delay_reg[1]/C
                            (rising edge-triggered cell FDCE clocked by cpu_clk  {rise@0.000ns fall@15.161ns period=30.323ns})
  Destination:            u_axi_cdc/awFifo/pushCC_pushPtr_reg[1]/CLR
                            (removal check against rising-edge clock cpu_clk  {rise@0.000ns fall@15.161ns period=30.323ns})
  Path Group:             **async_default**
  Path Type:              Removal (Min at Fast Process Corner)
  Requirement:            0.000ns  (cpu_clk rise@0.000ns - cpu_clk rise@0.000ns)
  Data Path Delay:        1.113ns  (logic 0.209ns (18.776%)  route 0.904ns (81.224%))
  Logic Levels:           1  (LUT1=1)
  Clock Path Skew:        0.375ns (DCD - SCD - CPR)
    Destination Clock Delay (DCD):    -0.232ns
    Source Clock Delay      (SCD):    -0.570ns
    Clock Pessimism Removal (CPR):    -0.037ns

    Location             Delay type                Incr(ns)  Path(ns)    Netlist Resource(s)
  -------------------------------------------------------------------    -------------------
                         (clock cpu_clk rise edge)    0.000     0.000 r  
    K21                                               0.000     0.000 r  clk (IN)
                         net (fo=0)                   0.000     0.000    pll_clk.u_clk_pll/inst/clk_in1
    K21                  IBUF (Prop_ibuf_I_O)         0.231     0.231 r  pll_clk.u_clk_pll/inst/clkin1_ibufg/O
                         net (fo=1, routed)           0.440     0.671    pll_clk.u_clk_pll/inst/clk_in1_clk_pll
    PLLE2_ADV_X0Y3       PLLE2_ADV (Prop_plle2_adv_CLKIN1_CLKOUT0)
                                                     -2.520    -1.848 r  pll_clk.u_clk_pll/inst/plle2_adv_inst/CLKOUT0
                         net (fo=1, routed)           0.560    -1.289    pll_clk.u_clk_pll/inst/cpu_clk_clk_pll
    BUFGCTRL_X0Y16       BUFG (Prop_bufg_I_O)         0.026    -1.263 r  pll_clk.u_clk_pll/inst/clkout1_buf/O
                         net (fo=6480, routed)        0.692    -0.570    pll_clk.u_rst_cpu/cpu_clk
    SLICE_X22Y53         FDCE                                         r  pll_clk.u_rst_cpu/delay_reg[1]/C
  -------------------------------------------------------------------    -------------------
    SLICE_X22Y53         FDCE (Prop_fdce_C_Q)         0.164    -0.406 r  pll_clk.u_rst_cpu/delay_reg[1]/Q
                         net (fo=1, routed)           0.223    -0.183    pll_clk.u_rst_cpu/cpu_resetn
    SLICE_X22Y53         LUT1 (Prop_lut1_I0_O)        0.045    -0.138 f  pll_clk.u_rst_cpu/reset_i_1/O
                         net (fo=40, routed)          0.681     0.543    u_axi_cdc/awFifo/p_0_in
    SLICE_X4Y43          FDCE                                         f  u_axi_cdc/awFifo/pushCC_pushPtr_reg[1]/CLR
  -------------------------------------------------------------------    -------------------

                         (clock cpu_clk rise edge)    0.000     0.000 r  
    K21                                               0.000     0.000 r  clk (IN)
                         net (fo=0)                   0.000     0.000    pll_clk.u_clk_pll/inst/clk_in1
    K21                  IBUF (Prop_ibuf_I_O)         0.419     0.419 r  pll_clk.u_clk_pll/inst/clkin1_ibufg/O
                         net (fo=1, routed)           0.481     0.900    pll_clk.u_clk_pll/inst/clk_in1_clk_pll
    PLLE2_ADV_X0Y3       PLLE2_ADV (Prop_plle2_adv_CLKIN1_CLKOUT0)
                                                     -2.847    -1.947 r  pll_clk.u_clk_pll/inst/plle2_adv_inst/CLKOUT0
                         net (fo=1, routed)           0.611    -1.337    pll_clk.u_clk_pll/inst/cpu_clk_clk_pll
    BUFGCTRL_X0Y16       BUFG (Prop_bufg_I_O)         0.029    -1.308 r  pll_clk.u_clk_pll/inst/clkout1_buf/O
                         net (fo=6480, routed)        1.076    -0.232    u_axi_cdc/awFifo/cpu_clk
    SLICE_X4Y43          FDCE                                         r  u_axi_cdc/awFifo/pushCC_pushPtr_reg[1]/C
                         clock pessimism              0.037    -0.195    
    SLICE_X4Y43          FDCE (Remov_fdce_C_CLR)     -0.092    -0.287    u_axi_cdc/awFifo/pushCC_pushPtr_reg[1]
  -------------------------------------------------------------------
                         required time                          0.287    
                         arrival time                           0.543    
  -------------------------------------------------------------------
                         slack                                  0.830    

Slack (MET) :             0.869ns  (arrival time - required time)
  Source:                 u_axi_cdc/bFifo/bufferCC_12/buffers_1_reg/C
                            (rising edge-triggered cell FDCE clocked by cpu_clk  {rise@0.000ns fall@15.161ns period=30.323ns})
  Destination:            u_axi_cdc/rFifo/popCC_addressGen_rValid_reg/CLR
                            (removal check against rising-edge clock cpu_clk  {rise@0.000ns fall@15.161ns period=30.323ns})
  Path Group:             **async_default**
  Path Type:              Removal (Min at Fast Process Corner)
  Requirement:            0.000ns  (cpu_clk rise@0.000ns - cpu_clk rise@0.000ns)
  Data Path Delay:        0.839ns  (logic 0.227ns (27.047%)  route 0.612ns (72.953%))
  Logic Levels:           1  (LUT1=1)
  Clock Path Skew:        0.037ns (DCD - SCD - CPR)
    Destination Clock Delay (DCD):    -0.262ns
    Source Clock Delay      (SCD):    -0.495ns
    Clock Pessimism Removal (CPR):    0.196ns

    Location             Delay type                Incr(ns)  Path(ns)    Netlist Resource(s)
  -------------------------------------------------------------------    -------------------
                         (clock cpu_clk rise edge)    0.000     0.000 r  
    K21                                               0.000     0.000 r  clk (IN)
                         net (fo=0)                   0.000     0.000    pll_clk.u_clk_pll/inst/clk_in1
    K21                  IBUF (Prop_ibuf_I_O)         0.231     0.231 r  pll_clk.u_clk_pll/inst/clkin1_ibufg/O
                         net (fo=1, routed)           0.440     0.671    pll_clk.u_clk_pll/inst/clk_in1_clk_pll
    PLLE2_ADV_X0Y3       PLLE2_ADV (Prop_plle2_adv_CLKIN1_CLKOUT0)
                                                     -2.520    -1.848 r  pll_clk.u_clk_pll/inst/plle2_adv_inst/CLKOUT0
                         net (fo=1, routed)           0.560    -1.289    pll_clk.u_clk_pll/inst/cpu_clk_clk_pll
    BUFGCTRL_X0Y16       BUFG (Prop_bufg_I_O)         0.026    -1.263 r  pll_clk.u_clk_pll/inst/clkout1_buf/O
                         net (fo=6480, routed)        0.768    -0.495    u_axi_cdc/bFifo/bufferCC_12/cpu_clk
    SLICE_X11Y46         FDCE                                         r  u_axi_cdc/bFifo/bufferCC_12/buffers_1_reg/C
  -------------------------------------------------------------------    -------------------
    SLICE_X11Y46         FDCE (Prop_fdce_C_Q)         0.128    -0.367 r  u_axi_cdc/bFifo/bufferCC_12/buffers_1_reg/Q
                         net (fo=1, routed)           0.217    -0.150    u_axi_cdc/bFifo/bufferCC_12/buffers_1
    SLICE_X11Y46         LUT1 (Prop_lut1_I0_O)        0.099    -0.051 f  u_axi_cdc/bFifo/bufferCC_12/popCC_popPtr[2]_i_2/O
                         net (fo=30, routed)          0.395     0.345    u_axi_cdc/rFifo/buffers_0_reg[3]
    SLICE_X16Y46         FDCE                                         f  u_axi_cdc/rFifo/popCC_addressGen_rValid_reg/CLR
  -------------------------------------------------------------------    -------------------

                         (clock cpu_clk rise edge)    0.000     0.000 r  
    K21                                               0.000     0.000 r  clk (IN)
                         net (fo=0)                   0.000     0.000    pll_clk.u_clk_pll/inst/clk_in1
    K21                  IBUF (Prop_ibuf_I_O)         0.419     0.419 r  pll_clk.u_clk_pll/inst/clkin1_ibufg/O
                         net (fo=1, routed)           0.481     0.900    pll_clk.u_clk_pll/inst/clk_in1_clk_pll
    PLLE2_ADV_X0Y3       PLLE2_ADV (Prop_plle2_adv_CLKIN1_CLKOUT0)
                                                     -2.847    -1.947 r  pll_clk.u_clk_pll/inst/plle2_adv_inst/CLKOUT0
                         net (fo=1, routed)           0.611    -1.337    pll_clk.u_clk_pll/inst/cpu_clk_clk_pll
    BUFGCTRL_X0Y16       BUFG (Prop_bufg_I_O)         0.029    -1.308 r  pll_clk.u_clk_pll/inst/clkout1_buf/O
                         net (fo=6480, routed)        1.046    -0.262    u_axi_cdc/rFifo/cpu_clk
    SLICE_X16Y46         FDCE                                         r  u_axi_cdc/rFifo/popCC_addressGen_rValid_reg/C
                         clock pessimism             -0.196    -0.458    
    SLICE_X16Y46         FDCE (Remov_fdce_C_CLR)     -0.067    -0.525    u_axi_cdc/rFifo/popCC_addressGen_rValid_reg
  -------------------------------------------------------------------
                         required time                          0.525    
                         arrival time                           0.345    
  -------------------------------------------------------------------
                         slack                                  0.869    

Slack (MET) :             0.869ns  (arrival time - required time)
  Source:                 u_axi_cdc/bFifo/bufferCC_12/buffers_1_reg/C
                            (rising edge-triggered cell FDCE clocked by cpu_clk  {rise@0.000ns fall@15.161ns period=30.323ns})
  Destination:            u_axi_cdc/rFifo/pushToPopGray_buffercc/buffers_0_reg[1]/CLR
                            (removal check against rising-edge clock cpu_clk  {rise@0.000ns fall@15.161ns period=30.323ns})
  Path Group:             **async_default**
  Path Type:              Removal (Min at Fast Process Corner)
  Requirement:            0.000ns  (cpu_clk rise@0.000ns - cpu_clk rise@0.000ns)
  Data Path Delay:        0.839ns  (logic 0.227ns (27.047%)  route 0.612ns (72.953%))
  Logic Levels:           1  (LUT1=1)
  Clock Path Skew:        0.037ns (DCD - SCD - CPR)
    Destination Clock Delay (DCD):    -0.262ns
    Source Clock Delay      (SCD):    -0.495ns
    Clock Pessimism Removal (CPR):    0.196ns

    Location             Delay type                Incr(ns)  Path(ns)    Netlist Resource(s)
  -------------------------------------------------------------------    -------------------
                         (clock cpu_clk rise edge)    0.000     0.000 r  
    K21                                               0.000     0.000 r  clk (IN)
                         net (fo=0)                   0.000     0.000    pll_clk.u_clk_pll/inst/clk_in1
    K21                  IBUF (Prop_ibuf_I_O)         0.231     0.231 r  pll_clk.u_clk_pll/inst/clkin1_ibufg/O
                         net (fo=1, routed)           0.440     0.671    pll_clk.u_clk_pll/inst/clk_in1_clk_pll
    PLLE2_ADV_X0Y3       PLLE2_ADV (Prop_plle2_adv_CLKIN1_CLKOUT0)
                                                     -2.520    -1.848 r  pll_clk.u_clk_pll/inst/plle2_adv_inst/CLKOUT0
                         net (fo=1, routed)           0.560    -1.289    pll_clk.u_clk_pll/inst/cpu_clk_clk_pll
    BUFGCTRL_X0Y16       BUFG (Prop_bufg_I_O)         0.026    -1.263 r  pll_clk.u_clk_pll/inst/clkout1_buf/O
                         net (fo=6480, routed)        0.768    -0.495    u_axi_cdc/bFifo/bufferCC_12/cpu_clk
    SLICE_X11Y46         FDCE                                         r  u_axi_cdc/bFifo/bufferCC_12/buffers_1_reg/C
  -------------------------------------------------------------------    -------------------
    SLICE_X11Y46         FDCE (Prop_fdce_C_Q)         0.128    -0.367 r  u_axi_cdc/bFifo/bufferCC_12/buffers_1_reg/Q
                         net (fo=1, routed)           0.217    -0.150    u_axi_cdc/bFifo/bufferCC_12/buffers_1
    SLICE_X11Y46         LUT1 (Prop_lut1_I0_O)        0.099    -0.051 f  u_axi_cdc/bFifo/bufferCC_12/popCC_popPtr[2]_i_2/O
                         net (fo=30, routed)          0.395     0.345    u_axi_cdc/rFifo/pushToPopGray_buffercc/buffers_0_reg[3]_1
    SLICE_X16Y46         FDCE                                         f  u_axi_cdc/rFifo/pushToPopGray_buffercc/buffers_0_reg[1]/CLR
  -------------------------------------------------------------------    -------------------

                         (clock cpu_clk rise edge)    0.000     0.000 r  
    K21                                               0.000     0.000 r  clk (IN)
                         net (fo=0)                   0.000     0.000    pll_clk.u_clk_pll/inst/clk_in1
    K21                  IBUF (Prop_ibuf_I_O)         0.419     0.419 r  pll_clk.u_clk_pll/inst/clkin1_ibufg/O
                         net (fo=1, routed)           0.481     0.900    pll_clk.u_clk_pll/inst/clk_in1_clk_pll
    PLLE2_ADV_X0Y3       PLLE2_ADV (Prop_plle2_adv_CLKIN1_CLKOUT0)
                                                     -2.847    -1.947 r  pll_clk.u_clk_pll/inst/plle2_adv_inst/CLKOUT0
                         net (fo=1, routed)           0.611    -1.337    pll_clk.u_clk_pll/inst/cpu_clk_clk_pll
    BUFGCTRL_X0Y16       BUFG (Prop_bufg_I_O)         0.029    -1.308 r  pll_clk.u_clk_pll/inst/clkout1_buf/O
                         net (fo=6480, routed)        1.046    -0.262    u_axi_cdc/rFifo/pushToPopGray_buffercc/cpu_clk
    SLICE_X16Y46         FDCE                                         r  u_axi_cdc/rFifo/pushToPopGray_buffercc/buffers_0_reg[1]/C
                         clock pessimism             -0.196    -0.458    
    SLICE_X16Y46         FDCE (Remov_fdce_C_CLR)     -0.067    -0.525    u_axi_cdc/rFifo/pushToPopGray_buffercc/buffers_0_reg[1]
  -------------------------------------------------------------------
                         required time                          0.525    
                         arrival time                           0.345    
  -------------------------------------------------------------------
                         slack                                  0.869    





---------------------------------------------------------------------------------------------------
Path Group:  **async_default**
From Clock:  sys_clk
  To Clock:  sys_clk

Setup :            0  Failing Endpoints,  Worst Slack       10.809ns,  Total Violation        0.000ns
Hold  :            0  Failing Endpoints,  Worst Slack        0.816ns,  Total Violation        0.000ns
---------------------------------------------------------------------------------------------------


Max Delay Paths
--------------------------------------------------------------------------------------
Slack (MET) :             10.809ns  (required time - arrival time)
  Source:                 pll_clk.u_rst_sys/delay_reg[1]/C
                            (rising edge-triggered cell FDCE clocked by sys_clk  {rise@0.000ns fall@10.000ns period=20.000ns})
  Destination:            u_confreg/sys_timer_reg[2]/CLR
                            (recovery check against rising-edge clock sys_clk  {rise@0.000ns fall@10.000ns period=20.000ns})
  Path Group:             **async_default**
  Path Type:              Recovery (Max at Slow Process Corner)
  Requirement:            20.000ns  (sys_clk rise@20.000ns - sys_clk rise@0.000ns)
  Data Path Delay:        8.621ns  (logic 0.606ns (7.030%)  route 8.015ns (92.970%))
  Logic Levels:           1  (LUT1=1)
  Clock Path Skew:        0.063ns (DCD - SCD + CPR)
    Destination Clock Delay (DCD):    -1.753ns = ( 18.247 - 20.000 ) 
    Source Clock Delay      (SCD):    -2.314ns
    Clock Pessimism Removal (CPR):    -0.498ns
  Clock Uncertainty:      0.068ns  ((TSJ^2 + DJ^2)^1/2) / 2 + PE
    Total System Jitter     (TSJ):    0.071ns
    Discrete Jitter          (DJ):    0.117ns
    Phase Error              (PE):    0.000ns

    Location             Delay type                Incr(ns)  Path(ns)    Netlist Resource(s)
  -------------------------------------------------------------------    -------------------
                         (clock sys_clk rise edge)    0.000     0.000 r  
    K21                                               0.000     0.000 r  clk (IN)
                         net (fo=0)                   0.000     0.000    pll_clk.u_clk_pll/inst/clk_in1
    K21                  IBUF (Prop_ibuf_I_O)         1.463     1.463 r  pll_clk.u_clk_pll/inst/clkin1_ibufg/O
                         net (fo=1, routed)           1.253     2.716    pll_clk.u_clk_pll/inst/clk_in1_clk_pll
    PLLE2_ADV_X0Y3       PLLE2_ADV (Prop_plle2_adv_CLKIN1_CLKOUT1)
                                                     -8.991    -6.275 r  pll_clk.u_clk_pll/inst/plle2_adv_inst/CLKOUT1
                         net (fo=1, routed)           1.837    -4.438    pll_clk.u_clk_pll/inst/sys_clk_clk_pll
    BUFGCTRL_X0Y17       BUFG (Prop_bufg_I_O)         0.096    -4.342 r  pll_clk.u_clk_pll/inst/clkout2_buf/O
                         net (fo=1121, routed)        2.028    -2.314    pll_clk.u_rst_sys/CLK
    SLICE_X3Y52          FDCE                                         r  pll_clk.u_rst_sys/delay_reg[1]/C
  -------------------------------------------------------------------    -------------------
    SLICE_X3Y52          FDCE (Prop_fdce_C_Q)         0.456    -1.858 r  pll_clk.u_rst_sys/delay_reg[1]/Q
                         net (fo=40, routed)          2.116     0.259    pll_clk.u_rst_sys/Q[0]
    SLICE_X20Y56         LUT1 (Prop_lut1_I0_O)        0.150     0.409 f  pll_clk.u_rst_sys/pushCC_pushPtr[1]_i_3/O
                         net (fo=641, routed)         5.898     6.307    u_confreg/prst
    SLICE_X6Y46          FDCE                                         f  u_confreg/sys_timer_reg[2]/CLR
  -------------------------------------------------------------------    -------------------

                         (clock sys_clk rise edge)   20.000    20.000 r  
    K21                                               0.000    20.000 r  clk (IN)
                         net (fo=0)                   0.000    20.000    pll_clk.u_clk_pll/inst/clk_in1
    K21                  IBUF (Prop_ibuf_I_O)         1.393    21.393 r  pll_clk.u_clk_pll/inst/clkin1_ibufg/O
                         net (fo=1, routed)           1.181    22.573    pll_clk.u_clk_pll/inst/clk_in1_clk_pll
    PLLE2_ADV_X0Y3       PLLE2_ADV (Prop_plle2_adv_CLKIN1_CLKOUT1)
                                                     -8.248    14.326 r  pll_clk.u_clk_pll/inst/plle2_adv_inst/CLKOUT1
                         net (fo=1, routed)           1.755    16.081    pll_clk.u_clk_pll/inst/sys_clk_clk_pll
    BUFGCTRL_X0Y17       BUFG (Prop_bufg_I_O)         0.091    16.172 r  pll_clk.u_clk_pll/inst/clkout2_buf/O
                         net (fo=1121, routed)        2.076    18.247    u_confreg/sys_clk
    SLICE_X6Y46          FDCE                                         r  u_confreg/sys_timer_reg[2]/C
                         clock pessimism             -0.498    17.749    
                         clock uncertainty           -0.068    17.681    
    SLICE_X6Y46          FDCE (Recov_fdce_C_CLR)     -0.565    17.116    u_confreg/sys_timer_reg[2]
  -------------------------------------------------------------------
                         required time                         17.116    
                         arrival time                          -6.307    
  -------------------------------------------------------------------
                         slack                                 10.809    

Slack (MET) :             10.809ns  (required time - arrival time)
  Source:                 pll_clk.u_rst_sys/delay_reg[1]/C
                            (rising edge-triggered cell FDCE clocked by sys_clk  {rise@0.000ns fall@10.000ns period=20.000ns})
  Destination:            u_confreg/sys_timer_reg[30]/CLR
                            (recovery check against rising-edge clock sys_clk  {rise@0.000ns fall@10.000ns period=20.000ns})
  Path Group:             **async_default**
  Path Type:              Recovery (Max at Slow Process Corner)
  Requirement:            20.000ns  (sys_clk rise@20.000ns - sys_clk rise@0.000ns)
  Data Path Delay:        8.621ns  (logic 0.606ns (7.030%)  route 8.015ns (92.970%))
  Logic Levels:           1  (LUT1=1)
  Clock Path Skew:        0.063ns (DCD - SCD + CPR)
    Destination Clock Delay (DCD):    -1.753ns = ( 18.247 - 20.000 ) 
    Source Clock Delay      (SCD):    -2.314ns
    Clock Pessimism Removal (CPR):    -0.498ns
  Clock Uncertainty:      0.068ns  ((TSJ^2 + DJ^2)^1/2) / 2 + PE
    Total System Jitter     (TSJ):    0.071ns
    Discrete Jitter          (DJ):    0.117ns
    Phase Error              (PE):    0.000ns

    Location             Delay type                Incr(ns)  Path(ns)    Netlist Resource(s)
  -------------------------------------------------------------------    -------------------
                         (clock sys_clk rise edge)    0.000     0.000 r  
    K21                                               0.000     0.000 r  clk (IN)
                         net (fo=0)                   0.000     0.000    pll_clk.u_clk_pll/inst/clk_in1
    K21                  IBUF (Prop_ibuf_I_O)         1.463     1.463 r  pll_clk.u_clk_pll/inst/clkin1_ibufg/O
                         net (fo=1, routed)           1.253     2.716    pll_clk.u_clk_pll/inst/clk_in1_clk_pll
    PLLE2_ADV_X0Y3       PLLE2_ADV (Prop_plle2_adv_CLKIN1_CLKOUT1)
                                                     -8.991    -6.275 r  pll_clk.u_clk_pll/inst/plle2_adv_inst/CLKOUT1
                         net (fo=1, routed)           1.837    -4.438    pll_clk.u_clk_pll/inst/sys_clk_clk_pll
    BUFGCTRL_X0Y17       BUFG (Prop_bufg_I_O)         0.096    -4.342 r  pll_clk.u_clk_pll/inst/clkout2_buf/O
                         net (fo=1121, routed)        2.028    -2.314    pll_clk.u_rst_sys/CLK
    SLICE_X3Y52          FDCE                                         r  pll_clk.u_rst_sys/delay_reg[1]/C
  -------------------------------------------------------------------    -------------------
    SLICE_X3Y52          FDCE (Prop_fdce_C_Q)         0.456    -1.858 r  pll_clk.u_rst_sys/delay_reg[1]/Q
                         net (fo=40, routed)          2.116     0.259    pll_clk.u_rst_sys/Q[0]
    SLICE_X20Y56         LUT1 (Prop_lut1_I0_O)        0.150     0.409 f  pll_clk.u_rst_sys/pushCC_pushPtr[1]_i_3/O
                         net (fo=641, routed)         5.898     6.307    u_confreg/prst
    SLICE_X6Y46          FDCE                                         f  u_confreg/sys_timer_reg[30]/CLR
  -------------------------------------------------------------------    -------------------

                         (clock sys_clk rise edge)   20.000    20.000 r  
    K21                                               0.000    20.000 r  clk (IN)
                         net (fo=0)                   0.000    20.000    pll_clk.u_clk_pll/inst/clk_in1
    K21                  IBUF (Prop_ibuf_I_O)         1.393    21.393 r  pll_clk.u_clk_pll/inst/clkin1_ibufg/O
                         net (fo=1, routed)           1.181    22.573    pll_clk.u_clk_pll/inst/clk_in1_clk_pll
    PLLE2_ADV_X0Y3       PLLE2_ADV (Prop_plle2_adv_CLKIN1_CLKOUT1)
                                                     -8.248    14.326 r  pll_clk.u_clk_pll/inst/plle2_adv_inst/CLKOUT1
                         net (fo=1, routed)           1.755    16.081    pll_clk.u_clk_pll/inst/sys_clk_clk_pll
    BUFGCTRL_X0Y17       BUFG (Prop_bufg_I_O)         0.091    16.172 r  pll_clk.u_clk_pll/inst/clkout2_buf/O
                         net (fo=1121, routed)        2.076    18.247    u_confreg/sys_clk
    SLICE_X6Y46          FDCE                                         r  u_confreg/sys_timer_reg[30]/C
                         clock pessimism             -0.498    17.749    
                         clock uncertainty           -0.068    17.681    
    SLICE_X6Y46          FDCE (Recov_fdce_C_CLR)     -0.565    17.116    u_confreg/sys_timer_reg[30]
  -------------------------------------------------------------------
                         required time                         17.116    
                         arrival time                          -6.307    
  -------------------------------------------------------------------
                         slack                                 10.809    

Slack (MET) :             10.809ns  (required time - arrival time)
  Source:                 pll_clk.u_rst_sys/delay_reg[1]/C
                            (rising edge-triggered cell FDCE clocked by sys_clk  {rise@0.000ns fall@10.000ns period=20.000ns})
  Destination:            u_confreg/sys_timer_reg[4]/CLR
                            (recovery check against rising-edge clock sys_clk  {rise@0.000ns fall@10.000ns period=20.000ns})
  Path Group:             **async_default**
  Path Type:              Recovery (Max at Slow Process Corner)
  Requirement:            20.000ns  (sys_clk rise@20.000ns - sys_clk rise@0.000ns)
  Data Path Delay:        8.621ns  (logic 0.606ns (7.030%)  route 8.015ns (92.970%))
  Logic Levels:           1  (LUT1=1)
  Clock Path Skew:        0.063ns (DCD - SCD + CPR)
    Destination Clock Delay (DCD):    -1.753ns = ( 18.247 - 20.000 ) 
    Source Clock Delay      (SCD):    -2.314ns
    Clock Pessimism Removal (CPR):    -0.498ns
  Clock Uncertainty:      0.068ns  ((TSJ^2 + DJ^2)^1/2) / 2 + PE
    Total System Jitter     (TSJ):    0.071ns
    Discrete Jitter          (DJ):    0.117ns
    Phase Error              (PE):    0.000ns

    Location             Delay type                Incr(ns)  Path(ns)    Netlist Resource(s)
  -------------------------------------------------------------------    -------------------
                         (clock sys_clk rise edge)    0.000     0.000 r  
    K21                                               0.000     0.000 r  clk (IN)
                         net (fo=0)                   0.000     0.000    pll_clk.u_clk_pll/inst/clk_in1
    K21                  IBUF (Prop_ibuf_I_O)         1.463     1.463 r  pll_clk.u_clk_pll/inst/clkin1_ibufg/O
                         net (fo=1, routed)           1.253     2.716    pll_clk.u_clk_pll/inst/clk_in1_clk_pll
    PLLE2_ADV_X0Y3       PLLE2_ADV (Prop_plle2_adv_CLKIN1_CLKOUT1)
                                                     -8.991    -6.275 r  pll_clk.u_clk_pll/inst/plle2_adv_inst/CLKOUT1
                         net (fo=1, routed)           1.837    -4.438    pll_clk.u_clk_pll/inst/sys_clk_clk_pll
    BUFGCTRL_X0Y17       BUFG (Prop_bufg_I_O)         0.096    -4.342 r  pll_clk.u_clk_pll/inst/clkout2_buf/O
                         net (fo=1121, routed)        2.028    -2.314    pll_clk.u_rst_sys/CLK
    SLICE_X3Y52          FDCE                                         r  pll_clk.u_rst_sys/delay_reg[1]/C
  -------------------------------------------------------------------    -------------------
    SLICE_X3Y52          FDCE (Prop_fdce_C_Q)         0.456    -1.858 r  pll_clk.u_rst_sys/delay_reg[1]/Q
                         net (fo=40, routed)          2.116     0.259    pll_clk.u_rst_sys/Q[0]
    SLICE_X20Y56         LUT1 (Prop_lut1_I0_O)        0.150     0.409 f  pll_clk.u_rst_sys/pushCC_pushPtr[1]_i_3/O
                         net (fo=641, routed)         5.898     6.307    u_confreg/prst
    SLICE_X6Y46          FDCE                                         f  u_confreg/sys_timer_reg[4]/CLR
  -------------------------------------------------------------------    -------------------

                         (clock sys_clk rise edge)   20.000    20.000 r  
    K21                                               0.000    20.000 r  clk (IN)
                         net (fo=0)                   0.000    20.000    pll_clk.u_clk_pll/inst/clk_in1
    K21                  IBUF (Prop_ibuf_I_O)         1.393    21.393 r  pll_clk.u_clk_pll/inst/clkin1_ibufg/O
                         net (fo=1, routed)           1.181    22.573    pll_clk.u_clk_pll/inst/clk_in1_clk_pll
    PLLE2_ADV_X0Y3       PLLE2_ADV (Prop_plle2_adv_CLKIN1_CLKOUT1)
                                                     -8.248    14.326 r  pll_clk.u_clk_pll/inst/plle2_adv_inst/CLKOUT1
                         net (fo=1, routed)           1.755    16.081    pll_clk.u_clk_pll/inst/sys_clk_clk_pll
    BUFGCTRL_X0Y17       BUFG (Prop_bufg_I_O)         0.091    16.172 r  pll_clk.u_clk_pll/inst/clkout2_buf/O
                         net (fo=1121, routed)        2.076    18.247    u_confreg/sys_clk
    SLICE_X6Y46          FDCE                                         r  u_confreg/sys_timer_reg[4]/C
                         clock pessimism             -0.498    17.749    
                         clock uncertainty           -0.068    17.681    
    SLICE_X6Y46          FDCE (Recov_fdce_C_CLR)     -0.565    17.116    u_confreg/sys_timer_reg[4]
  -------------------------------------------------------------------
                         required time                         17.116    
                         arrival time                          -6.307    
  -------------------------------------------------------------------
                         slack                                 10.809    

Slack (MET) :             10.809ns  (required time - arrival time)
  Source:                 pll_clk.u_rst_sys/delay_reg[1]/C
                            (rising edge-triggered cell FDCE clocked by sys_clk  {rise@0.000ns fall@10.000ns period=20.000ns})
  Destination:            u_confreg/sys_timer_reg[5]/CLR
                            (recovery check against rising-edge clock sys_clk  {rise@0.000ns fall@10.000ns period=20.000ns})
  Path Group:             **async_default**
  Path Type:              Recovery (Max at Slow Process Corner)
  Requirement:            20.000ns  (sys_clk rise@20.000ns - sys_clk rise@0.000ns)
  Data Path Delay:        8.621ns  (logic 0.606ns (7.030%)  route 8.015ns (92.970%))
  Logic Levels:           1  (LUT1=1)
  Clock Path Skew:        0.063ns (DCD - SCD + CPR)
    Destination Clock Delay (DCD):    -1.753ns = ( 18.247 - 20.000 ) 
    Source Clock Delay      (SCD):    -2.314ns
    Clock Pessimism Removal (CPR):    -0.498ns
  Clock Uncertainty:      0.068ns  ((TSJ^2 + DJ^2)^1/2) / 2 + PE
    Total System Jitter     (TSJ):    0.071ns
    Discrete Jitter          (DJ):    0.117ns
    Phase Error              (PE):    0.000ns

    Location             Delay type                Incr(ns)  Path(ns)    Netlist Resource(s)
  -------------------------------------------------------------------    -------------------
                         (clock sys_clk rise edge)    0.000     0.000 r  
    K21                                               0.000     0.000 r  clk (IN)
                         net (fo=0)                   0.000     0.000    pll_clk.u_clk_pll/inst/clk_in1
    K21                  IBUF (Prop_ibuf_I_O)         1.463     1.463 r  pll_clk.u_clk_pll/inst/clkin1_ibufg/O
                         net (fo=1, routed)           1.253     2.716    pll_clk.u_clk_pll/inst/clk_in1_clk_pll
    PLLE2_ADV_X0Y3       PLLE2_ADV (Prop_plle2_adv_CLKIN1_CLKOUT1)
                                                     -8.991    -6.275 r  pll_clk.u_clk_pll/inst/plle2_adv_inst/CLKOUT1
                         net (fo=1, routed)           1.837    -4.438    pll_clk.u_clk_pll/inst/sys_clk_clk_pll
    BUFGCTRL_X0Y17       BUFG (Prop_bufg_I_O)         0.096    -4.342 r  pll_clk.u_clk_pll/inst/clkout2_buf/O
                         net (fo=1121, routed)        2.028    -2.314    pll_clk.u_rst_sys/CLK
    SLICE_X3Y52          FDCE                                         r  pll_clk.u_rst_sys/delay_reg[1]/C
  -------------------------------------------------------------------    -------------------
    SLICE_X3Y52          FDCE (Prop_fdce_C_Q)         0.456    -1.858 r  pll_clk.u_rst_sys/delay_reg[1]/Q
                         net (fo=40, routed)          2.116     0.259    pll_clk.u_rst_sys/Q[0]
    SLICE_X20Y56         LUT1 (Prop_lut1_I0_O)        0.150     0.409 f  pll_clk.u_rst_sys/pushCC_pushPtr[1]_i_3/O
                         net (fo=641, routed)         5.898     6.307    u_confreg/prst
    SLICE_X6Y46          FDCE                                         f  u_confreg/sys_timer_reg[5]/CLR
  -------------------------------------------------------------------    -------------------

                         (clock sys_clk rise edge)   20.000    20.000 r  
    K21                                               0.000    20.000 r  clk (IN)
                         net (fo=0)                   0.000    20.000    pll_clk.u_clk_pll/inst/clk_in1
    K21                  IBUF (Prop_ibuf_I_O)         1.393    21.393 r  pll_clk.u_clk_pll/inst/clkin1_ibufg/O
                         net (fo=1, routed)           1.181    22.573    pll_clk.u_clk_pll/inst/clk_in1_clk_pll
    PLLE2_ADV_X0Y3       PLLE2_ADV (Prop_plle2_adv_CLKIN1_CLKOUT1)
                                                     -8.248    14.326 r  pll_clk.u_clk_pll/inst/plle2_adv_inst/CLKOUT1
                         net (fo=1, routed)           1.755    16.081    pll_clk.u_clk_pll/inst/sys_clk_clk_pll
    BUFGCTRL_X0Y17       BUFG (Prop_bufg_I_O)         0.091    16.172 r  pll_clk.u_clk_pll/inst/clkout2_buf/O
                         net (fo=1121, routed)        2.076    18.247    u_confreg/sys_clk
    SLICE_X6Y46          FDCE                                         r  u_confreg/sys_timer_reg[5]/C
                         clock pessimism             -0.498    17.749    
                         clock uncertainty           -0.068    17.681    
    SLICE_X6Y46          FDCE (Recov_fdce_C_CLR)     -0.565    17.116    u_confreg/sys_timer_reg[5]
  -------------------------------------------------------------------
                         required time                         17.116    
                         arrival time                          -6.307    
  -------------------------------------------------------------------
                         slack                                 10.809    

Slack (MET) :             10.851ns  (required time - arrival time)
  Source:                 pll_clk.u_rst_sys/delay_reg[1]/C
                            (rising edge-triggered cell FDCE clocked by sys_clk  {rise@0.000ns fall@10.000ns period=20.000ns})
  Destination:            u_confreg/sys_timer_reg[1]/CLR
                            (recovery check against rising-edge clock sys_clk  {rise@0.000ns fall@10.000ns period=20.000ns})
  Path Group:             **async_default**
  Path Type:              Recovery (Max at Slow Process Corner)
  Requirement:            20.000ns  (sys_clk rise@20.000ns - sys_clk rise@0.000ns)
  Data Path Delay:        8.621ns  (logic 0.606ns (7.030%)  route 8.015ns (92.970%))
  Logic Levels:           1  (LUT1=1)
  Clock Path Skew:        0.063ns (DCD - SCD + CPR)
    Destination Clock Delay (DCD):    -1.753ns = ( 18.247 - 20.000 ) 
    Source Clock Delay      (SCD):    -2.314ns
    Clock Pessimism Removal (CPR):    -0.498ns
  Clock Uncertainty:      0.068ns  ((TSJ^2 + DJ^2)^1/2) / 2 + PE
    Total System Jitter     (TSJ):    0.071ns
    Discrete Jitter          (DJ):    0.117ns
    Phase Error              (PE):    0.000ns

    Location             Delay type                Incr(ns)  Path(ns)    Netlist Resource(s)
  -------------------------------------------------------------------    -------------------
                         (clock sys_clk rise edge)    0.000     0.000 r  
    K21                                               0.000     0.000 r  clk (IN)
                         net (fo=0)                   0.000     0.000    pll_clk.u_clk_pll/inst/clk_in1
    K21                  IBUF (Prop_ibuf_I_O)         1.463     1.463 r  pll_clk.u_clk_pll/inst/clkin1_ibufg/O
                         net (fo=1, routed)           1.253     2.716    pll_clk.u_clk_pll/inst/clk_in1_clk_pll
    PLLE2_ADV_X0Y3       PLLE2_ADV (Prop_plle2_adv_CLKIN1_CLKOUT1)
                                                     -8.991    -6.275 r  pll_clk.u_clk_pll/inst/plle2_adv_inst/CLKOUT1
                         net (fo=1, routed)           1.837    -4.438    pll_clk.u_clk_pll/inst/sys_clk_clk_pll
    BUFGCTRL_X0Y17       BUFG (Prop_bufg_I_O)         0.096    -4.342 r  pll_clk.u_clk_pll/inst/clkout2_buf/O
                         net (fo=1121, routed)        2.028    -2.314    pll_clk.u_rst_sys/CLK
    SLICE_X3Y52          FDCE                                         r  pll_clk.u_rst_sys/delay_reg[1]/C
  -------------------------------------------------------------------    -------------------
    SLICE_X3Y52          FDCE (Prop_fdce_C_Q)         0.456    -1.858 r  pll_clk.u_rst_sys/delay_reg[1]/Q
                         net (fo=40, routed)          2.116     0.259    pll_clk.u_rst_sys/Q[0]
    SLICE_X20Y56         LUT1 (Prop_lut1_I0_O)        0.150     0.409 f  pll_clk.u_rst_sys/pushCC_pushPtr[1]_i_3/O
                         net (fo=641, routed)         5.898     6.307    u_confreg/prst
    SLICE_X6Y46          FDCE                                         f  u_confreg/sys_timer_reg[1]/CLR
  -------------------------------------------------------------------    -------------------

                         (clock sys_clk rise edge)   20.000    20.000 r  
    K21                                               0.000    20.000 r  clk (IN)
                         net (fo=0)                   0.000    20.000    pll_clk.u_clk_pll/inst/clk_in1
    K21                  IBUF (Prop_ibuf_I_O)         1.393    21.393 r  pll_clk.u_clk_pll/inst/clkin1_ibufg/O
                         net (fo=1, routed)           1.181    22.573    pll_clk.u_clk_pll/inst/clk_in1_clk_pll
    PLLE2_ADV_X0Y3       PLLE2_ADV (Prop_plle2_adv_CLKIN1_CLKOUT1)
                                                     -8.248    14.326 r  pll_clk.u_clk_pll/inst/plle2_adv_inst/CLKOUT1
                         net (fo=1, routed)           1.755    16.081    pll_clk.u_clk_pll/inst/sys_clk_clk_pll
    BUFGCTRL_X0Y17       BUFG (Prop_bufg_I_O)         0.091    16.172 r  pll_clk.u_clk_pll/inst/clkout2_buf/O
                         net (fo=1121, routed)        2.076    18.247    u_confreg/sys_clk
    SLICE_X6Y46          FDCE                                         r  u_confreg/sys_timer_reg[1]/C
                         clock pessimism             -0.498    17.749    
                         clock uncertainty           -0.068    17.681    
    SLICE_X6Y46          FDCE (Recov_fdce_C_CLR)     -0.523    17.158    u_confreg/sys_timer_reg[1]
  -------------------------------------------------------------------
                         required time                         17.158    
                         arrival time                          -6.307    
  -------------------------------------------------------------------
                         slack                                 10.851    

Slack (MET) :             10.851ns  (required time - arrival time)
  Source:                 pll_clk.u_rst_sys/delay_reg[1]/C
                            (rising edge-triggered cell FDCE clocked by sys_clk  {rise@0.000ns fall@10.000ns period=20.000ns})
  Destination:            u_confreg/sys_timer_reg[24]/CLR
                            (recovery check against rising-edge clock sys_clk  {rise@0.000ns fall@10.000ns period=20.000ns})
  Path Group:             **async_default**
  Path Type:              Recovery (Max at Slow Process Corner)
  Requirement:            20.000ns  (sys_clk rise@20.000ns - sys_clk rise@0.000ns)
  Data Path Delay:        8.621ns  (logic 0.606ns (7.030%)  route 8.015ns (92.970%))
  Logic Levels:           1  (LUT1=1)
  Clock Path Skew:        0.063ns (DCD - SCD + CPR)
    Destination Clock Delay (DCD):    -1.753ns = ( 18.247 - 20.000 ) 
    Source Clock Delay      (SCD):    -2.314ns
    Clock Pessimism Removal (CPR):    -0.498ns
  Clock Uncertainty:      0.068ns  ((TSJ^2 + DJ^2)^1/2) / 2 + PE
    Total System Jitter     (TSJ):    0.071ns
    Discrete Jitter          (DJ):    0.117ns
    Phase Error              (PE):    0.000ns

    Location             Delay type                Incr(ns)  Path(ns)    Netlist Resource(s)
  -------------------------------------------------------------------    -------------------
                         (clock sys_clk rise edge)    0.000     0.000 r  
    K21                                               0.000     0.000 r  clk (IN)
                         net (fo=0)                   0.000     0.000    pll_clk.u_clk_pll/inst/clk_in1
    K21                  IBUF (Prop_ibuf_I_O)         1.463     1.463 r  pll_clk.u_clk_pll/inst/clkin1_ibufg/O
                         net (fo=1, routed)           1.253     2.716    pll_clk.u_clk_pll/inst/clk_in1_clk_pll
    PLLE2_ADV_X0Y3       PLLE2_ADV (Prop_plle2_adv_CLKIN1_CLKOUT1)
                                                     -8.991    -6.275 r  pll_clk.u_clk_pll/inst/plle2_adv_inst/CLKOUT1
                         net (fo=1, routed)           1.837    -4.438    pll_clk.u_clk_pll/inst/sys_clk_clk_pll
    BUFGCTRL_X0Y17       BUFG (Prop_bufg_I_O)         0.096    -4.342 r  pll_clk.u_clk_pll/inst/clkout2_buf/O
                         net (fo=1121, routed)        2.028    -2.314    pll_clk.u_rst_sys/CLK
    SLICE_X3Y52          FDCE                                         r  pll_clk.u_rst_sys/delay_reg[1]/C
  -------------------------------------------------------------------    -------------------
    SLICE_X3Y52          FDCE (Prop_fdce_C_Q)         0.456    -1.858 r  pll_clk.u_rst_sys/delay_reg[1]/Q
                         net (fo=40, routed)          2.116     0.259    pll_clk.u_rst_sys/Q[0]
    SLICE_X20Y56         LUT1 (Prop_lut1_I0_O)        0.150     0.409 f  pll_clk.u_rst_sys/pushCC_pushPtr[1]_i_3/O
                         net (fo=641, routed)         5.898     6.307    u_confreg/prst
    SLICE_X6Y46          FDCE                                         f  u_confreg/sys_timer_reg[24]/CLR
  -------------------------------------------------------------------    -------------------

                         (clock sys_clk rise edge)   20.000    20.000 r  
    K21                                               0.000    20.000 r  clk (IN)
                         net (fo=0)                   0.000    20.000    pll_clk.u_clk_pll/inst/clk_in1
    K21                  IBUF (Prop_ibuf_I_O)         1.393    21.393 r  pll_clk.u_clk_pll/inst/clkin1_ibufg/O
                         net (fo=1, routed)           1.181    22.573    pll_clk.u_clk_pll/inst/clk_in1_clk_pll
    PLLE2_ADV_X0Y3       PLLE2_ADV (Prop_plle2_adv_CLKIN1_CLKOUT1)
                                                     -8.248    14.326 r  pll_clk.u_clk_pll/inst/plle2_adv_inst/CLKOUT1
                         net (fo=1, routed)           1.755    16.081    pll_clk.u_clk_pll/inst/sys_clk_clk_pll
    BUFGCTRL_X0Y17       BUFG (Prop_bufg_I_O)         0.091    16.172 r  pll_clk.u_clk_pll/inst/clkout2_buf/O
                         net (fo=1121, routed)        2.076    18.247    u_confreg/sys_clk
    SLICE_X6Y46          FDCE                                         r  u_confreg/sys_timer_reg[24]/C
                         clock pessimism             -0.498    17.749    
                         clock uncertainty           -0.068    17.681    
    SLICE_X6Y46          FDCE (Recov_fdce_C_CLR)     -0.523    17.158    u_confreg/sys_timer_reg[24]
  -------------------------------------------------------------------
                         required time                         17.158    
                         arrival time                          -6.307    
  -------------------------------------------------------------------
                         slack                                 10.851    

Slack (MET) :             10.851ns  (required time - arrival time)
  Source:                 pll_clk.u_rst_sys/delay_reg[1]/C
                            (rising edge-triggered cell FDCE clocked by sys_clk  {rise@0.000ns fall@10.000ns period=20.000ns})
  Destination:            u_confreg/sys_timer_reg[25]/CLR
                            (recovery check against rising-edge clock sys_clk  {rise@0.000ns fall@10.000ns period=20.000ns})
  Path Group:             **async_default**
  Path Type:              Recovery (Max at Slow Process Corner)
  Requirement:            20.000ns  (sys_clk rise@20.000ns - sys_clk rise@0.000ns)
  Data Path Delay:        8.621ns  (logic 0.606ns (7.030%)  route 8.015ns (92.970%))
  Logic Levels:           1  (LUT1=1)
  Clock Path Skew:        0.063ns (DCD - SCD + CPR)
    Destination Clock Delay (DCD):    -1.753ns = ( 18.247 - 20.000 ) 
    Source Clock Delay      (SCD):    -2.314ns
    Clock Pessimism Removal (CPR):    -0.498ns
  Clock Uncertainty:      0.068ns  ((TSJ^2 + DJ^2)^1/2) / 2 + PE
    Total System Jitter     (TSJ):    0.071ns
    Discrete Jitter          (DJ):    0.117ns
    Phase Error              (PE):    0.000ns

    Location             Delay type                Incr(ns)  Path(ns)    Netlist Resource(s)
  -------------------------------------------------------------------    -------------------
                         (clock sys_clk rise edge)    0.000     0.000 r  
    K21                                               0.000     0.000 r  clk (IN)
                         net (fo=0)                   0.000     0.000    pll_clk.u_clk_pll/inst/clk_in1
    K21                  IBUF (Prop_ibuf_I_O)         1.463     1.463 r  pll_clk.u_clk_pll/inst/clkin1_ibufg/O
                         net (fo=1, routed)           1.253     2.716    pll_clk.u_clk_pll/inst/clk_in1_clk_pll
    PLLE2_ADV_X0Y3       PLLE2_ADV (Prop_plle2_adv_CLKIN1_CLKOUT1)
                                                     -8.991    -6.275 r  pll_clk.u_clk_pll/inst/plle2_adv_inst/CLKOUT1
                         net (fo=1, routed)           1.837    -4.438    pll_clk.u_clk_pll/inst/sys_clk_clk_pll
    BUFGCTRL_X0Y17       BUFG (Prop_bufg_I_O)         0.096    -4.342 r  pll_clk.u_clk_pll/inst/clkout2_buf/O
                         net (fo=1121, routed)        2.028    -2.314    pll_clk.u_rst_sys/CLK
    SLICE_X3Y52          FDCE                                         r  pll_clk.u_rst_sys/delay_reg[1]/C
  -------------------------------------------------------------------    -------------------
    SLICE_X3Y52          FDCE (Prop_fdce_C_Q)         0.456    -1.858 r  pll_clk.u_rst_sys/delay_reg[1]/Q
                         net (fo=40, routed)          2.116     0.259    pll_clk.u_rst_sys/Q[0]
    SLICE_X20Y56         LUT1 (Prop_lut1_I0_O)        0.150     0.409 f  pll_clk.u_rst_sys/pushCC_pushPtr[1]_i_3/O
                         net (fo=641, routed)         5.898     6.307    u_confreg/prst
    SLICE_X6Y46          FDCE                                         f  u_confreg/sys_timer_reg[25]/CLR
  -------------------------------------------------------------------    -------------------

                         (clock sys_clk rise edge)   20.000    20.000 r  
    K21                                               0.000    20.000 r  clk (IN)
                         net (fo=0)                   0.000    20.000    pll_clk.u_clk_pll/inst/clk_in1
    K21                  IBUF (Prop_ibuf_I_O)         1.393    21.393 r  pll_clk.u_clk_pll/inst/clkin1_ibufg/O
                         net (fo=1, routed)           1.181    22.573    pll_clk.u_clk_pll/inst/clk_in1_clk_pll
    PLLE2_ADV_X0Y3       PLLE2_ADV (Prop_plle2_adv_CLKIN1_CLKOUT1)
                                                     -8.248    14.326 r  pll_clk.u_clk_pll/inst/plle2_adv_inst/CLKOUT1
                         net (fo=1, routed)           1.755    16.081    pll_clk.u_clk_pll/inst/sys_clk_clk_pll
    BUFGCTRL_X0Y17       BUFG (Prop_bufg_I_O)         0.091    16.172 r  pll_clk.u_clk_pll/inst/clkout2_buf/O
                         net (fo=1121, routed)        2.076    18.247    u_confreg/sys_clk
    SLICE_X6Y46          FDCE                                         r  u_confreg/sys_timer_reg[25]/C
                         clock pessimism             -0.498    17.749    
                         clock uncertainty           -0.068    17.681    
    SLICE_X6Y46          FDCE (Recov_fdce_C_CLR)     -0.523    17.158    u_confreg/sys_timer_reg[25]
  -------------------------------------------------------------------
                         required time                         17.158    
                         arrival time                          -6.307    
  -------------------------------------------------------------------
                         slack                                 10.851    

Slack (MET) :             10.851ns  (required time - arrival time)
  Source:                 pll_clk.u_rst_sys/delay_reg[1]/C
                            (rising edge-triggered cell FDCE clocked by sys_clk  {rise@0.000ns fall@10.000ns period=20.000ns})
  Destination:            u_confreg/sys_timer_reg[29]/CLR
                            (recovery check against rising-edge clock sys_clk  {rise@0.000ns fall@10.000ns period=20.000ns})
  Path Group:             **async_default**
  Path Type:              Recovery (Max at Slow Process Corner)
  Requirement:            20.000ns  (sys_clk rise@20.000ns - sys_clk rise@0.000ns)
  Data Path Delay:        8.621ns  (logic 0.606ns (7.030%)  route 8.015ns (92.970%))
  Logic Levels:           1  (LUT1=1)
  Clock Path Skew:        0.063ns (DCD - SCD + CPR)
    Destination Clock Delay (DCD):    -1.753ns = ( 18.247 - 20.000 ) 
    Source Clock Delay      (SCD):    -2.314ns
    Clock Pessimism Removal (CPR):    -0.498ns
  Clock Uncertainty:      0.068ns  ((TSJ^2 + DJ^2)^1/2) / 2 + PE
    Total System Jitter     (TSJ):    0.071ns
    Discrete Jitter          (DJ):    0.117ns
    Phase Error              (PE):    0.000ns

    Location             Delay type                Incr(ns)  Path(ns)    Netlist Resource(s)
  -------------------------------------------------------------------    -------------------
                         (clock sys_clk rise edge)    0.000     0.000 r  
    K21                                               0.000     0.000 r  clk (IN)
                         net (fo=0)                   0.000     0.000    pll_clk.u_clk_pll/inst/clk_in1
    K21                  IBUF (Prop_ibuf_I_O)         1.463     1.463 r  pll_clk.u_clk_pll/inst/clkin1_ibufg/O
                         net (fo=1, routed)           1.253     2.716    pll_clk.u_clk_pll/inst/clk_in1_clk_pll
    PLLE2_ADV_X0Y3       PLLE2_ADV (Prop_plle2_adv_CLKIN1_CLKOUT1)
                                                     -8.991    -6.275 r  pll_clk.u_clk_pll/inst/plle2_adv_inst/CLKOUT1
                         net (fo=1, routed)           1.837    -4.438    pll_clk.u_clk_pll/inst/sys_clk_clk_pll
    BUFGCTRL_X0Y17       BUFG (Prop_bufg_I_O)         0.096    -4.342 r  pll_clk.u_clk_pll/inst/clkout2_buf/O
                         net (fo=1121, routed)        2.028    -2.314    pll_clk.u_rst_sys/CLK
    SLICE_X3Y52          FDCE                                         r  pll_clk.u_rst_sys/delay_reg[1]/C
  -------------------------------------------------------------------    -------------------
    SLICE_X3Y52          FDCE (Prop_fdce_C_Q)         0.456    -1.858 r  pll_clk.u_rst_sys/delay_reg[1]/Q
                         net (fo=40, routed)          2.116     0.259    pll_clk.u_rst_sys/Q[0]
    SLICE_X20Y56         LUT1 (Prop_lut1_I0_O)        0.150     0.409 f  pll_clk.u_rst_sys/pushCC_pushPtr[1]_i_3/O
                         net (fo=641, routed)         5.898     6.307    u_confreg/prst
    SLICE_X6Y46          FDCE                                         f  u_confreg/sys_timer_reg[29]/CLR
  -------------------------------------------------------------------    -------------------

                         (clock sys_clk rise edge)   20.000    20.000 r  
    K21                                               0.000    20.000 r  clk (IN)
                         net (fo=0)                   0.000    20.000    pll_clk.u_clk_pll/inst/clk_in1
    K21                  IBUF (Prop_ibuf_I_O)         1.393    21.393 r  pll_clk.u_clk_pll/inst/clkin1_ibufg/O
                         net (fo=1, routed)           1.181    22.573    pll_clk.u_clk_pll/inst/clk_in1_clk_pll
    PLLE2_ADV_X0Y3       PLLE2_ADV (Prop_plle2_adv_CLKIN1_CLKOUT1)
                                                     -8.248    14.326 r  pll_clk.u_clk_pll/inst/plle2_adv_inst/CLKOUT1
                         net (fo=1, routed)           1.755    16.081    pll_clk.u_clk_pll/inst/sys_clk_clk_pll
    BUFGCTRL_X0Y17       BUFG (Prop_bufg_I_O)         0.091    16.172 r  pll_clk.u_clk_pll/inst/clkout2_buf/O
                         net (fo=1121, routed)        2.076    18.247    u_confreg/sys_clk
    SLICE_X6Y46          FDCE                                         r  u_confreg/sys_timer_reg[29]/C
                         clock pessimism             -0.498    17.749    
                         clock uncertainty           -0.068    17.681    
    SLICE_X6Y46          FDCE (Recov_fdce_C_CLR)     -0.523    17.158    u_confreg/sys_timer_reg[29]
  -------------------------------------------------------------------
                         required time                         17.158    
                         arrival time                          -6.307    
  -------------------------------------------------------------------
                         slack                                 10.851    

Slack (MET) :             10.955ns  (required time - arrival time)
  Source:                 pll_clk.u_rst_sys/delay_reg[1]/C
                            (rising edge-triggered cell FDCE clocked by sys_clk  {rise@0.000ns fall@10.000ns period=20.000ns})
  Destination:            u_confreg/sys_timer_reg[7]/CLR
                            (recovery check against rising-edge clock sys_clk  {rise@0.000ns fall@10.000ns period=20.000ns})
  Path Group:             **async_default**
  Path Type:              Recovery (Max at Slow Process Corner)
  Requirement:            20.000ns  (sys_clk rise@20.000ns - sys_clk rise@0.000ns)
  Data Path Delay:        8.475ns  (logic 0.606ns (7.151%)  route 7.869ns (92.849%))
  Logic Levels:           1  (LUT1=1)
  Clock Path Skew:        0.063ns (DCD - SCD + CPR)
    Destination Clock Delay (DCD):    -1.753ns = ( 18.247 - 20.000 ) 
    Source Clock Delay      (SCD):    -2.314ns
    Clock Pessimism Removal (CPR):    -0.498ns
  Clock Uncertainty:      0.068ns  ((TSJ^2 + DJ^2)^1/2) / 2 + PE
    Total System Jitter     (TSJ):    0.071ns
    Discrete Jitter          (DJ):    0.117ns
    Phase Error              (PE):    0.000ns

    Location             Delay type                Incr(ns)  Path(ns)    Netlist Resource(s)
  -------------------------------------------------------------------    -------------------
                         (clock sys_clk rise edge)    0.000     0.000 r  
    K21                                               0.000     0.000 r  clk (IN)
                         net (fo=0)                   0.000     0.000    pll_clk.u_clk_pll/inst/clk_in1
    K21                  IBUF (Prop_ibuf_I_O)         1.463     1.463 r  pll_clk.u_clk_pll/inst/clkin1_ibufg/O
                         net (fo=1, routed)           1.253     2.716    pll_clk.u_clk_pll/inst/clk_in1_clk_pll
    PLLE2_ADV_X0Y3       PLLE2_ADV (Prop_plle2_adv_CLKIN1_CLKOUT1)
                                                     -8.991    -6.275 r  pll_clk.u_clk_pll/inst/plle2_adv_inst/CLKOUT1
                         net (fo=1, routed)           1.837    -4.438    pll_clk.u_clk_pll/inst/sys_clk_clk_pll
    BUFGCTRL_X0Y17       BUFG (Prop_bufg_I_O)         0.096    -4.342 r  pll_clk.u_clk_pll/inst/clkout2_buf/O
                         net (fo=1121, routed)        2.028    -2.314    pll_clk.u_rst_sys/CLK
    SLICE_X3Y52          FDCE                                         r  pll_clk.u_rst_sys/delay_reg[1]/C
  -------------------------------------------------------------------    -------------------
    SLICE_X3Y52          FDCE (Prop_fdce_C_Q)         0.456    -1.858 r  pll_clk.u_rst_sys/delay_reg[1]/Q
                         net (fo=40, routed)          2.116     0.259    pll_clk.u_rst_sys/Q[0]
    SLICE_X20Y56         LUT1 (Prop_lut1_I0_O)        0.150     0.409 f  pll_clk.u_rst_sys/pushCC_pushPtr[1]_i_3/O
                         net (fo=641, routed)         5.752     6.161    u_confreg/prst
    SLICE_X6Y45          FDCE                                         f  u_confreg/sys_timer_reg[7]/CLR
  -------------------------------------------------------------------    -------------------

                         (clock sys_clk rise edge)   20.000    20.000 r  
    K21                                               0.000    20.000 r  clk (IN)
                         net (fo=0)                   0.000    20.000    pll_clk.u_clk_pll/inst/clk_in1
    K21                  IBUF (Prop_ibuf_I_O)         1.393    21.393 r  pll_clk.u_clk_pll/inst/clkin1_ibufg/O
                         net (fo=1, routed)           1.181    22.573    pll_clk.u_clk_pll/inst/clk_in1_clk_pll
    PLLE2_ADV_X0Y3       PLLE2_ADV (Prop_plle2_adv_CLKIN1_CLKOUT1)
                                                     -8.248    14.326 r  pll_clk.u_clk_pll/inst/plle2_adv_inst/CLKOUT1
                         net (fo=1, routed)           1.755    16.081    pll_clk.u_clk_pll/inst/sys_clk_clk_pll
    BUFGCTRL_X0Y17       BUFG (Prop_bufg_I_O)         0.091    16.172 r  pll_clk.u_clk_pll/inst/clkout2_buf/O
                         net (fo=1121, routed)        2.076    18.247    u_confreg/sys_clk
    SLICE_X6Y45          FDCE                                         r  u_confreg/sys_timer_reg[7]/C
                         clock pessimism             -0.498    17.749    
                         clock uncertainty           -0.068    17.681    
    SLICE_X6Y45          FDCE (Recov_fdce_C_CLR)     -0.565    17.116    u_confreg/sys_timer_reg[7]
  -------------------------------------------------------------------
                         required time                         17.116    
                         arrival time                          -6.161    
  -------------------------------------------------------------------
                         slack                                 10.955    

Slack (MET) :             10.997ns  (required time - arrival time)
  Source:                 pll_clk.u_rst_sys/delay_reg[1]/C
                            (rising edge-triggered cell FDCE clocked by sys_clk  {rise@0.000ns fall@10.000ns period=20.000ns})
  Destination:            u_confreg/sys_timer_reg[23]/CLR
                            (recovery check against rising-edge clock sys_clk  {rise@0.000ns fall@10.000ns period=20.000ns})
  Path Group:             **async_default**
  Path Type:              Recovery (Max at Slow Process Corner)
  Requirement:            20.000ns  (sys_clk rise@20.000ns - sys_clk rise@0.000ns)
  Data Path Delay:        8.475ns  (logic 0.606ns (7.151%)  route 7.869ns (92.849%))
  Logic Levels:           1  (LUT1=1)
  Clock Path Skew:        0.063ns (DCD - SCD + CPR)
    Destination Clock Delay (DCD):    -1.753ns = ( 18.247 - 20.000 ) 
    Source Clock Delay      (SCD):    -2.314ns
    Clock Pessimism Removal (CPR):    -0.498ns
  Clock Uncertainty:      0.068ns  ((TSJ^2 + DJ^2)^1/2) / 2 + PE
    Total System Jitter     (TSJ):    0.071ns
    Discrete Jitter          (DJ):    0.117ns
    Phase Error              (PE):    0.000ns

    Location             Delay type                Incr(ns)  Path(ns)    Netlist Resource(s)
  -------------------------------------------------------------------    -------------------
                         (clock sys_clk rise edge)    0.000     0.000 r  
    K21                                               0.000     0.000 r  clk (IN)
                         net (fo=0)                   0.000     0.000    pll_clk.u_clk_pll/inst/clk_in1
    K21                  IBUF (Prop_ibuf_I_O)         1.463     1.463 r  pll_clk.u_clk_pll/inst/clkin1_ibufg/O
                         net (fo=1, routed)           1.253     2.716    pll_clk.u_clk_pll/inst/clk_in1_clk_pll
    PLLE2_ADV_X0Y3       PLLE2_ADV (Prop_plle2_adv_CLKIN1_CLKOUT1)
                                                     -8.991    -6.275 r  pll_clk.u_clk_pll/inst/plle2_adv_inst/CLKOUT1
                         net (fo=1, routed)           1.837    -4.438    pll_clk.u_clk_pll/inst/sys_clk_clk_pll
    BUFGCTRL_X0Y17       BUFG (Prop_bufg_I_O)         0.096    -4.342 r  pll_clk.u_clk_pll/inst/clkout2_buf/O
                         net (fo=1121, routed)        2.028    -2.314    pll_clk.u_rst_sys/CLK
    SLICE_X3Y52          FDCE                                         r  pll_clk.u_rst_sys/delay_reg[1]/C
  -------------------------------------------------------------------    -------------------
    SLICE_X3Y52          FDCE (Prop_fdce_C_Q)         0.456    -1.858 r  pll_clk.u_rst_sys/delay_reg[1]/Q
                         net (fo=40, routed)          2.116     0.259    pll_clk.u_rst_sys/Q[0]
    SLICE_X20Y56         LUT1 (Prop_lut1_I0_O)        0.150     0.409 f  pll_clk.u_rst_sys/pushCC_pushPtr[1]_i_3/O
                         net (fo=641, routed)         5.752     6.161    u_confreg/prst
    SLICE_X6Y45          FDCE                                         f  u_confreg/sys_timer_reg[23]/CLR
  -------------------------------------------------------------------    -------------------

                         (clock sys_clk rise edge)   20.000    20.000 r  
    K21                                               0.000    20.000 r  clk (IN)
                         net (fo=0)                   0.000    20.000    pll_clk.u_clk_pll/inst/clk_in1
    K21                  IBUF (Prop_ibuf_I_O)         1.393    21.393 r  pll_clk.u_clk_pll/inst/clkin1_ibufg/O
                         net (fo=1, routed)           1.181    22.573    pll_clk.u_clk_pll/inst/clk_in1_clk_pll
    PLLE2_ADV_X0Y3       PLLE2_ADV (Prop_plle2_adv_CLKIN1_CLKOUT1)
                                                     -8.248    14.326 r  pll_clk.u_clk_pll/inst/plle2_adv_inst/CLKOUT1
                         net (fo=1, routed)           1.755    16.081    pll_clk.u_clk_pll/inst/sys_clk_clk_pll
    BUFGCTRL_X0Y17       BUFG (Prop_bufg_I_O)         0.091    16.172 r  pll_clk.u_clk_pll/inst/clkout2_buf/O
                         net (fo=1121, routed)        2.076    18.247    u_confreg/sys_clk
    SLICE_X6Y45          FDCE                                         r  u_confreg/sys_timer_reg[23]/C
                         clock pessimism             -0.498    17.749    
                         clock uncertainty           -0.068    17.681    
    SLICE_X6Y45          FDCE (Recov_fdce_C_CLR)     -0.523    17.158    u_confreg/sys_timer_reg[23]
  -------------------------------------------------------------------
                         required time                         17.158    
                         arrival time                          -6.161    
  -------------------------------------------------------------------
                         slack                                 10.997    





Min Delay Paths
--------------------------------------------------------------------------------------
Slack (MET) :             0.816ns  (arrival time - required time)
  Source:                 u_axi_cdc/awFifo/bufferCC_12/buffers_1_reg/C
                            (rising edge-triggered cell FDCE clocked by sys_clk  {rise@0.000ns fall@10.000ns period=20.000ns})
  Destination:            u_axi_cdc/wFifo/popCC_addressGen_rValid_reg/CLR
                            (removal check against rising-edge clock sys_clk  {rise@0.000ns fall@10.000ns period=20.000ns})
  Path Group:             **async_default**
  Path Type:              Removal (Min at Fast Process Corner)
  Requirement:            0.000ns  (sys_clk rise@0.000ns - sys_clk rise@0.000ns)
  Data Path Delay:        1.102ns  (logic 0.246ns (22.321%)  route 0.856ns (77.679%))
  Logic Levels:           1  (LUT1=1)
  Clock Path Skew:        0.378ns (DCD - SCD - CPR)
    Destination Clock Delay (DCD):    -0.231ns
    Source Clock Delay      (SCD):    -0.572ns
    Clock Pessimism Removal (CPR):    -0.037ns

    Location             Delay type                Incr(ns)  Path(ns)    Netlist Resource(s)
  -------------------------------------------------------------------    -------------------
                         (clock sys_clk rise edge)    0.000     0.000 r  
    K21                                               0.000     0.000 r  clk (IN)
                         net (fo=0)                   0.000     0.000    pll_clk.u_clk_pll/inst/clk_in1
    K21                  IBUF (Prop_ibuf_I_O)         0.231     0.231 r  pll_clk.u_clk_pll/inst/clkin1_ibufg/O
                         net (fo=1, routed)           0.440     0.671    pll_clk.u_clk_pll/inst/clk_in1_clk_pll
    PLLE2_ADV_X0Y3       PLLE2_ADV (Prop_plle2_adv_CLKIN1_CLKOUT1)
                                                     -2.520    -1.848 r  pll_clk.u_clk_pll/inst/plle2_adv_inst/CLKOUT1
                         net (fo=1, routed)           0.560    -1.289    pll_clk.u_clk_pll/inst/sys_clk_clk_pll
    BUFGCTRL_X0Y17       BUFG (Prop_bufg_I_O)         0.026    -1.263 r  pll_clk.u_clk_pll/inst/clkout2_buf/O
                         net (fo=1121, routed)        0.690    -0.572    u_axi_cdc/awFifo/bufferCC_12/sys_clk
    SLICE_X10Y66         FDCE                                         r  u_axi_cdc/awFifo/bufferCC_12/buffers_1_reg/C
  -------------------------------------------------------------------    -------------------
    SLICE_X10Y66         FDCE (Prop_fdce_C_Q)         0.148    -0.424 r  u_axi_cdc/awFifo/bufferCC_12/buffers_1_reg/Q
                         net (fo=1, routed)           0.286    -0.138    u_axi_cdc/awFifo/bufferCC_12/buffers_1
    SLICE_X10Y66         LUT1 (Prop_lut1_I0_O)        0.098    -0.040 f  u_axi_cdc/awFifo/bufferCC_12/popCC_popPtr[2]_i_2__0/O
                         net (fo=43, routed)          0.570     0.530    u_axi_cdc/wFifo/buffers_0_reg[3]
    SLICE_X4Y48          FDCE                                         f  u_axi_cdc/wFifo/popCC_addressGen_rValid_reg/CLR
  -------------------------------------------------------------------    -------------------

                         (clock sys_clk rise edge)    0.000     0.000 r  
    K21                                               0.000     0.000 r  clk (IN)
                         net (fo=0)                   0.000     0.000    pll_clk.u_clk_pll/inst/clk_in1
    K21                  IBUF (Prop_ibuf_I_O)         0.419     0.419 r  pll_clk.u_clk_pll/inst/clkin1_ibufg/O
                         net (fo=1, routed)           0.481     0.900    pll_clk.u_clk_pll/inst/clk_in1_clk_pll
    PLLE2_ADV_X0Y3       PLLE2_ADV (Prop_plle2_adv_CLKIN1_CLKOUT1)
                                                     -2.847    -1.947 r  pll_clk.u_clk_pll/inst/plle2_adv_inst/CLKOUT1
                         net (fo=1, routed)           0.611    -1.337    pll_clk.u_clk_pll/inst/sys_clk_clk_pll
    BUFGCTRL_X0Y17       BUFG (Prop_bufg_I_O)         0.029    -1.308 r  pll_clk.u_clk_pll/inst/clkout2_buf/O
                         net (fo=1121, routed)        1.077    -0.231    u_axi_cdc/wFifo/sys_clk
    SLICE_X4Y48          FDCE                                         r  u_axi_cdc/wFifo/popCC_addressGen_rValid_reg/C
                         clock pessimism              0.037    -0.194    
    SLICE_X4Y48          FDCE (Remov_fdce_C_CLR)     -0.092    -0.286    u_axi_cdc/wFifo/popCC_addressGen_rValid_reg
  -------------------------------------------------------------------
                         required time                          0.286    
                         arrival time                           0.530    
  -------------------------------------------------------------------
                         slack                                  0.816    

Slack (MET) :             0.819ns  (arrival time - required time)
  Source:                 u_axi_cdc/awFifo/bufferCC_12/buffers_1_reg/C
                            (rising edge-triggered cell FDCE clocked by sys_clk  {rise@0.000ns fall@10.000ns period=20.000ns})
  Destination:            u_axi_cdc/arFifo/popCC_popPtr_reg[0]/CLR
                            (removal check against rising-edge clock sys_clk  {rise@0.000ns fall@10.000ns period=20.000ns})
  Path Group:             **async_default**
  Path Type:              Removal (Min at Fast Process Corner)
  Requirement:            0.000ns  (sys_clk rise@0.000ns - sys_clk rise@0.000ns)
  Data Path Delay:        0.763ns  (logic 0.246ns (32.228%)  route 0.517ns (67.772%))
  Logic Levels:           1  (LUT1=1)
  Clock Path Skew:        0.036ns (DCD - SCD - CPR)
    Destination Clock Delay (DCD):    -0.344ns
    Source Clock Delay      (SCD):    -0.572ns
    Clock Pessimism Removal (CPR):    0.192ns

    Location             Delay type                Incr(ns)  Path(ns)    Netlist Resource(s)
  -------------------------------------------------------------------    -------------------
                         (clock sys_clk rise edge)    0.000     0.000 r  
    K21                                               0.000     0.000 r  clk (IN)
                         net (fo=0)                   0.000     0.000    pll_clk.u_clk_pll/inst/clk_in1
    K21                  IBUF (Prop_ibuf_I_O)         0.231     0.231 r  pll_clk.u_clk_pll/inst/clkin1_ibufg/O
                         net (fo=1, routed)           0.440     0.671    pll_clk.u_clk_pll/inst/clk_in1_clk_pll
    PLLE2_ADV_X0Y3       PLLE2_ADV (Prop_plle2_adv_CLKIN1_CLKOUT1)
                                                     -2.520    -1.848 r  pll_clk.u_clk_pll/inst/plle2_adv_inst/CLKOUT1
                         net (fo=1, routed)           0.560    -1.289    pll_clk.u_clk_pll/inst/sys_clk_clk_pll
    BUFGCTRL_X0Y17       BUFG (Prop_bufg_I_O)         0.026    -1.263 r  pll_clk.u_clk_pll/inst/clkout2_buf/O
                         net (fo=1121, routed)        0.690    -0.572    u_axi_cdc/awFifo/bufferCC_12/sys_clk
    SLICE_X10Y66         FDCE                                         r  u_axi_cdc/awFifo/bufferCC_12/buffers_1_reg/C
  -------------------------------------------------------------------    -------------------
    SLICE_X10Y66         FDCE (Prop_fdce_C_Q)         0.148    -0.424 r  u_axi_cdc/awFifo/bufferCC_12/buffers_1_reg/Q
                         net (fo=1, routed)           0.286    -0.138    u_axi_cdc/awFifo/bufferCC_12/buffers_1
    SLICE_X10Y66         LUT1 (Prop_lut1_I0_O)        0.098    -0.040 f  u_axi_cdc/awFifo/bufferCC_12/popCC_popPtr[2]_i_2__0/O
                         net (fo=43, routed)          0.231     0.191    u_axi_cdc/arFifo/buffers_0_reg[2]
    SLICE_X13Y66         FDCE                                         f  u_axi_cdc/arFifo/popCC_popPtr_reg[0]/CLR
  -------------------------------------------------------------------    -------------------

                         (clock sys_clk rise edge)    0.000     0.000 r  
    K21                                               0.000     0.000 r  clk (IN)
                         net (fo=0)                   0.000     0.000    pll_clk.u_clk_pll/inst/clk_in1
    K21                  IBUF (Prop_ibuf_I_O)         0.419     0.419 r  pll_clk.u_clk_pll/inst/clkin1_ibufg/O
                         net (fo=1, routed)           0.481     0.900    pll_clk.u_clk_pll/inst/clk_in1_clk_pll
    PLLE2_ADV_X0Y3       PLLE2_ADV (Prop_plle2_adv_CLKIN1_CLKOUT1)
                                                     -2.847    -1.947 r  pll_clk.u_clk_pll/inst/plle2_adv_inst/CLKOUT1
                         net (fo=1, routed)           0.611    -1.337    pll_clk.u_clk_pll/inst/sys_clk_clk_pll
    BUFGCTRL_X0Y17       BUFG (Prop_bufg_I_O)         0.029    -1.308 r  pll_clk.u_clk_pll/inst/clkout2_buf/O
                         net (fo=1121, routed)        0.964    -0.344    u_axi_cdc/arFifo/sys_clk
    SLICE_X13Y66         FDCE                                         r  u_axi_cdc/arFifo/popCC_popPtr_reg[0]/C
                         clock pessimism             -0.192    -0.536    
    SLICE_X13Y66         FDCE (Remov_fdce_C_CLR)     -0.092    -0.628    u_axi_cdc/arFifo/popCC_popPtr_reg[0]
  -------------------------------------------------------------------
                         required time                          0.628    
                         arrival time                           0.191    
  -------------------------------------------------------------------
                         slack                                  0.819    

Slack (MET) :             0.819ns  (arrival time - required time)
  Source:                 u_axi_cdc/awFifo/bufferCC_12/buffers_1_reg/C
                            (rising edge-triggered cell FDCE clocked by sys_clk  {rise@0.000ns fall@10.000ns period=20.000ns})
  Destination:            u_axi_cdc/arFifo/popCC_popPtr_reg[2]/CLR
                            (removal check against rising-edge clock sys_clk  {rise@0.000ns fall@10.000ns period=20.000ns})
  Path Group:             **async_default**
  Path Type:              Removal (Min at Fast Process Corner)
  Requirement:            0.000ns  (sys_clk rise@0.000ns - sys_clk rise@0.000ns)
  Data Path Delay:        0.763ns  (logic 0.246ns (32.228%)  route 0.517ns (67.772%))
  Logic Levels:           1  (LUT1=1)
  Clock Path Skew:        0.036ns (DCD - SCD - CPR)
    Destination Clock Delay (DCD):    -0.344ns
    Source Clock Delay      (SCD):    -0.572ns
    Clock Pessimism Removal (CPR):    0.192ns

    Location             Delay type                Incr(ns)  Path(ns)    Netlist Resource(s)
  -------------------------------------------------------------------    -------------------
                         (clock sys_clk rise edge)    0.000     0.000 r  
    K21                                               0.000     0.000 r  clk (IN)
                         net (fo=0)                   0.000     0.000    pll_clk.u_clk_pll/inst/clk_in1
    K21                  IBUF (Prop_ibuf_I_O)         0.231     0.231 r  pll_clk.u_clk_pll/inst/clkin1_ibufg/O
                         net (fo=1, routed)           0.440     0.671    pll_clk.u_clk_pll/inst/clk_in1_clk_pll
    PLLE2_ADV_X0Y3       PLLE2_ADV (Prop_plle2_adv_CLKIN1_CLKOUT1)
                                                     -2.520    -1.848 r  pll_clk.u_clk_pll/inst/plle2_adv_inst/CLKOUT1
                         net (fo=1, routed)           0.560    -1.289    pll_clk.u_clk_pll/inst/sys_clk_clk_pll
    BUFGCTRL_X0Y17       BUFG (Prop_bufg_I_O)         0.026    -1.263 r  pll_clk.u_clk_pll/inst/clkout2_buf/O
                         net (fo=1121, routed)        0.690    -0.572    u_axi_cdc/awFifo/bufferCC_12/sys_clk
    SLICE_X10Y66         FDCE                                         r  u_axi_cdc/awFifo/bufferCC_12/buffers_1_reg/C
  -------------------------------------------------------------------    -------------------
    SLICE_X10Y66         FDCE (Prop_fdce_C_Q)         0.148    -0.424 r  u_axi_cdc/awFifo/bufferCC_12/buffers_1_reg/Q
                         net (fo=1, routed)           0.286    -0.138    u_axi_cdc/awFifo/bufferCC_12/buffers_1
    SLICE_X10Y66         LUT1 (Prop_lut1_I0_O)        0.098    -0.040 f  u_axi_cdc/awFifo/bufferCC_12/popCC_popPtr[2]_i_2__0/O
                         net (fo=43, routed)          0.231     0.191    u_axi_cdc/arFifo/buffers_0_reg[2]
    SLICE_X13Y66         FDCE                                         f  u_axi_cdc/arFifo/popCC_popPtr_reg[2]/CLR
  -------------------------------------------------------------------    -------------------

                         (clock sys_clk rise edge)    0.000     0.000 r  
    K21                                               0.000     0.000 r  clk (IN)
                         net (fo=0)                   0.000     0.000    pll_clk.u_clk_pll/inst/clk_in1
    K21                  IBUF (Prop_ibuf_I_O)         0.419     0.419 r  pll_clk.u_clk_pll/inst/clkin1_ibufg/O
                         net (fo=1, routed)           0.481     0.900    pll_clk.u_clk_pll/inst/clk_in1_clk_pll
    PLLE2_ADV_X0Y3       PLLE2_ADV (Prop_plle2_adv_CLKIN1_CLKOUT1)
                                                     -2.847    -1.947 r  pll_clk.u_clk_pll/inst/plle2_adv_inst/CLKOUT1
                         net (fo=1, routed)           0.611    -1.337    pll_clk.u_clk_pll/inst/sys_clk_clk_pll
    BUFGCTRL_X0Y17       BUFG (Prop_bufg_I_O)         0.029    -1.308 r  pll_clk.u_clk_pll/inst/clkout2_buf/O
                         net (fo=1121, routed)        0.964    -0.344    u_axi_cdc/arFifo/sys_clk
    SLICE_X13Y66         FDCE                                         r  u_axi_cdc/arFifo/popCC_popPtr_reg[2]/C
                         clock pessimism             -0.192    -0.536    
    SLICE_X13Y66         FDCE (Remov_fdce_C_CLR)     -0.092    -0.628    u_axi_cdc/arFifo/popCC_popPtr_reg[2]
  -------------------------------------------------------------------
                         required time                          0.628    
                         arrival time                           0.191    
  -------------------------------------------------------------------
                         slack                                  0.819    

Slack (MET) :             0.836ns  (arrival time - required time)
  Source:                 u_axi_cdc/awFifo/bufferCC_12/buffers_1_reg/C
                            (rising edge-triggered cell FDCE clocked by sys_clk  {rise@0.000ns fall@10.000ns period=20.000ns})
  Destination:            u_axi_cdc/arFifo/popCC_ptrToPush_reg[0]/CLR
                            (removal check against rising-edge clock sys_clk  {rise@0.000ns fall@10.000ns period=20.000ns})
  Path Group:             **async_default**
  Path Type:              Removal (Min at Fast Process Corner)
  Requirement:            0.000ns  (sys_clk rise@0.000ns - sys_clk rise@0.000ns)
  Data Path Delay:        0.806ns  (logic 0.246ns (30.505%)  route 0.560ns (69.495%))
  Logic Levels:           1  (LUT1=1)
  Clock Path Skew:        0.037ns (DCD - SCD - CPR)
    Destination Clock Delay (DCD):    -0.343ns
    Source Clock Delay      (SCD):    -0.572ns
    Clock Pessimism Removal (CPR):    0.192ns

    Location             Delay type                Incr(ns)  Path(ns)    Netlist Resource(s)
  -------------------------------------------------------------------    -------------------
                         (clock sys_clk rise edge)    0.000     0.000 r  
    K21                                               0.000     0.000 r  clk (IN)
                         net (fo=0)                   0.000     0.000    pll_clk.u_clk_pll/inst/clk_in1
    K21                  IBUF (Prop_ibuf_I_O)         0.231     0.231 r  pll_clk.u_clk_pll/inst/clkin1_ibufg/O
                         net (fo=1, routed)           0.440     0.671    pll_clk.u_clk_pll/inst/clk_in1_clk_pll
    PLLE2_ADV_X0Y3       PLLE2_ADV (Prop_plle2_adv_CLKIN1_CLKOUT1)
                                                     -2.520    -1.848 r  pll_clk.u_clk_pll/inst/plle2_adv_inst/CLKOUT1
                         net (fo=1, routed)           0.560    -1.289    pll_clk.u_clk_pll/inst/sys_clk_clk_pll
    BUFGCTRL_X0Y17       BUFG (Prop_bufg_I_O)         0.026    -1.263 r  pll_clk.u_clk_pll/inst/clkout2_buf/O
                         net (fo=1121, routed)        0.690    -0.572    u_axi_cdc/awFifo/bufferCC_12/sys_clk
    SLICE_X10Y66         FDCE                                         r  u_axi_cdc/awFifo/bufferCC_12/buffers_1_reg/C
  -------------------------------------------------------------------    -------------------
    SLICE_X10Y66         FDCE (Prop_fdce_C_Q)         0.148    -0.424 r  u_axi_cdc/awFifo/bufferCC_12/buffers_1_reg/Q
                         net (fo=1, routed)           0.286    -0.138    u_axi_cdc/awFifo/bufferCC_12/buffers_1
    SLICE_X10Y66         LUT1 (Prop_lut1_I0_O)        0.098    -0.040 f  u_axi_cdc/awFifo/bufferCC_12/popCC_popPtr[2]_i_2__0/O
                         net (fo=43, routed)          0.274     0.234    u_axi_cdc/arFifo/buffers_0_reg[2]
    SLICE_X12Y65         FDCE                                         f  u_axi_cdc/arFifo/popCC_ptrToPush_reg[0]/CLR
  -------------------------------------------------------------------    -------------------

                         (clock sys_clk rise edge)    0.000     0.000 r  
    K21                                               0.000     0.000 r  clk (IN)
                         net (fo=0)                   0.000     0.000    pll_clk.u_clk_pll/inst/clk_in1
    K21                  IBUF (Prop_ibuf_I_O)         0.419     0.419 r  pll_clk.u_clk_pll/inst/clkin1_ibufg/O
                         net (fo=1, routed)           0.481     0.900    pll_clk.u_clk_pll/inst/clk_in1_clk_pll
    PLLE2_ADV_X0Y3       PLLE2_ADV (Prop_plle2_adv_CLKIN1_CLKOUT1)
                                                     -2.847    -1.947 r  pll_clk.u_clk_pll/inst/plle2_adv_inst/CLKOUT1
                         net (fo=1, routed)           0.611    -1.337    pll_clk.u_clk_pll/inst/sys_clk_clk_pll
    BUFGCTRL_X0Y17       BUFG (Prop_bufg_I_O)         0.029    -1.308 r  pll_clk.u_clk_pll/inst/clkout2_buf/O
                         net (fo=1121, routed)        0.965    -0.343    u_axi_cdc/arFifo/sys_clk
    SLICE_X12Y65         FDCE                                         r  u_axi_cdc/arFifo/popCC_ptrToPush_reg[0]/C
                         clock pessimism             -0.192    -0.535    
    SLICE_X12Y65         FDCE (Remov_fdce_C_CLR)     -0.067    -0.602    u_axi_cdc/arFifo/popCC_ptrToPush_reg[0]
  -------------------------------------------------------------------
                         required time                          0.602    
                         arrival time                           0.234    
  -------------------------------------------------------------------
                         slack                                  0.836    

Slack (MET) :             0.836ns  (arrival time - required time)
  Source:                 u_axi_cdc/awFifo/bufferCC_12/buffers_1_reg/C
                            (rising edge-triggered cell FDCE clocked by sys_clk  {rise@0.000ns fall@10.000ns period=20.000ns})
  Destination:            u_axi_cdc/awFifo/pushToPopGray_buffercc/buffers_0_reg[1]/CLR
                            (removal check against rising-edge clock sys_clk  {rise@0.000ns fall@10.000ns period=20.000ns})
  Path Group:             **async_default**
  Path Type:              Removal (Min at Fast Process Corner)
  Requirement:            0.000ns  (sys_clk rise@0.000ns - sys_clk rise@0.000ns)
  Data Path Delay:        0.806ns  (logic 0.246ns (30.505%)  route 0.560ns (69.495%))
  Logic Levels:           1  (LUT1=1)
  Clock Path Skew:        0.037ns (DCD - SCD - CPR)
    Destination Clock Delay (DCD):    -0.343ns
    Source Clock Delay      (SCD):    -0.572ns
    Clock Pessimism Removal (CPR):    0.192ns

    Location             Delay type                Incr(ns)  Path(ns)    Netlist Resource(s)
  -------------------------------------------------------------------    -------------------
                         (clock sys_clk rise edge)    0.000     0.000 r  
    K21                                               0.000     0.000 r  clk (IN)
                         net (fo=0)                   0.000     0.000    pll_clk.u_clk_pll/inst/clk_in1
    K21                  IBUF (Prop_ibuf_I_O)         0.231     0.231 r  pll_clk.u_clk_pll/inst/clkin1_ibufg/O
                         net (fo=1, routed)           0.440     0.671    pll_clk.u_clk_pll/inst/clk_in1_clk_pll
    PLLE2_ADV_X0Y3       PLLE2_ADV (Prop_plle2_adv_CLKIN1_CLKOUT1)
                                                     -2.520    -1.848 r  pll_clk.u_clk_pll/inst/plle2_adv_inst/CLKOUT1
                         net (fo=1, routed)           0.560    -1.289    pll_clk.u_clk_pll/inst/sys_clk_clk_pll
    BUFGCTRL_X0Y17       BUFG (Prop_bufg_I_O)         0.026    -1.263 r  pll_clk.u_clk_pll/inst/clkout2_buf/O
                         net (fo=1121, routed)        0.690    -0.572    u_axi_cdc/awFifo/bufferCC_12/sys_clk
    SLICE_X10Y66         FDCE                                         r  u_axi_cdc/awFifo/bufferCC_12/buffers_1_reg/C
  -------------------------------------------------------------------    -------------------
    SLICE_X10Y66         FDCE (Prop_fdce_C_Q)         0.148    -0.424 r  u_axi_cdc/awFifo/bufferCC_12/buffers_1_reg/Q
                         net (fo=1, routed)           0.286    -0.138    u_axi_cdc/awFifo/bufferCC_12/buffers_1
    SLICE_X10Y66         LUT1 (Prop_lut1_I0_O)        0.098    -0.040 f  u_axi_cdc/awFifo/bufferCC_12/popCC_popPtr[2]_i_2__0/O
                         net (fo=43, routed)          0.274     0.234    u_axi_cdc/awFifo/pushToPopGray_buffercc/buffers_0_reg[2]_1
    SLICE_X12Y65         FDCE                                         f  u_axi_cdc/awFifo/pushToPopGray_buffercc/buffers_0_reg[1]/CLR
  -------------------------------------------------------------------    -------------------

                         (clock sys_clk rise edge)    0.000     0.000 r  
    K21                                               0.000     0.000 r  clk (IN)
                         net (fo=0)                   0.000     0.000    pll_clk.u_clk_pll/inst/clk_in1
    K21                  IBUF (Prop_ibuf_I_O)         0.419     0.419 r  pll_clk.u_clk_pll/inst/clkin1_ibufg/O
                         net (fo=1, routed)           0.481     0.900    pll_clk.u_clk_pll/inst/clk_in1_clk_pll
    PLLE2_ADV_X0Y3       PLLE2_ADV (Prop_plle2_adv_CLKIN1_CLKOUT1)
                                                     -2.847    -1.947 r  pll_clk.u_clk_pll/inst/plle2_adv_inst/CLKOUT1
                         net (fo=1, routed)           0.611    -1.337    pll_clk.u_clk_pll/inst/sys_clk_clk_pll
    BUFGCTRL_X0Y17       BUFG (Prop_bufg_I_O)         0.029    -1.308 r  pll_clk.u_clk_pll/inst/clkout2_buf/O
                         net (fo=1121, routed)        0.965    -0.343    u_axi_cdc/awFifo/pushToPopGray_buffercc/sys_clk
    SLICE_X12Y65         FDCE                                         r  u_axi_cdc/awFifo/pushToPopGray_buffercc/buffers_0_reg[1]/C
                         clock pessimism             -0.192    -0.535    
    SLICE_X12Y65         FDCE (Remov_fdce_C_CLR)     -0.067    -0.602    u_axi_cdc/awFifo/pushToPopGray_buffercc/buffers_0_reg[1]
  -------------------------------------------------------------------
                         required time                          0.602    
                         arrival time                           0.234    
  -------------------------------------------------------------------
                         slack                                  0.836    

Slack (MET) :             0.836ns  (arrival time - required time)
  Source:                 u_axi_cdc/awFifo/bufferCC_12/buffers_1_reg/C
                            (rising edge-triggered cell FDCE clocked by sys_clk  {rise@0.000ns fall@10.000ns period=20.000ns})
  Destination:            u_axi_cdc/awFifo/pushToPopGray_buffercc/buffers_1_reg[1]/CLR
                            (removal check against rising-edge clock sys_clk  {rise@0.000ns fall@10.000ns period=20.000ns})
  Path Group:             **async_default**
  Path Type:              Removal (Min at Fast Process Corner)
  Requirement:            0.000ns  (sys_clk rise@0.000ns - sys_clk rise@0.000ns)
  Data Path Delay:        0.806ns  (logic 0.246ns (30.505%)  route 0.560ns (69.495%))
  Logic Levels:           1  (LUT1=1)
  Clock Path Skew:        0.037ns (DCD - SCD - CPR)
    Destination Clock Delay (DCD):    -0.343ns
    Source Clock Delay      (SCD):    -0.572ns
    Clock Pessimism Removal (CPR):    0.192ns

    Location             Delay type                Incr(ns)  Path(ns)    Netlist Resource(s)
  -------------------------------------------------------------------    -------------------
                         (clock sys_clk rise edge)    0.000     0.000 r  
    K21                                               0.000     0.000 r  clk (IN)
                         net (fo=0)                   0.000     0.000    pll_clk.u_clk_pll/inst/clk_in1
    K21                  IBUF (Prop_ibuf_I_O)         0.231     0.231 r  pll_clk.u_clk_pll/inst/clkin1_ibufg/O
                         net (fo=1, routed)           0.440     0.671    pll_clk.u_clk_pll/inst/clk_in1_clk_pll
    PLLE2_ADV_X0Y3       PLLE2_ADV (Prop_plle2_adv_CLKIN1_CLKOUT1)
                                                     -2.520    -1.848 r  pll_clk.u_clk_pll/inst/plle2_adv_inst/CLKOUT1
                         net (fo=1, routed)           0.560    -1.289    pll_clk.u_clk_pll/inst/sys_clk_clk_pll
    BUFGCTRL_X0Y17       BUFG (Prop_bufg_I_O)         0.026    -1.263 r  pll_clk.u_clk_pll/inst/clkout2_buf/O
                         net (fo=1121, routed)        0.690    -0.572    u_axi_cdc/awFifo/bufferCC_12/sys_clk
    SLICE_X10Y66         FDCE                                         r  u_axi_cdc/awFifo/bufferCC_12/buffers_1_reg/C
  -------------------------------------------------------------------    -------------------
    SLICE_X10Y66         FDCE (Prop_fdce_C_Q)         0.148    -0.424 r  u_axi_cdc/awFifo/bufferCC_12/buffers_1_reg/Q
                         net (fo=1, routed)           0.286    -0.138    u_axi_cdc/awFifo/bufferCC_12/buffers_1
    SLICE_X10Y66         LUT1 (Prop_lut1_I0_O)        0.098    -0.040 f  u_axi_cdc/awFifo/bufferCC_12/popCC_popPtr[2]_i_2__0/O
                         net (fo=43, routed)          0.274     0.234    u_axi_cdc/awFifo/pushToPopGray_buffercc/buffers_0_reg[2]_1
    SLICE_X12Y65         FDCE                                         f  u_axi_cdc/awFifo/pushToPopGray_buffercc/buffers_1_reg[1]/CLR
  -------------------------------------------------------------------    -------------------

                         (clock sys_clk rise edge)    0.000     0.000 r  
    K21                                               0.000     0.000 r  clk (IN)
                         net (fo=0)                   0.000     0.000    pll_clk.u_clk_pll/inst/clk_in1
    K21                  IBUF (Prop_ibuf_I_O)         0.419     0.419 r  pll_clk.u_clk_pll/inst/clkin1_ibufg/O
                         net (fo=1, routed)           0.481     0.900    pll_clk.u_clk_pll/inst/clk_in1_clk_pll
    PLLE2_ADV_X0Y3       PLLE2_ADV (Prop_plle2_adv_CLKIN1_CLKOUT1)
                                                     -2.847    -1.947 r  pll_clk.u_clk_pll/inst/plle2_adv_inst/CLKOUT1
                         net (fo=1, routed)           0.611    -1.337    pll_clk.u_clk_pll/inst/sys_clk_clk_pll
    BUFGCTRL_X0Y17       BUFG (Prop_bufg_I_O)         0.029    -1.308 r  pll_clk.u_clk_pll/inst/clkout2_buf/O
                         net (fo=1121, routed)        0.965    -0.343    u_axi_cdc/awFifo/pushToPopGray_buffercc/sys_clk
    SLICE_X12Y65         FDCE                                         r  u_axi_cdc/awFifo/pushToPopGray_buffercc/buffers_1_reg[1]/C
                         clock pessimism             -0.192    -0.535    
    SLICE_X12Y65         FDCE (Remov_fdce_C_CLR)     -0.067    -0.602    u_axi_cdc/awFifo/pushToPopGray_buffercc/buffers_1_reg[1]
  -------------------------------------------------------------------
                         required time                          0.602    
                         arrival time                           0.234    
  -------------------------------------------------------------------
                         slack                                  0.836    

Slack (MET) :             0.849ns  (arrival time - required time)
  Source:                 u_axi_cdc/awFifo/bufferCC_12/buffers_1_reg/C
                            (rising edge-triggered cell FDCE clocked by sys_clk  {rise@0.000ns fall@10.000ns period=20.000ns})
  Destination:            u_axi_cdc/arFifo/popCC_addressGen_rValid_reg/CLR
                            (removal check against rising-edge clock sys_clk  {rise@0.000ns fall@10.000ns period=20.000ns})
  Path Group:             **async_default**
  Path Type:              Removal (Min at Fast Process Corner)
  Requirement:            0.000ns  (sys_clk rise@0.000ns - sys_clk rise@0.000ns)
  Data Path Delay:        0.818ns  (logic 0.246ns (30.061%)  route 0.572ns (69.939%))
  Logic Levels:           1  (LUT1=1)
  Clock Path Skew:        0.036ns (DCD - SCD - CPR)
    Destination Clock Delay (DCD):    -0.344ns
    Source Clock Delay      (SCD):    -0.572ns
    Clock Pessimism Removal (CPR):    0.192ns

    Location             Delay type                Incr(ns)  Path(ns)    Netlist Resource(s)
  -------------------------------------------------------------------    -------------------
                         (clock sys_clk rise edge)    0.000     0.000 r  
    K21                                               0.000     0.000 r  clk (IN)
                         net (fo=0)                   0.000     0.000    pll_clk.u_clk_pll/inst/clk_in1
    K21                  IBUF (Prop_ibuf_I_O)         0.231     0.231 r  pll_clk.u_clk_pll/inst/clkin1_ibufg/O
                         net (fo=1, routed)           0.440     0.671    pll_clk.u_clk_pll/inst/clk_in1_clk_pll
    PLLE2_ADV_X0Y3       PLLE2_ADV (Prop_plle2_adv_CLKIN1_CLKOUT1)
                                                     -2.520    -1.848 r  pll_clk.u_clk_pll/inst/plle2_adv_inst/CLKOUT1
                         net (fo=1, routed)           0.560    -1.289    pll_clk.u_clk_pll/inst/sys_clk_clk_pll
    BUFGCTRL_X0Y17       BUFG (Prop_bufg_I_O)         0.026    -1.263 r  pll_clk.u_clk_pll/inst/clkout2_buf/O
                         net (fo=1121, routed)        0.690    -0.572    u_axi_cdc/awFifo/bufferCC_12/sys_clk
    SLICE_X10Y66         FDCE                                         r  u_axi_cdc/awFifo/bufferCC_12/buffers_1_reg/C
  -------------------------------------------------------------------    -------------------
    SLICE_X10Y66         FDCE (Prop_fdce_C_Q)         0.148    -0.424 r  u_axi_cdc/awFifo/bufferCC_12/buffers_1_reg/Q
                         net (fo=1, routed)           0.286    -0.138    u_axi_cdc/awFifo/bufferCC_12/buffers_1
    SLICE_X10Y66         LUT1 (Prop_lut1_I0_O)        0.098    -0.040 f  u_axi_cdc/awFifo/bufferCC_12/popCC_popPtr[2]_i_2__0/O
                         net (fo=43, routed)          0.286     0.246    u_axi_cdc/arFifo/buffers_0_reg[2]
    SLICE_X14Y66         FDCE                                         f  u_axi_cdc/arFifo/popCC_addressGen_rValid_reg/CLR
  -------------------------------------------------------------------    -------------------

                         (clock sys_clk rise edge)    0.000     0.000 r  
    K21                                               0.000     0.000 r  clk (IN)
                         net (fo=0)                   0.000     0.000    pll_clk.u_clk_pll/inst/clk_in1
    K21                  IBUF (Prop_ibuf_I_O)         0.419     0.419 r  pll_clk.u_clk_pll/inst/clkin1_ibufg/O
                         net (fo=1, routed)           0.481     0.900    pll_clk.u_clk_pll/inst/clk_in1_clk_pll
    PLLE2_ADV_X0Y3       PLLE2_ADV (Prop_plle2_adv_CLKIN1_CLKOUT1)
                                                     -2.847    -1.947 r  pll_clk.u_clk_pll/inst/plle2_adv_inst/CLKOUT1
                         net (fo=1, routed)           0.611    -1.337    pll_clk.u_clk_pll/inst/sys_clk_clk_pll
    BUFGCTRL_X0Y17       BUFG (Prop_bufg_I_O)         0.029    -1.308 r  pll_clk.u_clk_pll/inst/clkout2_buf/O
                         net (fo=1121, routed)        0.964    -0.344    u_axi_cdc/arFifo/sys_clk
    SLICE_X14Y66         FDCE                                         r  u_axi_cdc/arFifo/popCC_addressGen_rValid_reg/C
                         clock pessimism             -0.192    -0.536    
    SLICE_X14Y66         FDCE (Remov_fdce_C_CLR)     -0.067    -0.603    u_axi_cdc/arFifo/popCC_addressGen_rValid_reg
  -------------------------------------------------------------------
                         required time                          0.603    
                         arrival time                           0.246    
  -------------------------------------------------------------------
                         slack                                  0.849    

Slack (MET) :             0.849ns  (arrival time - required time)
  Source:                 u_axi_cdc/awFifo/bufferCC_12/buffers_1_reg/C
                            (rising edge-triggered cell FDCE clocked by sys_clk  {rise@0.000ns fall@10.000ns period=20.000ns})
  Destination:            u_axi_cdc/arFifo/popCC_popPtr_reg[1]/CLR
                            (removal check against rising-edge clock sys_clk  {rise@0.000ns fall@10.000ns period=20.000ns})
  Path Group:             **async_default**
  Path Type:              Removal (Min at Fast Process Corner)
  Requirement:            0.000ns  (sys_clk rise@0.000ns - sys_clk rise@0.000ns)
  Data Path Delay:        0.818ns  (logic 0.246ns (30.061%)  route 0.572ns (69.939%))
  Logic Levels:           1  (LUT1=1)
  Clock Path Skew:        0.036ns (DCD - SCD - CPR)
    Destination Clock Delay (DCD):    -0.344ns
    Source Clock Delay      (SCD):    -0.572ns
    Clock Pessimism Removal (CPR):    0.192ns

    Location             Delay type                Incr(ns)  Path(ns)    Netlist Resource(s)
  -------------------------------------------------------------------    -------------------
                         (clock sys_clk rise edge)    0.000     0.000 r  
    K21                                               0.000     0.000 r  clk (IN)
                         net (fo=0)                   0.000     0.000    pll_clk.u_clk_pll/inst/clk_in1
    K21                  IBUF (Prop_ibuf_I_O)         0.231     0.231 r  pll_clk.u_clk_pll/inst/clkin1_ibufg/O
                         net (fo=1, routed)           0.440     0.671    pll_clk.u_clk_pll/inst/clk_in1_clk_pll
    PLLE2_ADV_X0Y3       PLLE2_ADV (Prop_plle2_adv_CLKIN1_CLKOUT1)
                                                     -2.520    -1.848 r  pll_clk.u_clk_pll/inst/plle2_adv_inst/CLKOUT1
                         net (fo=1, routed)           0.560    -1.289    pll_clk.u_clk_pll/inst/sys_clk_clk_pll
    BUFGCTRL_X0Y17       BUFG (Prop_bufg_I_O)         0.026    -1.263 r  pll_clk.u_clk_pll/inst/clkout2_buf/O
                         net (fo=1121, routed)        0.690    -0.572    u_axi_cdc/awFifo/bufferCC_12/sys_clk
    SLICE_X10Y66         FDCE                                         r  u_axi_cdc/awFifo/bufferCC_12/buffers_1_reg/C
  -------------------------------------------------------------------    -------------------
    SLICE_X10Y66         FDCE (Prop_fdce_C_Q)         0.148    -0.424 r  u_axi_cdc/awFifo/bufferCC_12/buffers_1_reg/Q
                         net (fo=1, routed)           0.286    -0.138    u_axi_cdc/awFifo/bufferCC_12/buffers_1
    SLICE_X10Y66         LUT1 (Prop_lut1_I0_O)        0.098    -0.040 f  u_axi_cdc/awFifo/bufferCC_12/popCC_popPtr[2]_i_2__0/O
                         net (fo=43, routed)          0.286     0.246    u_axi_cdc/arFifo/buffers_0_reg[2]
    SLICE_X14Y66         FDCE                                         f  u_axi_cdc/arFifo/popCC_popPtr_reg[1]/CLR
  -------------------------------------------------------------------    -------------------

                         (clock sys_clk rise edge)    0.000     0.000 r  
    K21                                               0.000     0.000 r  clk (IN)
                         net (fo=0)                   0.000     0.000    pll_clk.u_clk_pll/inst/clk_in1
    K21                  IBUF (Prop_ibuf_I_O)         0.419     0.419 r  pll_clk.u_clk_pll/inst/clkin1_ibufg/O
                         net (fo=1, routed)           0.481     0.900    pll_clk.u_clk_pll/inst/clk_in1_clk_pll
    PLLE2_ADV_X0Y3       PLLE2_ADV (Prop_plle2_adv_CLKIN1_CLKOUT1)
                                                     -2.847    -1.947 r  pll_clk.u_clk_pll/inst/plle2_adv_inst/CLKOUT1
                         net (fo=1, routed)           0.611    -1.337    pll_clk.u_clk_pll/inst/sys_clk_clk_pll
    BUFGCTRL_X0Y17       BUFG (Prop_bufg_I_O)         0.029    -1.308 r  pll_clk.u_clk_pll/inst/clkout2_buf/O
                         net (fo=1121, routed)        0.964    -0.344    u_axi_cdc/arFifo/sys_clk
    SLICE_X14Y66         FDCE                                         r  u_axi_cdc/arFifo/popCC_popPtr_reg[1]/C
                         clock pessimism             -0.192    -0.536    
    SLICE_X14Y66         FDCE (Remov_fdce_C_CLR)     -0.067    -0.603    u_axi_cdc/arFifo/popCC_popPtr_reg[1]
  -------------------------------------------------------------------
                         required time                          0.603    
                         arrival time                           0.246    
  -------------------------------------------------------------------
                         slack                                  0.849    

Slack (MET) :             0.849ns  (arrival time - required time)
  Source:                 u_axi_cdc/awFifo/bufferCC_12/buffers_1_reg/C
                            (rising edge-triggered cell FDCE clocked by sys_clk  {rise@0.000ns fall@10.000ns period=20.000ns})
  Destination:            u_axi_cdc/arFifo/popCC_ptrToPush_reg[1]/CLR
                            (removal check against rising-edge clock sys_clk  {rise@0.000ns fall@10.000ns period=20.000ns})
  Path Group:             **async_default**
  Path Type:              Removal (Min at Fast Process Corner)
  Requirement:            0.000ns  (sys_clk rise@0.000ns - sys_clk rise@0.000ns)
  Data Path Delay:        0.818ns  (logic 0.246ns (30.061%)  route 0.572ns (69.939%))
  Logic Levels:           1  (LUT1=1)
  Clock Path Skew:        0.036ns (DCD - SCD - CPR)
    Destination Clock Delay (DCD):    -0.344ns
    Source Clock Delay      (SCD):    -0.572ns
    Clock Pessimism Removal (CPR):    0.192ns

    Location             Delay type                Incr(ns)  Path(ns)    Netlist Resource(s)
  -------------------------------------------------------------------    -------------------
                         (clock sys_clk rise edge)    0.000     0.000 r  
    K21                                               0.000     0.000 r  clk (IN)
                         net (fo=0)                   0.000     0.000    pll_clk.u_clk_pll/inst/clk_in1
    K21                  IBUF (Prop_ibuf_I_O)         0.231     0.231 r  pll_clk.u_clk_pll/inst/clkin1_ibufg/O
                         net (fo=1, routed)           0.440     0.671    pll_clk.u_clk_pll/inst/clk_in1_clk_pll
    PLLE2_ADV_X0Y3       PLLE2_ADV (Prop_plle2_adv_CLKIN1_CLKOUT1)
                                                     -2.520    -1.848 r  pll_clk.u_clk_pll/inst/plle2_adv_inst/CLKOUT1
                         net (fo=1, routed)           0.560    -1.289    pll_clk.u_clk_pll/inst/sys_clk_clk_pll
    BUFGCTRL_X0Y17       BUFG (Prop_bufg_I_O)         0.026    -1.263 r  pll_clk.u_clk_pll/inst/clkout2_buf/O
                         net (fo=1121, routed)        0.690    -0.572    u_axi_cdc/awFifo/bufferCC_12/sys_clk
    SLICE_X10Y66         FDCE                                         r  u_axi_cdc/awFifo/bufferCC_12/buffers_1_reg/C
  -------------------------------------------------------------------    -------------------
    SLICE_X10Y66         FDCE (Prop_fdce_C_Q)         0.148    -0.424 r  u_axi_cdc/awFifo/bufferCC_12/buffers_1_reg/Q
                         net (fo=1, routed)           0.286    -0.138    u_axi_cdc/awFifo/bufferCC_12/buffers_1
    SLICE_X10Y66         LUT1 (Prop_lut1_I0_O)        0.098    -0.040 f  u_axi_cdc/awFifo/bufferCC_12/popCC_popPtr[2]_i_2__0/O
                         net (fo=43, routed)          0.286     0.246    u_axi_cdc/arFifo/buffers_0_reg[2]
    SLICE_X14Y66         FDCE                                         f  u_axi_cdc/arFifo/popCC_ptrToPush_reg[1]/CLR
  -------------------------------------------------------------------    -------------------

                         (clock sys_clk rise edge)    0.000     0.000 r  
    K21                                               0.000     0.000 r  clk (IN)
                         net (fo=0)                   0.000     0.000    pll_clk.u_clk_pll/inst/clk_in1
    K21                  IBUF (Prop_ibuf_I_O)         0.419     0.419 r  pll_clk.u_clk_pll/inst/clkin1_ibufg/O
                         net (fo=1, routed)           0.481     0.900    pll_clk.u_clk_pll/inst/clk_in1_clk_pll
    PLLE2_ADV_X0Y3       PLLE2_ADV (Prop_plle2_adv_CLKIN1_CLKOUT1)
                                                     -2.847    -1.947 r  pll_clk.u_clk_pll/inst/plle2_adv_inst/CLKOUT1
                         net (fo=1, routed)           0.611    -1.337    pll_clk.u_clk_pll/inst/sys_clk_clk_pll
    BUFGCTRL_X0Y17       BUFG (Prop_bufg_I_O)         0.029    -1.308 r  pll_clk.u_clk_pll/inst/clkout2_buf/O
                         net (fo=1121, routed)        0.964    -0.344    u_axi_cdc/arFifo/sys_clk
    SLICE_X14Y66         FDCE                                         r  u_axi_cdc/arFifo/popCC_ptrToPush_reg[1]/C
                         clock pessimism             -0.192    -0.536    
    SLICE_X14Y66         FDCE (Remov_fdce_C_CLR)     -0.067    -0.603    u_axi_cdc/arFifo/popCC_ptrToPush_reg[1]
  -------------------------------------------------------------------
                         required time                          0.603    
                         arrival time                           0.246    
  -------------------------------------------------------------------
                         slack                                  0.849    

Slack (MET) :             0.849ns  (arrival time - required time)
  Source:                 u_axi_cdc/awFifo/bufferCC_12/buffers_1_reg/C
                            (rising edge-triggered cell FDCE clocked by sys_clk  {rise@0.000ns fall@10.000ns period=20.000ns})
  Destination:            u_axi_cdc/arFifo/popCC_ptrToPush_reg[2]/CLR
                            (removal check against rising-edge clock sys_clk  {rise@0.000ns fall@10.000ns period=20.000ns})
  Path Group:             **async_default**
  Path Type:              Removal (Min at Fast Process Corner)
  Requirement:            0.000ns  (sys_clk rise@0.000ns - sys_clk rise@0.000ns)
  Data Path Delay:        0.818ns  (logic 0.246ns (30.061%)  route 0.572ns (69.939%))
  Logic Levels:           1  (LUT1=1)
  Clock Path Skew:        0.036ns (DCD - SCD - CPR)
    Destination Clock Delay (DCD):    -0.344ns
    Source Clock Delay      (SCD):    -0.572ns
    Clock Pessimism Removal (CPR):    0.192ns

    Location             Delay type                Incr(ns)  Path(ns)    Netlist Resource(s)
  -------------------------------------------------------------------    -------------------
                         (clock sys_clk rise edge)    0.000     0.000 r  
    K21                                               0.000     0.000 r  clk (IN)
                         net (fo=0)                   0.000     0.000    pll_clk.u_clk_pll/inst/clk_in1
    K21                  IBUF (Prop_ibuf_I_O)         0.231     0.231 r  pll_clk.u_clk_pll/inst/clkin1_ibufg/O
                         net (fo=1, routed)           0.440     0.671    pll_clk.u_clk_pll/inst/clk_in1_clk_pll
    PLLE2_ADV_X0Y3       PLLE2_ADV (Prop_plle2_adv_CLKIN1_CLKOUT1)
                                                     -2.520    -1.848 r  pll_clk.u_clk_pll/inst/plle2_adv_inst/CLKOUT1
                         net (fo=1, routed)           0.560    -1.289    pll_clk.u_clk_pll/inst/sys_clk_clk_pll
    BUFGCTRL_X0Y17       BUFG (Prop_bufg_I_O)         0.026    -1.263 r  pll_clk.u_clk_pll/inst/clkout2_buf/O
                         net (fo=1121, routed)        0.690    -0.572    u_axi_cdc/awFifo/bufferCC_12/sys_clk
    SLICE_X10Y66         FDCE                                         r  u_axi_cdc/awFifo/bufferCC_12/buffers_1_reg/C
  -------------------------------------------------------------------    -------------------
    SLICE_X10Y66         FDCE (Prop_fdce_C_Q)         0.148    -0.424 r  u_axi_cdc/awFifo/bufferCC_12/buffers_1_reg/Q
                         net (fo=1, routed)           0.286    -0.138    u_axi_cdc/awFifo/bufferCC_12/buffers_1
    SLICE_X10Y66         LUT1 (Prop_lut1_I0_O)        0.098    -0.040 f  u_axi_cdc/awFifo/bufferCC_12/popCC_popPtr[2]_i_2__0/O
                         net (fo=43, routed)          0.286     0.246    u_axi_cdc/arFifo/buffers_0_reg[2]
    SLICE_X14Y66         FDCE                                         f  u_axi_cdc/arFifo/popCC_ptrToPush_reg[2]/CLR
  -------------------------------------------------------------------    -------------------

                         (clock sys_clk rise edge)    0.000     0.000 r  
    K21                                               0.000     0.000 r  clk (IN)
                         net (fo=0)                   0.000     0.000    pll_clk.u_clk_pll/inst/clk_in1
    K21                  IBUF (Prop_ibuf_I_O)         0.419     0.419 r  pll_clk.u_clk_pll/inst/clkin1_ibufg/O
                         net (fo=1, routed)           0.481     0.900    pll_clk.u_clk_pll/inst/clk_in1_clk_pll
    PLLE2_ADV_X0Y3       PLLE2_ADV (Prop_plle2_adv_CLKIN1_CLKOUT1)
                                                     -2.847    -1.947 r  pll_clk.u_clk_pll/inst/plle2_adv_inst/CLKOUT1
                         net (fo=1, routed)           0.611    -1.337    pll_clk.u_clk_pll/inst/sys_clk_clk_pll
    BUFGCTRL_X0Y17       BUFG (Prop_bufg_I_O)         0.029    -1.308 r  pll_clk.u_clk_pll/inst/clkout2_buf/O
                         net (fo=1121, routed)        0.964    -0.344    u_axi_cdc/arFifo/sys_clk
    SLICE_X14Y66         FDCE                                         r  u_axi_cdc/arFifo/popCC_ptrToPush_reg[2]/C
                         clock pessimism             -0.192    -0.536    
    SLICE_X14Y66         FDCE (Remov_fdce_C_CLR)     -0.067    -0.603    u_axi_cdc/arFifo/popCC_ptrToPush_reg[2]
  -------------------------------------------------------------------
                         required time                          0.603    
                         arrival time                           0.246    
  -------------------------------------------------------------------
                         slack                                  0.849    





